Send,Receive,diff,Diff 2,time error
2018-10-02T16:57:31.633,2018-10-02T16:57:32.237,0.604,0.604,-0.094 -0.081
2018-10-02T16:57:32.700,2018-10-02T16:57:32.845,0.145,0.145,-0.094 -0.081
2018-10-02T16:57:33.738,2018-10-02T16:57:34.147,0.409,0.409,-0.094 -0.081
2018-10-02T16:57:34.776,2018-10-02T16:57:35.096,0.32,0.32,-0.094 -0.081
2018-10-02T16:57:35.813,2018-10-02T16:57:36.059,0.246,0.246,-0.094 -0.081
2018-10-02T16:57:36.837,2018-10-02T16:57:37.011,0.174,0.174,-0.094 -0.081
2018-10-02T16:57:37.862,2018-10-02T16:57:38.286,0.424,0.424,-0.094 -0.081
2018-10-02T16:57:38.886,2018-10-02T16:57:39.559,0.673,0.673,-0.094 -0.081
2018-10-02T16:57:39.908,2018-10-02T16:57:40.440,0.532,0.532,-0.094 -0.081
2018-10-02T16:57:40.933,2018-10-02T16:57:41.140,0.207,0.207,-0.094 -0.081
2018-10-02T16:57:41.956,2018-10-02T16:57:42.143,0.187,0.187,-0.094 -0.081
2018-10-02T16:57:42.993,2018-10-02T16:57:43.403,0.41,0.41,-0.094 -0.081
2018-10-02T16:57:44.016,2018-10-02T16:57:44.700,0.684,0.684,-0.094 -0.081
2018-10-02T16:57:45.040,2018-10-02T16:57:45.325,0.285,0.285,-0.094 -0.081
2018-10-02T16:57:46.064,2018-10-02T16:57:46.298,0.234,0.234,-0.094 -0.081
2018-10-02T16:57:47.087,2018-10-02T16:57:47.228,0.141,0.141,-0.094 -0.081
2018-10-02T16:57:48.110,2018-10-02T16:57:48.525,0.415,0.415,-0.094 -0.081
2018-10-02T16:57:49.135,2018-10-02T16:57:49.793,0.658,0.658,-0.094 -0.081
2018-10-02T16:57:50.161,2018-10-02T16:57:50.317,0.156,0.156,-0.094 -0.081
2018-10-02T16:57:51.182,2018-10-02T16:57:51.411,0.229,0.229,-0.094 -0.081
2018-10-02T16:57:52.221,2018-10-02T16:57:52.368,0.147,0.147,-0.094 -0.081
2018-10-02T16:57:53.248,2018-10-02T16:57:53.640,0.392,0.392,-0.094 -0.081
2018-10-02T16:57:54.272,2018-10-02T16:57:54.625,0.353,0.353,-0.094 -0.081
2018-10-02T16:57:55.306,2018-10-02T16:57:55.565,0.259,0.259,-0.094 -0.081
2018-10-02T16:57:56.331,2018-10-02T16:57:56.538,0.207,0.207,-0.094 -0.081
2018-10-02T16:57:57.353,2018-10-02T16:57:57.817,0.464,0.464,-0.094 -0.081
2018-10-02T16:57:58.375,2018-10-02T16:57:58.542,0.167,0.167,-0.094 -0.081
2018-10-02T16:57:59.403,2018-10-02T16:58:00.043,0.64,0.64,-0.094 -0.081
2018-10-02T16:58:00.436,2018-10-02T16:58:00.559,0.123,0.123,-0.094 -0.081
2018-10-02T16:58:01.458,2018-10-02T16:58:01.654,0.196,0.196,-0.094 -0.081
2018-10-02T16:58:02.482,2018-10-02T16:58:02.937,0.455,0.455,-0.094 -0.081
2018-10-02T16:58:03.508,2018-10-02T16:58:03.888,0.38,0.38,-0.094 -0.081
2018-10-02T16:58:04.534,2018-10-02T16:58:04.859,0.325,0.325,-0.094 -0.081
2018-10-02T16:58:05.557,2018-10-02T16:58:05.800,0.243,0.243,-0.094 -0.081
2018-10-02T16:58:06.580,2018-10-02T16:58:07.080,0.5,0.5,-0.094 -0.081
2018-10-02T16:58:07.602,2018-10-02T16:58:08.034,0.432,0.432,-0.094 -0.081
2018-10-02T16:58:08.640,2018-10-02T16:58:09.020,0.38,0.38,-0.094 -0.081
2018-10-02T16:58:09.662,2018-10-02T16:58:09.963,0.301,0.301,-0.094 -0.081
2018-10-02T16:58:10.686,2018-10-02T16:58:10.925,0.239,0.239,-0.094 -0.081
2018-10-02T16:58:11.713,2018-10-02T16:58:11.878,0.165,0.165,-0.094 -0.081
2018-10-02T16:58:12.735,2018-10-02T16:58:13.175,0.44,0.44,-0.094 -0.081
2018-10-02T16:58:13.771,2018-10-02T16:58:14.116,0.345,0.345,-0.094 -0.081
2018-10-02T16:58:14.808,2018-10-02T16:58:15.091,0.283,0.283,-0.094 -0.081
2018-10-02T16:58:15.941,2018-10-02T16:58:16.367,0.426,0.426,-0.094 -0.081
2018-10-02T16:58:16.969,2018-10-02T16:58:17.341,0.372,0.372,-0.094 -0.081
2018-10-02T16:58:18.003,2018-10-02T16:58:18.287,0.284,0.284,-0.094 -0.081
2018-10-02T16:58:19.041,2018-10-02T16:58:19.249,0.208,0.208,-0.094 -0.081
2018-10-02T16:58:20.092,2018-10-02T16:58:20.532,0.44,0.44,-0.094 -0.081
2018-10-02T16:58:21.126,2018-10-02T16:58:21.494,0.368,0.368,-0.094 -0.081
2018-10-02T16:58:22.155,2018-10-02T16:58:22.763,0.608,0.608,-0.094 -0.081
2018-10-02T16:58:23.195,2018-10-02T16:58:23.331,0.136,0.136,-0.094 -0.081
2018-10-02T16:58:24.219,2018-10-02T16:58:24.357,0.138,0.138,-0.094 -0.081
2018-10-02T16:58:25.243,2018-10-02T16:58:25.666,0.423,0.423,-0.094 -0.081
2018-10-02T16:58:26.265,2018-10-02T16:58:26.597,0.332,0.332,-0.094 -0.081
2018-10-02T16:58:27.302,2018-10-02T16:58:27.579,0.277,0.277,-0.094 -0.081
2018-10-02T16:58:28.328,2018-10-02T16:58:28.838,0.51,0.51,-0.094 -0.081
2018-10-02T16:58:29.361,2018-10-02T16:58:29.483,0.122,0.122,-0.094 -0.081
2018-10-02T16:58:30.385,2018-10-02T16:58:30.771,0.386,0.386,-0.094 -0.081
2018-10-02T16:58:31.412,2018-10-02T16:58:31.759,0.347,0.347,-0.094 -0.081
2018-10-02T16:58:32.442,2018-10-02T16:58:32.685,0.243,0.243,-0.094 -0.081
2018-10-02T16:58:33.480,2018-10-02T16:58:33.970,0.49,0.49,-0.094 -0.081
2018-10-02T16:58:34.557,2018-10-02T16:58:34.917,0.36,0.36,-0.094 -0.081
2018-10-02T16:58:35.584,2018-10-02T16:58:35.902,0.318,0.318,-0.094 -0.081
2018-10-02T16:58:36.620,2018-10-02T16:58:37.154,0.534,0.534,-0.094 -0.081
2018-10-02T16:58:37.646,2018-10-02T16:58:37.815,0.169,0.169,-0.094 -0.081
2018-10-02T16:58:38.682,2018-10-02T16:58:39.070,0.388,0.388,-0.094 -0.081
2018-10-02T16:58:39.741,2018-10-02T16:58:40.061,0.32,0.32,-0.094 -0.081
2018-10-02T16:58:40.764,2018-10-02T16:58:41.007,0.243,0.243,-0.094 -0.081
2018-10-02T16:58:41.799,2018-10-02T16:58:42.021,0.222,0.222,-0.094 -0.081
2018-10-02T16:58:42.823,2018-10-02T16:58:42.950,0.127,0.127,-0.094 -0.081
2018-10-02T16:58:43.850,2018-10-02T16:58:44.218,0.368,0.368,-0.094 -0.081
2018-10-02T16:58:44.874,2018-10-02T16:58:45.169,0.295,0.295,-0.094 -0.081
2018-10-02T16:58:45.901,2018-10-02T16:58:46.147,0.246,0.246,-0.094 -0.081
2018-10-02T16:58:46.926,2018-10-02T16:58:47.079,0.153,0.153,-0.094 -0.081
2018-10-02T16:58:47.954,2018-10-02T16:58:48.380,0.426,0.426,-0.094 -0.081
2018-10-02T16:58:48.987,2018-10-02T16:58:49.321,0.334,0.334,-0.094 -0.081
2018-10-02T16:58:50.032,2018-10-02T16:58:50.299,0.267,0.267,-0.094 -0.081
2018-10-02T16:58:51.102,2018-10-02T16:58:51.565,0.463,0.463,-0.094 -0.081
2018-10-02T16:58:52.136,2018-10-02T16:58:52.545,0.409,0.409,-0.094 -0.081
2018-10-02T16:58:53.166,2018-10-02T16:58:53.481,0.315,0.315,-0.094 -0.081
2018-10-02T16:58:54.193,2018-10-02T16:58:54.459,0.266,0.266,-0.094 -0.081
2018-10-02T16:58:55.235,2018-10-02T16:58:56.059,0.824,0.824,-0.094 -0.081
2018-10-02T16:58:56.257,2018-10-02T16:58:56.430,0.173,0.173,-0.094 -0.081
2018-10-02T16:58:57.296,2018-10-02T16:58:57.641,0.345,0.345,-0.094 -0.081
2018-10-02T16:58:58.324,2018-10-02T16:58:58.620,0.296,0.296,-0.094 -0.081
2018-10-02T16:58:59.351,2018-10-02T16:58:59.563,0.212,0.212,-0.094 -0.081
2018-10-02T16:59:00.378,2018-10-02T16:59:00.541,0.163,0.163,-0.094 -0.081
2018-10-02T16:59:01.404,2018-10-02T16:59:01.808,0.404,0.404,-0.094 -0.081
2018-10-02T16:59:02.432,2018-10-02T16:59:02.783,0.351,0.351,-0.094 -0.081
2018-10-02T16:59:03.457,2018-10-02T16:59:03.729,0.272,0.272,-0.094 -0.081
2018-10-02T16:59:04.489,2018-10-02T16:59:04.701,0.212,0.212,-0.094 -0.081
2018-10-02T16:59:05.513,2018-10-02T16:59:05.637,0.124,0.124,-0.094 -0.081
2018-10-02T16:59:06.534,2018-10-02T16:59:06.957,0.423,0.423,-0.094 -0.081
2018-10-02T16:59:07.557,2018-10-02T16:59:07.875,0.318,0.318,-0.094 -0.081
2018-10-02T16:59:08.581,2018-10-02T16:59:08.861,0.28,0.28,-0.094 -0.081
2018-10-02T16:59:09.606,2018-10-02T16:59:09.811,0.205,0.205,-0.094 -0.081
2018-10-02T16:59:10.632,2018-10-02T16:59:10.763,0.131,0.131,-0.094 -0.081
2018-10-02T16:59:11.658,2018-10-02T16:59:12.042,0.384,0.384,-0.094 -0.081
2018-10-02T16:59:12.683,2018-10-02T16:59:13.031,0.348,0.348,-0.094 -0.081
2018-10-02T16:59:13.710,2018-10-02T16:59:14.279,0.569,0.569,-0.094 -0.081
2018-10-02T16:59:14.742,2018-10-02T16:59:15.263,0.521,0.521,-0.094 -0.081
2018-10-02T16:59:15.800,2018-10-02T16:59:16.203,0.403,0.403,-0.094 -0.081
2018-10-02T16:59:16.822,2018-10-02T16:59:17.018,0.196,0.196,-0.094 -0.081
2018-10-02T16:59:17.848,2018-10-02T16:59:18.119,0.271,0.271,-0.094 -0.081
2018-10-02T16:59:18.886,2018-10-02T16:59:19.109,0.223,0.223,-0.094 -0.081
2018-10-02T16:59:19.914,2018-10-02T16:59:20.034,0.12,0.12,-0.094 -0.081
2018-10-02T16:59:20.939,2018-10-02T16:59:21.320,0.381,0.381,-0.094 -0.081
2018-10-02T16:59:21.961,2018-10-02T16:59:22.280,0.319,0.319,-0.094 -0.081
2018-10-02T16:59:22.985,2018-10-02T16:59:23.256,0.271,0.271,-0.094 -0.081
2018-10-02T16:59:24.013,2018-10-02T16:59:24.197,0.184,0.184,-0.094 -0.081
2018-10-02T16:59:25.040,2018-10-02T16:59:25.183,0.143,0.143,-0.094 -0.081
2018-10-02T16:59:26.068,2018-10-02T16:59:26.438,0.37,0.37,-0.094 -0.081
2018-10-02T16:59:27.098,2018-10-02T16:59:27.437,0.339,0.339,-0.094 -0.081
2018-10-02T16:59:28.121,2018-10-02T16:59:28.355,0.234,0.234,-0.094 -0.081
2018-10-02T16:59:29.143,2018-10-02T16:59:29.669,0.526,0.526,-0.094 -0.081
2018-10-02T16:59:30.170,2018-10-02T16:59:30.615,0.445,0.445,-0.094 -0.081
2018-10-02T16:59:31.194,2018-10-02T16:59:31.343,0.149,0.149,-0.094 -0.081
2018-10-02T16:59:32.221,2018-10-02T16:59:32.526,0.305,0.305,-0.094 -0.081
2018-10-02T16:59:33.270,2018-10-02T16:59:33.491,0.221,0.221,-0.094 -0.081
2018-10-02T16:59:34.295,2018-10-02T16:59:34.423,0.128,0.128,-0.094 -0.081
2018-10-02T16:59:35.326,2018-10-02T16:59:35.748,0.422,0.422,-0.094 -0.081
2018-10-02T16:59:36.355,2018-10-02T16:59:37.005,0.65,0.65,-0.094 -0.081
2018-10-02T16:59:37.382,2018-10-02T16:59:37.525,0.143,0.143,-0.094 -0.081
2018-10-02T16:59:38.405,2018-10-02T16:59:38.603,0.198,0.198,-0.094 -0.081
2018-10-02T16:59:39.433,2018-10-02T16:59:39.565,0.132,0.132,-0.094 -0.081
2018-10-02T16:59:40.457,2018-10-02T16:59:40.836,0.379,0.379,-0.094 -0.081
2018-10-02T16:59:41.482,2018-10-02T16:59:41.812,0.33,0.33,-0.094 -0.081
2018-10-02T16:59:42.506,2018-10-02T16:59:42.769,0.263,0.263,-0.094 -0.081
2018-10-02T16:59:43.529,2018-10-02T16:59:43.757,0.228,0.228,-0.094 -0.081
2018-10-02T16:59:44.552,2018-10-02T16:59:45.331,0.779,0.779,-0.094 -0.081
2018-10-02T16:59:45.586,2018-10-02T16:59:45.723,0.137,0.137,-0.094 -0.081
2018-10-02T16:59:46.611,2018-10-02T16:59:46.921,0.31,0.31,-0.094 -0.081
2018-10-02T16:59:47.635,2018-10-02T16:59:47.889,0.254,0.254,-0.094 -0.081
2018-10-02T16:59:48.661,2018-10-02T16:59:48.849,0.188,0.188,-0.094 -0.081
2018-10-02T16:59:49.694,2018-10-02T16:59:50.144,0.45,0.45,-0.094 -0.081
2018-10-02T16:59:50.726,2018-10-02T16:59:51.078,0.352,0.352,-0.094 -0.081
2018-10-02T16:59:51.755,2018-10-02T16:59:52.369,0.614,0.614,-0.094 -0.081
2018-10-02T16:59:52.779,2018-10-02T16:59:53.002,0.223,0.223,-0.094 -0.081
2018-10-02T16:59:53.805,2018-10-02T16:59:53.969,0.164,0.164,-0.094 -0.081
2018-10-02T16:59:54.830,2018-10-02T16:59:55.249,0.419,0.419,-0.094 -0.081
2018-10-02T16:59:55.854,2018-10-02T16:59:56.231,0.377,0.377,-0.094 -0.081
2018-10-02T16:59:56.886,2018-10-02T16:59:57.149,0.263,0.263,-0.094 -0.081
2018-10-02T16:59:57.918,2018-10-02T16:59:58.130,0.212,0.212,-0.094 -0.081
2018-10-02T16:59:58.946,2018-10-02T16:59:59.083,0.137,0.137,-0.094 -0.081
2018-10-02T16:59:59.971,2018-10-02T17:00:00.699,0.728,0.728,-0.094 -0.081
2018-10-02T17:00:01.031,2018-10-02T17:00:01.337,0.306,0.306,-0.094 -0.081
2018-10-02T17:00:02.055,2018-10-02T17:00:02.300,0.245,0.245,-0.094 -0.081
2018-10-02T17:00:03.087,2018-10-02T17:00:03.240,0.153,0.153,-0.094 -0.081
2018-10-02T17:00:04.112,2018-10-02T17:00:04.303,0.191,0.191,-0.094 -0.081
2018-10-02T17:00:05.140,2018-10-02T17:00:05.490,0.35,0.35,-0.094 -0.081
2018-10-02T17:00:06.166,2018-10-02T17:00:06.448,0.282,0.282,-0.094 -0.081
2018-10-02T17:00:07.192,2018-10-02T17:00:07.413,0.221,0.221,-0.094 -0.081
2018-10-02T17:00:08.218,2018-10-02T17:00:08.381,0.163,0.163,-0.094 -0.081
2018-10-02T17:00:09.241,2018-10-02T17:00:09.658,0.417,0.417,-0.094 -0.081
2018-10-02T17:00:10.267,2018-10-02T17:00:10.490,0.223,0.223,-0.094 -0.081
2018-10-02T17:00:11.307,2018-10-02T17:00:11.474,0.167,0.167,-0.094 -0.081
2018-10-02T17:00:12.338,2018-10-02T17:00:12.476,0.138,0.138,-0.094 -0.081
2018-10-02T17:00:13.379,2018-10-02T17:00:13.796,0.417,0.417,-0.094 -0.081
2018-10-02T17:00:14.403,2018-10-02T17:00:14.753,0.35,0.35,-0.094 -0.081
2018-10-02T17:00:15.431,2018-10-02T17:00:15.717,0.286,0.286,-0.094 -0.081
2018-10-02T17:00:16.454,2018-10-02T17:00:16.666,0.212,0.212,-0.094 -0.081
2018-10-02T17:00:17.478,2018-10-02T17:00:17.955,0.477,0.477,-0.094 -0.081
2018-10-02T17:00:18.506,2018-10-02T17:00:18.911,0.405,0.405,-0.094 -0.081
2018-10-02T17:00:19.535,2018-10-02T17:00:19.889,0.354,0.354,-0.094 -0.081
2018-10-02T17:00:20.571,2018-10-02T17:00:20.852,0.281,0.281,-0.094 -0.081
2018-10-02T17:00:21.598,2018-10-02T17:00:21.821,0.223,0.223,-0.094 -0.081
2018-10-02T17:00:22.639,2018-10-02T17:00:22.758,0.119,0.119,-0.094 -0.081
2018-10-02T17:00:23.663,2018-10-02T17:00:24.036,0.373,0.373,-0.094 -0.081
2018-10-02T17:00:24.691,2018-10-02T17:00:24.990,0.299,0.299,-0.094 -0.081
2018-10-02T17:00:25.717,2018-10-02T17:00:25.972,0.255,0.255,-0.094 -0.081
2018-10-02T17:00:26.745,2018-10-02T17:00:26.925,0.18,0.18,-0.094 -0.081
2018-10-02T17:00:27.772,2018-10-02T17:00:28.225,0.453,0.453,-0.094 -0.081
2018-10-02T17:00:28.799,2018-10-02T17:00:29.162,0.363,0.363,-0.094 -0.081
2018-10-02T17:00:29.825,2018-10-02T17:00:30.136,0.311,0.311,-0.094 -0.081
2018-10-02T17:00:30.860,2018-10-02T17:00:31.411,0.551,0.551,-0.094 -0.081
2018-10-02T17:00:31.886,2018-10-02T17:00:32.064,0.178,0.178,-0.094 -0.081
2018-10-02T17:00:32.912,2018-10-02T17:00:33.336,0.424,0.424,-0.094 -0.081
2018-10-02T17:00:33.939,2018-10-02T17:00:34.053,0.114,0.114,-0.094 -0.081
2018-10-02T17:00:34.964,2018-10-02T17:00:35.237,0.273,0.273,-0.094 -0.081
2018-10-02T17:00:35.996,2018-10-02T17:00:36.205,0.209,0.209,-0.094 -0.081
2018-10-02T17:00:37.021,2018-10-02T17:00:37.166,0.145,0.145,-0.094 -0.081
2018-10-02T17:00:38.044,2018-10-02T17:00:38.466,0.422,0.422,-0.094 -0.081
2018-10-02T17:00:39.067,2018-10-02T17:00:39.180,0.113,0.113,-0.094 -0.081
2018-10-02T17:00:40.092,2018-10-02T17:00:40.371,0.279,0.279,-0.094 -0.081
2018-10-02T17:00:41.120,2018-10-02T17:00:41.329,0.209,0.209,-0.094 -0.081
2018-10-02T17:00:42.145,2018-10-02T17:00:42.626,0.481,0.481,-0.094 -0.081
2018-10-02T17:00:43.169,2018-10-02T17:00:43.617,0.448,0.448,-0.094 -0.081
2018-10-02T17:00:44.199,2018-10-02T17:00:44.538,0.339,0.339,-0.094 -0.081
2018-10-02T17:00:45.227,2018-10-02T17:00:45.478,0.251,0.251,-0.094 -0.081
2018-10-02T17:00:46.252,2018-10-02T17:00:46.759,0.507,0.507,-0.094 -0.081
2018-10-02T17:00:47.279,2018-10-02T17:00:47.405,0.126,0.126,-0.094 -0.081
2018-10-02T17:00:48.309,2018-10-02T17:00:48.691,0.382,0.382,-0.094 -0.081
2018-10-02T17:00:49.335,2018-10-02T17:00:49.961,0.626,0.626,-0.094 -0.081
2018-10-02T17:00:50.361,2018-10-02T17:00:50.558,0.197,0.197,-0.094 -0.081
2018-10-02T17:00:51.386,2018-10-02T17:00:51.555,0.169,0.169,-0.094 -0.081
2018-10-02T17:00:52.411,2018-10-02T17:00:52.878,0.467,0.467,-0.094 -0.081
2018-10-02T17:00:53.496,2018-10-02T17:00:53.805,0.309,0.309,-0.094 -0.081
2018-10-02T17:00:54.520,2018-10-02T17:00:54.780,0.26,0.26,-0.094 -0.081
2018-10-02T17:00:55.549,2018-10-02T17:00:55.723,0.174,0.174,-0.094 -0.081
2018-10-02T17:00:56.577,2018-10-02T17:00:57.024,0.447,0.447,-0.094 -0.081
2018-10-02T17:00:57.606,2018-10-02T17:00:57.954,0.348,0.348,-0.094 -0.081
2018-10-02T17:00:58.675,2018-10-02T17:00:58.921,0.246,0.246,-0.094 -0.081
2018-10-02T17:00:59.700,2018-10-02T17:00:59.876,0.176,0.176,-0.094 -0.081
2018-10-02T17:01:00.759,2018-10-02T17:01:01.189,0.43,0.43,-0.094 -0.081
2018-10-02T17:01:01.783,2018-10-02T17:01:02.120,0.337,0.337,-0.094 -0.081
2018-10-02T17:01:02.823,2018-10-02T17:01:03.426,0.603,0.603,-0.094 -0.081
2018-10-02T17:01:03.850,2018-10-02T17:01:04.030,0.18,0.18,-0.094 -0.081
2018-10-02T17:01:04.882,2018-10-02T17:01:05.020,0.138,0.138,-0.094 -0.081
2018-10-02T17:01:05.907,2018-10-02T17:01:06.281,0.374,0.374,-0.094 -0.081
2018-10-02T17:01:06.933,2018-10-02T17:01:07.259,0.326,0.326,-0.094 -0.081
2018-10-02T17:01:07.958,2018-10-02T17:01:08.201,0.243,0.243,-0.094 -0.081
2018-10-02T17:01:08.982,2018-10-02T17:01:09.169,0.187,0.187,-0.094 -0.081
2018-10-02T17:01:10.007,2018-10-02T17:01:10.446,0.439,0.439,-0.094 -0.081
2018-10-02T17:01:11.030,2018-10-02T17:01:11.415,0.385,0.385,-0.094 -0.081
2018-10-02T17:01:12.055,2018-10-02T17:01:12.353,0.298,0.298,-0.094 -0.081
2018-10-02T17:01:13.081,2018-10-02T17:01:13.337,0.256,0.256,-0.094 -0.081
2018-10-02T17:01:14.107,2018-10-02T17:01:14.273,0.166,0.166,-0.094 -0.081
2018-10-02T17:01:15.133,2018-10-02T17:01:15.589,0.456,0.456,-0.094 -0.081
2018-10-02T17:01:16.158,2018-10-02T17:01:16.270,0.112,0.112,-0.094 -0.081
2018-10-02T17:01:17.181,2018-10-02T17:01:17.493,0.312,0.312,-0.094 -0.081
2018-10-02T17:01:18.203,2018-10-02T17:01:18.440,0.237,0.237,-0.094 -0.081
2018-10-02T17:01:19.240,2018-10-02T17:01:19.413,0.173,0.173,-0.094 -0.081
2018-10-02T17:01:20.266,2018-10-02T17:01:20.686,0.42,0.42,-0.094 -0.081
2018-10-02T17:01:21.291,2018-10-02T17:01:21.427,0.136,0.136,-0.094 -0.081
2018-10-02T17:01:22.317,2018-10-02T17:01:22.939,0.622,0.622,-0.094 -0.081
2018-10-02T17:01:23.346,2018-10-02T17:01:23.525,0.179,0.179,-0.094 -0.081
2018-10-02T17:01:24.370,2018-10-02T17:01:24.856,0.486,0.486,-0.094 -0.081
2018-10-02T17:01:25.395,2018-10-02T17:01:25.584,0.189,0.189,-0.094 -0.081
2018-10-02T17:01:26.421,2018-10-02T17:01:26.786,0.365,0.365,-0.094 -0.081
2018-10-02T17:01:27.445,2018-10-02T17:01:27.737,0.292,0.292,-0.094 -0.081
2018-10-02T17:01:28.471,2018-10-02T17:01:28.689,0.218,0.218,-0.094 -0.081
2018-10-02T17:01:29.501,2018-10-02T17:01:29.663,0.162,0.162,-0.094 -0.081
2018-10-02T17:01:30.528,2018-10-02T17:01:30.932,0.404,0.404,-0.094 -0.081
2018-10-02T17:01:31.557,2018-10-02T17:01:32.233,0.676,0.676,-0.094 -0.081
2018-10-02T17:01:32.583,2018-10-02T17:01:32.853,0.27,0.27,-0.094 -0.081
2018-10-02T17:01:33.607,2018-10-02T17:01:33.829,0.222,0.222,-0.094 -0.081
2018-10-02T17:01:34.634,2018-10-02T17:01:35.094,0.46,0.46,-0.094 -0.081
2018-10-02T17:01:35.658,2018-10-02T17:01:36.069,0.411,0.411,-0.094 -0.081
2018-10-02T17:01:36.683,2018-10-02T17:01:37.004,0.321,0.321,-0.094 -0.081
2018-10-02T17:01:37.709,2018-10-02T17:01:37.984,0.275,0.275,-0.094 -0.081
2018-10-02T17:01:38.736,2018-10-02T17:01:38.927,0.191,0.191,-0.094 -0.081
2018-10-02T17:01:39.762,2018-10-02T17:01:39.969,0.207,0.207,-0.094 -0.081
2018-10-02T17:01:40.787,2018-10-02T17:01:41.164,0.377,0.377,-0.094 -0.081
2018-10-02T17:01:41.813,2018-10-02T17:01:42.140,0.327,0.327,-0.094 -0.081
2018-10-02T17:01:42.837,2018-10-02T17:01:43.072,0.235,0.235,-0.094 -0.081
2018-10-02T17:01:43.862,2018-10-02T17:01:43.963,0.101,0.101,-0.094 -0.081
2018-10-02T17:01:44.885,2018-10-02T17:01:44.993,0.108,0.108,-0.094 -0.081
2018-10-02T17:01:45.912,2018-10-02T17:01:46.283,0.371,0.371,-0.094 -0.081
2018-10-02T17:01:46.936,2018-10-02T17:01:47.578,0.642,0.642,-0.094 -0.081
2018-10-02T17:01:47.970,2018-10-02T17:01:48.126,0.156,0.156,-0.094 -0.081
2018-10-02T17:01:49.040,2018-10-02T17:01:49.144,0.104,0.104,-0.094 -0.081
2018-10-02T17:01:50.075,2018-10-02T17:01:50.766,0.691,0.691,-0.094 -0.081
2018-10-02T17:01:51.103,2018-10-02T17:01:51.229,0.126,0.126,-0.094 -0.081
2018-10-02T17:01:52.129,2018-10-02T17:01:52.351,0.222,0.222,-0.094 -0.081
2018-10-02T17:01:53.153,2018-10-02T17:01:53.649,0.496,0.496,-0.094 -0.081
2018-10-02T17:01:54.180,2018-10-02T17:01:54.377,0.197,0.197,-0.094 -0.081
2018-10-02T17:01:55.208,2018-10-02T17:01:55.897,0.689,0.689,-0.094 -0.081
2018-10-02T17:01:56.234,2018-10-02T17:01:56.362,0.128,0.128,-0.094 -0.081
2018-10-02T17:01:57.258,2018-10-02T17:01:57.468,0.21,0.21,-0.094 -0.081
2018-10-02T17:01:58.288,2018-10-02T17:01:58.445,0.157,0.157,-0.094 -0.081
2018-10-02T17:01:59.314,2018-10-02T17:01:59.736,0.422,0.422,-0.094 -0.081
2018-10-02T17:02:00.340,2018-10-02T17:02:00.474,0.134,0.134,-0.094 -0.081
2018-10-02T17:02:01.371,2018-10-02T17:02:01.634,0.263,0.263,-0.094 -0.081
2018-10-02T17:02:02.396,2018-10-02T17:02:02.599,0.203,0.203,-0.094 -0.081
2018-10-02T17:02:03.420,2018-10-02T17:02:03.875,0.455,0.455,-0.094 -0.081
2018-10-02T17:02:04.446,2018-10-02T17:02:04.604,0.158,0.158,-0.094 -0.081
2018-10-02T17:02:05.473,2018-10-02T17:02:05.801,0.328,0.328,-0.094 -0.081
2018-10-02T17:02:06.496,2018-10-02T17:02:06.774,0.278,0.278,-0.094 -0.081
2018-10-02T17:02:07.521,2018-10-02T17:02:08.047,0.526,0.526,-0.094 -0.081
2018-10-02T17:02:08.546,2018-10-02T17:02:08.684,0.138,0.138,-0.094 -0.081
2018-10-02T17:02:09.569,2018-10-02T17:02:09.970,0.401,0.401,-0.094 -0.081
2018-10-02T17:02:10.591,2018-10-02T17:02:10.913,0.322,0.322,-0.094 -0.081
2018-10-02T17:02:11.618,2018-10-02T17:02:11.884,0.266,0.266,-0.094 -0.081
2018-10-02T17:02:12.643,2018-10-02T17:02:12.851,0.208,0.208,-0.094 -0.081
2018-10-02T17:02:13.675,2018-10-02T17:02:14.428,0.753,0.753,-0.094 -0.081
2018-10-02T17:02:14.703,2018-10-02T17:02:14.835,0.132,0.132,-0.094 -0.081
2018-10-02T17:02:15.733,2018-10-02T17:02:15.843,0.11,0.11,-0.094 -0.081
2018-10-02T17:02:16.757,2018-10-02T17:02:16.890,0.133,0.133,-0.094 -0.081
2018-10-02T17:02:17.783,2018-10-02T17:02:17.901,0.118,0.118,-0.094 -0.081
2018-10-02T17:02:18.807,2018-10-02T17:02:18.930,0.123,0.123,-0.094 -0.081
2018-10-02T17:02:19.831,2018-10-02T17:02:20.199,0.368,0.368,-0.094 -0.081
2018-10-02T17:02:20.858,2018-10-02T17:02:21.168,0.31,0.31,-0.094 -0.081
2018-10-02T17:02:21.895,2018-10-02T17:02:22.120,0.225,0.225,-0.094 -0.081
2018-10-02T17:02:22.919,2018-10-02T17:02:23.075,0.156,0.156,-0.094 -0.081
2018-10-02T17:02:23.943,2018-10-02T17:02:24.357,0.414,0.414,-0.094 -0.081
2018-10-02T17:02:24.975,2018-10-02T17:02:25.092,0.117,0.117,-0.094 -0.081
2018-10-02T17:02:26.001,2018-10-02T17:02:26.273,0.272,0.272,-0.094 -0.081
2018-10-02T17:02:27.027,2018-10-02T17:02:27.243,0.216,0.216,-0.094 -0.081
2018-10-02T17:02:28.051,2018-10-02T17:02:28.841,0.79,0.79,-0.094 -0.081
2018-10-02T17:02:29.079,2018-10-02T17:02:29.222,0.143,0.143,-0.094 -0.081
2018-10-02T17:02:30.104,2018-10-02T17:02:30.286,0.182,0.182,-0.094 -0.081
2018-10-02T17:02:31.129,2018-10-02T17:02:31.392,0.263,0.263,-0.094 -0.081
2018-10-02T17:02:32.155,2018-10-02T17:02:32.351,0.196,0.196,-0.094 -0.081
2018-10-02T17:02:33.191,2018-10-02T17:02:33.348,0.157,0.157,-0.094 -0.081
2018-10-02T17:02:34.216,2018-10-02T17:02:34.617,0.401,0.401,-0.094 -0.081
2018-10-02T17:02:35.244,2018-10-02T17:02:35.898,0.654,0.654,-0.094 -0.081
2018-10-02T17:02:36.272,2018-10-02T17:02:36.525,0.253,0.253,-0.094 -0.081
2018-10-02T17:02:37.301,2018-10-02T17:02:37.470,0.169,0.169,-0.094 -0.081
2018-10-02T17:02:38.330,2018-10-02T17:02:38.787,0.457,0.457,-0.094 -0.081
2018-10-02T17:02:39.360,2018-10-02T17:02:39.501,0.141,0.141,-0.094 -0.081
2018-10-02T17:02:40.390,2018-10-02T17:02:40.677,0.287,0.287,-0.094 -0.081
2018-10-02T17:02:41.446,2018-10-02T17:02:41.970,0.524,0.524,-0.094 -0.081
2018-10-02T17:02:42.492,2018-10-02T17:02:42.609,0.117,0.117,-0.094 -0.081
2018-10-02T17:02:43.517,2018-10-02T17:02:43.900,0.383,0.383,-0.094 -0.081
2018-10-02T17:02:44.545,2018-10-02T17:02:44.831,0.286,0.286,-0.094 -0.081
2018-10-02T17:02:45.569,2018-10-02T17:02:45.804,0.235,0.235,-0.094 -0.081
2018-10-02T17:02:46.595,2018-10-02T17:02:46.752,0.157,0.157,-0.094 -0.081
2018-10-02T17:02:47.619,2018-10-02T17:02:47.733,0.114,0.114,-0.094 -0.081
2018-10-02T17:02:48.646,2018-10-02T17:02:49.003,0.357,0.357,-0.094 -0.081
2018-10-02T17:02:49.670,2018-10-02T17:02:49.969,0.299,0.299,-0.094 -0.081
2018-10-02T17:02:50.695,2018-10-02T17:02:50.922,0.227,0.227,-0.094 -0.081
2018-10-02T17:02:51.722,2018-10-02T17:02:51.894,0.172,0.172,-0.094 -0.081
2018-10-02T17:02:52.746,2018-10-02T17:02:53.156,0.41,0.41,-0.094 -0.081
2018-10-02T17:02:53.782,2018-10-02T17:02:54.141,0.359,0.359,-0.094 -0.081
2018-10-02T17:02:54.810,2018-10-02T17:02:55.080,0.27,0.27,-0.094 -0.081
2018-10-02T17:02:55.847,2018-10-02T17:02:56.063,0.216,0.216,-0.094 -0.081
2018-10-02T17:02:56.871,2018-10-02T17:02:57.324,0.453,0.453,-0.094 -0.081
2018-10-02T17:02:57.900,2018-10-02T17:02:58.061,0.161,0.161,-0.094 -0.081
2018-10-02T17:02:58.924,2018-10-02T17:02:59.239,0.315,0.315,-0.094 -0.081
2018-10-02T17:02:59.958,2018-10-02T17:03:00.209,0.251,0.251,-0.094 -0.081
2018-10-02T17:03:00.982,2018-10-02T17:03:01.148,0.166,0.166,-0.094 -0.081
2018-10-02T17:03:02.008,2018-10-02T17:03:02.136,0.128,0.128,-0.094 -0.081
2018-10-02T17:03:03.031,2018-10-02T17:03:03.416,0.385,0.385,-0.094 -0.081
2018-10-02T17:03:04.059,2018-10-02T17:03:04.389,0.33,0.33,-0.094 -0.081
2018-10-02T17:03:05.086,2018-10-02T17:03:05.316,0.23,0.23,-0.094 -0.081
2018-10-02T17:03:06.113,2018-10-02T17:03:06.299,0.186,0.186,-0.094 -0.081
2018-10-02T17:03:07.149,2018-10-02T17:03:07.556,0.407,0.407,-0.094 -0.081
2018-10-02T17:03:08.174,2018-10-02T17:03:08.521,0.347,0.347,-0.094 -0.081
2018-10-02T17:03:09.199,2018-10-02T17:03:09.503,0.304,0.304,-0.094 -0.081
2018-10-02T17:03:10.225,2018-10-02T17:03:10.440,0.215,0.215,-0.094 -0.081
2018-10-02T17:03:11.249,2018-10-02T17:03:11.397,0.148,0.148,-0.094 -0.081
2018-10-02T17:03:12.276,2018-10-02T17:03:12.690,0.414,0.414,-0.094 -0.081
2018-10-02T17:03:13.303,2018-10-02T17:03:13.630,0.327,0.327,-0.094 -0.081
2018-10-02T17:03:14.328,2018-10-02T17:03:14.614,0.286,0.286,-0.094 -0.081
2018-10-02T17:03:15.354,2018-10-02T17:03:15.557,0.203,0.203,-0.094 -0.081
2018-10-02T17:03:16.378,2018-10-02T17:03:16.529,0.151,0.151,-0.094 -0.081
2018-10-02T17:03:17.401,2018-10-02T17:03:17.817,0.416,0.416,-0.094 -0.081
2018-10-02T17:03:18.427,2018-10-02T17:03:18.776,0.349,0.349,-0.094 -0.081
2018-10-02T17:03:19.452,2018-10-02T17:03:19.717,0.265,0.265,-0.094 -0.081
2018-10-02T17:03:20.497,2018-10-02T17:03:20.675,0.178,0.178,-0.094 -0.081
2018-10-02T17:03:21.522,2018-10-02T17:03:21.660,0.138,0.138,-0.094 -0.081
2018-10-02T17:03:22.552,2018-10-02T17:03:23.255,0.703,0.703,-0.094 -0.081
2018-10-02T17:03:23.577,2018-10-02T17:03:23.717,0.14,0.14,-0.094 -0.081
2018-10-02T17:03:24.611,2018-10-02T17:03:24.845,0.234,0.234,-0.094 -0.081
2018-10-02T17:03:25.648,2018-10-02T17:03:25.792,0.144,0.144,-0.094 -0.081
2018-10-02T17:03:26.676,2018-10-02T17:03:27.071,0.395,0.395,-0.094 -0.081
2018-10-02T17:03:27.703,2018-10-02T17:03:28.039,0.336,0.336,-0.094 -0.081
2018-10-02T17:03:28.743,2018-10-02T17:03:29.013,0.27,0.27,-0.094 -0.081
2018-10-02T17:03:29.771,2018-10-02T17:03:29.961,0.19,0.19,-0.094 -0.081
2018-10-02T17:03:30.795,2018-10-02T17:03:30.932,0.137,0.137,-0.094 -0.081
2018-10-02T17:03:31.818,2018-10-02T17:03:32.199,0.381,0.381,-0.094 -0.081
2018-10-02T17:03:32.843,2018-10-02T17:03:33.031,0.188,0.188,-0.094 -0.081
2018-10-02T17:03:33.869,2018-10-02T17:03:34.115,0.246,0.246,-0.094 -0.081
2018-10-02T17:03:34.895,2018-10-02T17:03:35.085,0.19,0.19,-0.094 -0.081
2018-10-02T17:03:35.920,2018-10-02T17:03:36.371,0.451,0.451,-0.094 -0.081
2018-10-02T17:03:36.952,2018-10-02T17:03:37.085,0.133,0.133,-0.094 -0.081
2018-10-02T17:03:37.993,2018-10-02T17:03:38.281,0.288,0.288,-0.094 -0.081
2018-10-02T17:03:39.016,2018-10-02T17:03:39.267,0.251,0.251,-0.094 -0.081
2018-10-02T17:03:40.039,2018-10-02T17:03:40.198,0.159,0.159,-0.094 -0.081
2018-10-02T17:03:41.069,2018-10-02T17:03:41.662,0.593,0.593,-0.094 -0.081
2018-10-02T17:03:42.099,2018-10-02T17:03:42.449,0.35,0.35,-0.094 -0.081
2018-10-02T17:03:43.125,2018-10-02T17:03:43.759,0.634,0.634,-0.094 -0.081
2018-10-02T17:03:44.147,2018-10-02T17:03:44.280,0.133,0.133,-0.094 -0.081
2018-10-02T17:03:45.172,2018-10-02T17:03:45.315,0.143,0.143,-0.094 -0.081
2018-10-02T17:03:46.205,2018-10-02T17:03:46.609,0.404,0.404,-0.094 -0.081
2018-10-02T17:03:47.230,2018-10-02T17:03:47.563,0.333,0.333,-0.094 -0.081
2018-10-02T17:03:48.257,2018-10-02T17:03:48.511,0.254,0.254,-0.094 -0.081
2018-10-02T17:03:49.292,2018-10-02T17:03:49.806,0.514,0.514,-0.094 -0.081
2018-10-02T17:03:50.316,2018-10-02T17:03:50.438,0.122,0.122,-0.094 -0.081
2018-10-02T17:03:51.340,2018-10-02T17:03:51.727,0.387,0.387,-0.094 -0.081
2018-10-02T17:03:52.366,2018-10-02T17:03:52.675,0.309,0.309,-0.094 -0.081
2018-10-02T17:03:53.407,2018-10-02T17:03:53.640,0.233,0.233,-0.094 -0.081
2018-10-02T17:03:54.433,2018-10-02T17:03:54.590,0.157,0.157,-0.094 -0.081
2018-10-02T17:03:55.458,2018-10-02T17:03:55.887,0.429,0.429,-0.094 -0.081
2018-10-02T17:03:56.489,2018-10-02T17:03:56.831,0.342,0.342,-0.094 -0.081
2018-10-02T17:03:57.514,2018-10-02T17:03:57.803,0.289,0.289,-0.094 -0.081
2018-10-02T17:03:58.542,2018-10-02T17:03:58.763,0.221,0.221,-0.094 -0.081
2018-10-02T17:03:59.570,2018-10-02T17:03:59.741,0.171,0.171,-0.094 -0.081
2018-10-02T17:04:00.593,2018-10-02T17:04:00.998,0.405,0.405,-0.094 -0.081
2018-10-02T17:04:01.617,2018-10-02T17:04:01.956,0.339,0.339,-0.094 -0.081
2018-10-02T17:04:02.643,2018-10-02T17:04:02.926,0.283,0.283,-0.094 -0.081
2018-10-02T17:04:03.666,2018-10-02T17:04:03.890,0.224,0.224,-0.094 -0.081
2018-10-02T17:04:04.690,2018-10-02T17:04:04.821,0.131,0.131,-0.094 -0.081
2018-10-02T17:04:05.726,2018-10-02T17:04:06.142,0.416,0.416,-0.094 -0.081
2018-10-02T17:04:06.765,2018-10-02T17:04:07.070,0.305,0.305,-0.094 -0.081
2018-10-02T17:04:07.793,2018-10-02T17:04:08.042,0.249,0.249,-0.094 -0.081
2018-10-02T17:04:08.828,2018-10-02T17:04:09.001,0.173,0.173,-0.094 -0.081
2018-10-02T17:04:09.854,2018-10-02T17:04:10.293,0.439,0.439,-0.094 -0.081
2018-10-02T17:04:10.878,2018-10-02T17:04:11.223,0.345,0.345,-0.094 -0.081
2018-10-02T17:04:11.903,2018-10-02T17:04:12.209,0.306,0.306,-0.094 -0.081
2018-10-02T17:04:12.926,2018-10-02T17:04:13.155,0.229,0.229,-0.094 -0.081
2018-10-02T17:04:13.953,2018-10-02T17:04:14.136,0.183,0.183,-0.094 -0.081
2018-10-02T17:04:14.976,2018-10-02T17:04:15.389,0.413,0.413,-0.094 -0.081
2018-10-02T17:04:16.001,2018-10-02T17:04:16.350,0.349,0.349,-0.094 -0.081
2018-10-02T17:04:17.043,2018-10-02T17:04:17.316,0.273,0.273,-0.094 -0.081
2018-10-02T17:04:18.067,2018-10-02T17:04:18.285,0.218,0.218,-0.094 -0.081
2018-10-02T17:04:19.092,2018-10-02T17:04:19.568,0.476,0.476,-0.094 -0.081
2018-10-02T17:04:20.125,2018-10-02T17:04:20.288,0.163,0.163,-0.094 -0.081
2018-10-02T17:04:21.151,2018-10-02T17:04:21.482,0.331,0.331,-0.094 -0.081
2018-10-02T17:04:22.181,2018-10-02T17:04:22.770,0.589,0.589,-0.094 -0.081
2018-10-02T17:04:23.217,2018-10-02T17:04:23.377,0.16,0.16,-0.094 -0.081
2018-10-02T17:04:24.269,2018-10-02T17:04:24.687,0.418,0.418,-0.094 -0.081
2018-10-02T17:04:25.292,2018-10-02T17:04:25.624,0.332,0.332,-0.094 -0.081
2018-10-02T17:04:26.315,2018-10-02T17:04:26.602,0.287,0.287,-0.094 -0.081
2018-10-02T17:04:27.338,2018-10-02T17:04:27.545,0.207,0.207,-0.094 -0.081
2018-10-02T17:04:28.363,2018-10-02T17:04:28.521,0.158,0.158,-0.094 -0.081
2018-10-02T17:04:29.389,2018-10-02T17:04:29.775,0.386,0.386,-0.094 -0.081
2018-10-02T17:04:30.415,2018-10-02T17:04:30.764,0.349,0.349,-0.094 -0.081
2018-10-02T17:04:31.438,2018-10-02T17:04:31.709,0.271,0.271,-0.094 -0.081
2018-10-02T17:04:32.462,2018-10-02T17:04:33.009,0.547,0.547,-0.094 -0.081
2018-10-02T17:04:33.496,2018-10-02T17:04:33.620,0.124,0.124,-0.094 -0.081
2018-10-02T17:04:34.523,2018-10-02T17:04:34.924,0.401,0.401,-0.094 -0.081
2018-10-02T17:04:35.551,2018-10-02T17:04:35.879,0.328,0.328,-0.094 -0.081
2018-10-02T17:04:36.577,2018-10-02T17:04:36.844,0.267,0.267,-0.094 -0.081
2018-10-02T17:04:37.605,2018-10-02T17:04:37.790,0.185,0.185,-0.094 -0.081
2018-10-02T17:04:38.638,2018-10-02T17:04:38.765,0.127,0.127,-0.094 -0.081
2018-10-02T17:04:39.663,2018-10-02T17:04:40.035,0.372,0.372,-0.094 -0.081
2018-10-02T17:04:40.687,2018-10-02T17:04:41.018,0.331,0.331,-0.094 -0.081
2018-10-02T17:04:41.712,2018-10-02T17:04:41.961,0.249,0.249,-0.094 -0.081
2018-10-02T17:04:42.738,2018-10-02T17:04:42.924,0.186,0.186,-0.094 -0.081
2018-10-02T17:04:43.762,2018-10-02T17:04:44.536,0.774,0.774,-0.094 -0.081
2018-10-02T17:04:44.788,2018-10-02T17:04:44.909,0.121,0.121,-0.094 -0.081
2018-10-02T17:04:45.818,2018-10-02T17:04:46.125,0.307,0.307,-0.094 -0.081
2018-10-02T17:04:46.845,2018-10-02T17:04:47.072,0.227,0.227,-0.094 -0.081
2018-10-02T17:04:47.869,2018-10-02T17:04:48.029,0.16,0.16,-0.094 -0.081
2018-10-02T17:04:48.893,2018-10-02T17:04:49.341,0.448,0.448,-0.094 -0.081
2018-10-02T17:04:49.919,2018-10-02T17:04:50.290,0.371,0.371,-0.094 -0.081
2018-10-02T17:04:50.959,2018-10-02T17:04:51.569,0.61,0.61,-0.094 -0.081
2018-10-02T17:04:51.991,2018-10-02T17:04:52.199,0.208,0.208,-0.094 -0.081
2018-10-02T17:04:53.016,2018-10-02T17:04:53.161,0.145,0.145,-0.094 -0.081
2018-10-02T17:04:54.044,2018-10-02T17:04:54.428,0.384,0.384,-0.094 -0.081
2018-10-02T17:04:55.067,2018-10-02T17:04:55.248,0.181,0.181,-0.094 -0.081
2018-10-02T17:04:56.093,2018-10-02T17:04:56.355,0.262,0.262,-0.094 -0.081
2018-10-02T17:04:57.117,2018-10-02T17:04:57.317,0.2,0.2,-0.094 -0.081
2018-10-02T17:04:58.143,2018-10-02T17:04:58.603,0.46,0.46,-0.094 -0.081
2018-10-02T17:04:59.172,2018-10-02T17:04:59.593,0.421,0.421,-0.094 -0.081
2018-10-02T17:05:00.198,2018-10-02T17:05:00.502,0.304,0.304,-0.094 -0.081
2018-10-02T17:05:01.234,2018-10-02T17:05:01.487,0.253,0.253,-0.094 -0.081
2018-10-02T17:05:02.262,2018-10-02T17:05:02.429,0.167,0.167,-0.094 -0.081
2018-10-02T17:05:03.304,2018-10-02T17:05:03.737,0.433,0.433,-0.094 -0.081
2018-10-02T17:05:04.328,2018-10-02T17:05:04.662,0.334,0.334,-0.094 -0.081
2018-10-02T17:05:05.355,2018-10-02T17:05:05.968,0.613,0.613,-0.094 -0.081
2018-10-02T17:05:06.379,2018-10-02T17:05:06.583,0.204,0.204,-0.094 -0.081
2018-10-02T17:05:07.405,2018-10-02T17:05:07.556,0.151,0.151,-0.094 -0.081
2018-10-02T17:05:08.446,2018-10-02T17:05:08.847,0.401,0.401,-0.094 -0.081
2018-10-02T17:05:09.471,2018-10-02T17:05:09.802,0.331,0.331,-0.094 -0.081
2018-10-02T17:05:10.494,2018-10-02T17:05:10.755,0.261,0.261,-0.094 -0.081
2018-10-02T17:05:11.524,2018-10-02T17:05:11.738,0.214,0.214,-0.094 -0.081
2018-10-02T17:05:12.553,2018-10-02T17:05:12.997,0.444,0.444,-0.094 -0.081
2018-10-02T17:05:13.580,2018-10-02T17:05:13.967,0.387,0.387,-0.094 -0.081
2018-10-02T17:05:14.606,2018-10-02T17:05:14.904,0.298,0.298,-0.094 -0.081
2018-10-02T17:05:15.645,2018-10-02T17:05:15.888,0.243,0.243,-0.094 -0.081
2018-10-02T17:05:16.677,2018-10-02T17:05:16.821,0.144,0.144,-0.094 -0.081
2018-10-02T17:05:17.721,2018-10-02T17:05:18.137,0.416,0.416,-0.094 -0.081
2018-10-02T17:05:18.755,2018-10-02T17:05:19.059,0.304,0.304,-0.094 -0.081
2018-10-02T17:05:19.780,2018-10-02T17:05:20.040,0.26,0.26,-0.094 -0.081
2018-10-02T17:05:20.805,2018-10-02T17:05:20.989,0.184,0.184,-0.094 -0.081
2018-10-02T17:05:21.830,2018-10-02T17:05:21.966,0.136,0.136,-0.094 -0.081
2018-10-02T17:05:22.855,2018-10-02T17:05:23.244,0.389,0.389,-0.094 -0.081
2018-10-02T17:05:23.881,2018-10-02T17:05:24.188,0.307,0.307,-0.094 -0.081
2018-10-02T17:05:24.928,2018-10-02T17:05:25.480,0.552,0.552,-0.094 -0.081
2018-10-02T17:05:25.967,2018-10-02T17:05:26.080,0.113,0.113,-0.094 -0.081
2018-10-02T17:05:26.993,2018-10-02T17:05:27.710,0.717,0.717,-0.094 -0.081
2018-10-02T17:05:28.020,2018-10-02T17:05:28.162,0.142,0.142,-0.094 -0.081
2018-10-02T17:05:29.046,2018-10-02T17:05:29.321,0.275,0.275,-0.094 -0.081
2018-10-02T17:05:30.072,2018-10-02T17:05:30.295,0.223,0.223,-0.094 -0.081
2018-10-02T17:05:31.108,2018-10-02T17:05:31.231,0.123,0.123,-0.094 -0.081
2018-10-02T17:05:32.133,2018-10-02T17:05:32.559,0.426,0.426,-0.094 -0.081
2018-10-02T17:05:33.161,2018-10-02T17:05:33.463,0.302,0.302,-0.094 -0.081
2018-10-02T17:05:34.187,2018-10-02T17:05:34.447,0.26,0.26,-0.094 -0.081
2018-10-02T17:05:35.211,2018-10-02T17:05:35.389,0.178,0.178,-0.094 -0.081
2018-10-02T17:05:36.236,2018-10-02T17:05:36.680,0.444,0.444,-0.094 -0.081
2018-10-02T17:05:37.260,2018-10-02T17:05:37.630,0.37,0.37,-0.094 -0.081
2018-10-02T17:05:38.286,2018-10-02T17:05:38.599,0.313,0.313,-0.094 -0.081
2018-10-02T17:05:39.317,2018-10-02T17:05:39.559,0.242,0.242,-0.094 -0.081
2018-10-02T17:05:40.342,2018-10-02T17:05:40.537,0.195,0.195,-0.094 -0.081
2018-10-02T17:05:41.371,2018-10-02T17:05:41.817,0.446,0.446,-0.094 -0.081
2018-10-02T17:05:42.396,2018-10-02T17:05:42.535,0.139,0.139,-0.094 -0.081
2018-10-02T17:05:43.423,2018-10-02T17:05:43.715,0.292,0.292,-0.094 -0.081
2018-10-02T17:05:44.449,2018-10-02T17:05:44.671,0.222,0.222,-0.094 -0.081
2018-10-02T17:05:45.472,2018-10-02T17:05:45.640,0.168,0.168,-0.094 -0.081
2018-10-02T17:05:46.498,2018-10-02T17:05:46.929,0.431,0.431,-0.094 -0.081
2018-10-02T17:05:47.520,2018-10-02T17:05:47.890,0.37,0.37,-0.094 -0.081
2018-10-02T17:05:48.543,2018-10-02T17:05:48.838,0.295,0.295,-0.094 -0.081
2018-10-02T17:05:49.567,2018-10-02T17:05:49.779,0.212,0.212,-0.094 -0.081
2018-10-02T17:05:50.603,2018-10-02T17:05:50.768,0.165,0.165,-0.094 -0.081
2018-10-02T17:05:51.626,2018-10-02T17:05:52.041,0.415,0.415,-0.094 -0.081
2018-10-02T17:05:52.654,2018-10-02T17:05:53.006,0.352,0.352,-0.094 -0.081
2018-10-02T17:05:53.682,2018-10-02T17:05:53.973,0.291,0.291,-0.094 -0.081
2018-10-02T17:05:54.711,2018-10-02T17:05:54.942,0.231,0.231,-0.094 -0.081
2018-10-02T17:05:55.738,2018-10-02T17:05:55.894,0.156,0.156,-0.094 -0.081
2018-10-02T17:05:56.764,2018-10-02T17:05:57.151,0.387,0.387,-0.094 -0.081
2018-10-02T17:05:57.788,2018-10-02T17:05:58.116,0.328,0.328,-0.094 -0.081
2018-10-02T17:05:58.813,2018-10-02T17:05:59.076,0.263,0.263,-0.094 -0.081
2018-10-02T17:05:59.840,2018-10-02T17:06:00.027,0.187,0.187,-0.094 -0.081
2018-10-02T17:06:00.864,2018-10-02T17:06:01.021,0.157,0.157,-0.094 -0.081
2018-10-02T17:06:01.893,2018-10-02T17:06:02.924,1.031,1.031,-0.094 -0.081
2018-10-02T17:06:02.918,2018-10-02T17:06:03.662,0.744,0.744,-0.094 -0.081
2018-10-02T17:06:03.943,2018-10-02T17:06:04.260,0.317,0.317,-0.094 -0.081
2018-10-02T17:06:04.971,2018-10-02T17:06:05.178,0.207,0.207,-0.094 -0.081
2018-10-02T17:06:05.996,2018-10-02T17:06:06.440,0.444,0.444,-0.094 -0.081
2018-10-02T17:06:07.047,2018-10-02T17:06:07.167,0.12,0.12,-0.094 -0.081
2018-10-02T17:06:08.076,2018-10-02T17:06:08.678,0.602,0.602,-0.094 -0.081
2018-10-02T17:06:09.106,2018-10-02T17:06:09.250,0.144,0.144,-0.094 -0.081
2018-10-02T17:06:10.133,2018-10-02T17:06:10.608,0.475,0.475,-0.094 -0.081
2018-10-02T17:06:11.159,2018-10-02T17:06:11.339,0.18,0.18,-0.094 -0.081
2018-10-02T17:06:12.182,2018-10-02T17:06:12.838,0.656,0.656,-0.094 -0.081
2018-10-02T17:06:13.208,2018-10-02T17:06:13.324,0.116,0.116,-0.094 -0.081
2018-10-02T17:06:14.235,2018-10-02T17:06:14.436,0.201,0.201,-0.094 -0.081
2018-10-02T17:06:15.260,2018-10-02T17:06:15.418,0.158,0.158,-0.094 -0.081
2018-10-02T17:06:16.287,2018-10-02T17:06:16.687,0.4,0.4,-0.094 -0.081
2018-10-02T17:06:17.314,2018-10-02T17:06:17.639,0.325,0.325,-0.094 -0.081
2018-10-02T17:06:18.344,2018-10-02T17:06:18.597,0.253,0.253,-0.094 -0.081
2018-10-02T17:06:19.369,2018-10-02T17:06:19.550,0.181,0.181,-0.094 -0.081
2018-10-02T17:06:20.401,2018-10-02T17:06:20.537,0.136,0.136,-0.094 -0.081
2018-10-02T17:06:21.426,2018-10-02T17:06:21.799,0.373,0.373,-0.094 -0.081
2018-10-02T17:06:22.456,2018-10-02T17:06:22.755,0.299,0.299,-0.094 -0.081
2018-10-02T17:06:23.483,2018-10-02T17:06:23.717,0.234,0.234,-0.094 -0.081
2018-10-02T17:06:24.540,2018-10-02T17:06:24.689,0.149,0.149,-0.094 -0.081
2018-10-02T17:06:25.571,2018-10-02T17:06:26.009,0.438,0.438,-0.094 -0.081
2018-10-02T17:06:26.598,2018-10-02T17:06:26.920,0.322,0.322,-0.094 -0.081
2018-10-02T17:06:27.624,2018-10-02T17:06:27.875,0.251,0.251,-0.094 -0.081
2018-10-02T17:06:28.660,2018-10-02T17:06:28.835,0.175,0.175,-0.094 -0.081
2018-10-02T17:06:29.705,2018-10-02T17:06:30.133,0.428,0.428,-0.094 -0.081
2018-10-02T17:06:30.733,2018-10-02T17:06:31.065,0.332,0.332,-0.094 -0.081
2018-10-02T17:06:31.761,2018-10-02T17:06:32.049,0.288,0.288,-0.094 -0.081
2018-10-02T17:06:32.791,2018-10-02T17:06:33.008,0.217,0.217,-0.094 -0.081
2018-10-02T17:06:33.822,2018-10-02T17:06:33.977,0.155,0.155,-0.094 -0.081
2018-10-02T17:06:34.905,2018-10-02T17:06:35.242,0.337,0.337,-0.094 -0.081
2018-10-02T17:06:35.943,2018-10-02T17:06:36.203,0.26,0.26,-0.094 -0.081
2018-10-02T17:06:36.985,2018-10-02T17:06:37.152,0.167,0.167,-0.094 -0.081
2018-10-02T17:06:38.025,2018-10-02T17:06:38.451,0.426,0.426,-0.094 -0.081
2018-10-02T17:06:39.052,2018-10-02T17:06:39.408,0.356,0.356,-0.094 -0.081
2018-10-02T17:06:40.082,2018-10-02T17:06:40.365,0.283,0.283,-0.094 -0.081
2018-10-02T17:06:41.108,2018-10-02T17:06:41.333,0.225,0.225,-0.094 -0.081
2018-10-02T17:06:42.148,2018-10-02T17:06:42.289,0.141,0.141,-0.094 -0.081
2018-10-02T17:06:43.176,2018-10-02T17:06:43.558,0.382,0.382,-0.094 -0.081
2018-10-02T17:06:44.203,2018-10-02T17:06:44.518,0.315,0.315,-0.094 -0.081
2018-10-02T17:06:45.231,2018-10-02T17:06:45.476,0.245,0.245,-0.094 -0.081
2018-10-02T17:06:46.260,2018-10-02T17:06:46.460,0.2,0.2,-0.094 -0.081
2018-10-02T17:06:47.290,2018-10-02T17:06:47.729,0.439,0.439,-0.094 -0.081
2018-10-02T17:06:48.316,2018-10-02T17:06:48.687,0.371,0.371,-0.094 -0.081
2018-10-02T17:06:49.343,2018-10-02T17:06:49.649,0.306,0.306,-0.094 -0.081
2018-10-02T17:06:50.368,2018-10-02T17:06:50.619,0.251,0.251,-0.094 -0.081
2018-10-02T17:06:51.399,2018-10-02T17:06:51.869,0.47,0.47,-0.094 -0.081
2018-10-02T17:06:52.427,2018-10-02T17:06:52.849,0.422,0.422,-0.094 -0.081
2018-10-02T17:06:53.464,2018-10-02T17:06:53.799,0.335,0.335,-0.094 -0.081
2018-10-02T17:06:54.491,2018-10-02T17:06:54.758,0.267,0.267,-0.094 -0.081
2018-10-02T17:06:55.520,2018-10-02T17:06:55.715,0.195,0.195,-0.094 -0.081
2018-10-02T17:06:56.556,2018-10-02T17:06:56.691,0.135,0.135,-0.094 -0.081
2018-10-02T17:06:57.593,2018-10-02T17:06:57.959,0.366,0.366,-0.094 -0.081
2018-10-02T17:06:58.619,2018-10-02T17:06:58.929,0.31,0.31,-0.094 -0.081
2018-10-02T17:06:59.660,2018-10-02T17:06:59.865,0.205,0.205,-0.094 -0.081
2018-10-02T17:07:00.687,2018-10-02T17:07:00.856,0.169,0.169,-0.094 -0.081
2018-10-02T17:07:01.731,2018-10-02T17:07:02.137,0.406,0.406,-0.094 -0.081
2018-10-02T17:07:02.837,2018-10-02T17:07:03.096,0.259,0.259,-0.094 -0.081
2018-10-02T17:07:03.872,2018-10-02T17:07:04.366,0.494,0.494,-0.094 -0.081
2018-10-02T17:07:04.910,2018-10-02T17:07:05.670,0.76,0.76,-0.094 -0.081
2018-10-02T17:07:05.941,2018-10-02T17:07:06.052,0.111,0.111,-0.094 -0.081
2018-10-02T17:07:06.978,2018-10-02T17:07:07.250,0.272,0.272,-0.094 -0.081
2018-10-02T17:07:08.018,2018-10-02T17:07:08.194,0.176,0.176,-0.094 -0.081
2018-10-02T17:07:09.062,2018-10-02T17:07:09.494,0.432,0.432,-0.094 -0.081
2018-10-02T17:07:10.099,2018-10-02T17:07:10.438,0.339,0.339,-0.094 -0.081
2018-10-02T17:07:11.132,2018-10-02T17:07:11.408,0.276,0.276,-0.094 -0.081
2018-10-02T17:07:12.159,2018-10-02T17:07:12.362,0.203,0.203,-0.094 -0.081
2018-10-02T17:07:13.189,2018-10-02T17:07:13.347,0.158,0.158,-0.094 -0.081
2018-10-02T17:07:14.220,2018-10-02T17:07:14.611,0.391,0.391,-0.094 -0.081
2018-10-02T17:07:15.251,2018-10-02T17:07:15.578,0.327,0.327,-0.094 -0.081
2018-10-02T17:07:16.276,2018-10-02T17:07:16.525,0.249,0.249,-0.094 -0.081
2018-10-02T17:07:17.303,2018-10-02T17:07:17.497,0.194,0.194,-0.094 -0.081
2018-10-02T17:07:18.341,2018-10-02T17:07:18.769,0.428,0.428,-0.094 -0.081
2018-10-02T17:07:19.378,2018-10-02T17:07:19.730,0.352,0.352,-0.094 -0.081
2018-10-02T17:07:20.408,2018-10-02T17:07:20.677,0.269,0.269,-0.094 -0.081
2018-10-02T17:07:21.443,2018-10-02T17:07:21.652,0.209,0.209,-0.094 -0.081
2018-10-02T17:07:22.480,2018-10-02T17:07:22.606,0.126,0.126,-0.094 -0.081
2018-10-02T17:07:23.505,2018-10-02T17:07:23.899,0.394,0.394,-0.094 -0.081
2018-10-02T17:07:24.530,2018-10-02T17:07:25.156,0.626,0.626,-0.094 -0.081
2018-10-02T17:07:25.565,2018-10-02T17:07:25.741,0.176,0.176,-0.094 -0.081
2018-10-02T17:07:26.599,2018-10-02T17:07:26.754,0.155,0.155,-0.094 -0.081
2018-10-02T17:07:27.637,2018-10-02T17:07:28.054,0.417,0.417,-0.094 -0.081
2018-10-02T17:07:28.664,2018-10-02T17:07:28.994,0.33,0.33,-0.094 -0.081
2018-10-02T17:07:29.693,2018-10-02T17:07:29.976,0.283,0.283,-0.094 -0.081
2018-10-02T17:07:30.723,2018-10-02T17:07:30.825,0.102,0.102,-0.094 -0.081
2018-10-02T17:07:31.748,2018-10-02T17:07:32.213,0.465,0.465,-0.094 -0.081
2018-10-02T17:07:32.783,2018-10-02T17:07:33.169,0.386,0.386,-0.094 -0.081
2018-10-02T17:07:33.815,2018-10-02T17:07:34.138,0.323,0.323,-0.094 -0.081
2018-10-02T17:07:34.849,2018-10-02T17:07:35.060,0.211,0.211,-0.094 -0.081
2018-10-02T17:07:35.879,2018-10-02T17:07:36.053,0.174,0.174,-0.094 -0.081
2018-10-02T17:07:36.950,2018-10-02T17:07:37.323,0.373,0.373,-0.094 -0.081
2018-10-02T17:07:37.982,2018-10-02T17:07:38.625,0.643,0.643,-0.094 -0.081
2018-10-02T17:07:39.009,2018-10-02T17:07:39.153,0.144,0.144,-0.094 -0.081
2018-10-02T17:07:40.034,2018-10-02T17:07:40.210,0.176,0.176,-0.094 -0.081
2018-10-02T17:07:41.061,2018-10-02T17:07:41.477,0.416,0.416,-0.094 -0.081
2018-10-02T17:07:42.092,2018-10-02T17:07:42.468,0.376,0.376,-0.094 -0.081
2018-10-02T17:07:43.120,2018-10-02T17:07:43.399,0.279,0.279,-0.094 -0.081
2018-10-02T17:07:44.227,2018-10-02T17:07:44.385,0.158,0.158,-0.094 -0.081
2018-10-02T17:07:45.259,2018-10-02T17:07:45.653,0.394,0.394,-0.094 -0.081
2018-10-02T17:07:46.290,2018-10-02T17:07:46.613,0.323,0.323,-0.094 -0.081
2018-10-02T17:07:47.324,2018-10-02T17:07:47.555,0.231,0.231,-0.094 -0.081
2018-10-02T17:07:48.357,2018-10-02T17:07:48.531,0.174,0.174,-0.094 -0.081
2018-10-02T17:07:49.391,2018-10-02T17:07:49.521,0.13,0.13,-0.094 -0.081
2018-10-02T17:07:50.435,2018-10-02T17:07:50.753,0.318,0.318,-0.094 -0.081
2018-10-02T17:07:51.461,2018-10-02T17:07:51.722,0.261,0.261,-0.094 -0.081
2018-10-02T17:07:52.485,2018-10-02T17:07:52.704,0.219,0.219,-0.094 -0.081
2018-10-02T17:07:53.537,2018-10-02T17:07:53.966,0.429,0.429,-0.094 -0.081
2018-10-02T17:07:54.564,2018-10-02T17:07:54.922,0.358,0.358,-0.094 -0.081
2018-10-02T17:07:55.591,2018-10-02T17:07:55.882,0.291,0.291,-0.094 -0.081
2018-10-02T17:07:56.620,2018-10-02T17:07:57.029,0.409,0.409,-0.094 -0.081
2018-10-02T17:07:57.645,2018-10-02T17:07:57.796,0.151,0.151,-0.094 -0.081
2018-10-02T17:07:58.671,2018-10-02T17:07:58.791,0.12,0.12,-0.094 -0.081
2018-10-02T17:07:59.694,2018-10-02T17:08:00.045,0.351,0.351,-0.094 -0.081
2018-10-02T17:08:00.721,2018-10-02T17:08:01.011,0.29,0.29,-0.094 -0.081
2018-10-02T17:08:01.758,2018-10-02T17:08:01.953,0.195,0.195,-0.094 -0.081
2018-10-02T17:08:02.782,2018-10-02T17:08:02.941,0.159,0.159,-0.094 -0.081
2018-10-02T17:08:03.808,2018-10-02T17:08:04.196,0.388,0.388,-0.094 -0.081
2018-10-02T17:08:04.834,2018-10-02T17:08:05.158,0.324,0.324,-0.094 -0.081
2018-10-02T17:08:05.864,2018-10-02T17:08:06.119,0.255,0.255,-0.094 -0.081
2018-10-02T17:08:06.889,2018-10-02T17:08:07.437,0.548,0.548,-0.094 -0.081
2018-10-02T17:08:07.914,2018-10-02T17:08:08.361,0.447,0.447,-0.094 -0.081
2018-10-02T17:08:08.955,2018-10-02T17:08:09.079,0.124,0.124,-0.094 -0.081
2018-10-02T17:08:09.979,2018-10-02T17:08:10.285,0.306,0.306,-0.094 -0.081
2018-10-02T17:08:11.005,2018-10-02T17:08:11.256,0.251,0.251,-0.094 -0.081
2018-10-02T17:08:12.030,2018-10-02T17:08:12.528,0.498,0.498,-0.094 -0.081
2018-10-02T17:08:13.071,2018-10-02T17:08:13.495,0.424,0.424,-0.094 -0.081
2018-10-02T17:08:14.099,2018-10-02T17:08:14.441,0.342,0.342,-0.094 -0.081
2018-10-02T17:08:15.125,2018-10-02T17:08:15.413,0.288,0.288,-0.094 -0.081
2018-10-02T17:08:16.150,2018-10-02T17:08:16.357,0.207,0.207,-0.094 -0.081
2018-10-02T17:08:17.180,2018-10-02T17:08:17.318,0.138,0.138,-0.094 -0.081
2018-10-02T17:08:18.204,2018-10-02T17:08:18.609,0.405,0.405,-0.094 -0.081
2018-10-02T17:08:19.230,2018-10-02T17:08:19.575,0.345,0.345,-0.094 -0.081
2018-10-02T17:08:20.255,2018-10-02T17:08:20.519,0.264,0.264,-0.094 -0.081
2018-10-02T17:08:21.282,2018-10-02T17:08:21.491,0.209,0.209,-0.094 -0.081
2018-10-02T17:08:22.320,2018-10-02T17:08:22.765,0.445,0.445,-0.094 -0.081
2018-10-02T17:08:23.349,2018-10-02T17:08:23.579,0.23,0.23,-0.094 -0.081
2018-10-02T17:08:24.374,2018-10-02T17:08:24.673,0.299,0.299,-0.094 -0.081
2018-10-02T17:08:25.401,2018-10-02T17:08:25.662,0.261,0.261,-0.094 -0.081
2018-10-02T17:08:26.424,2018-10-02T17:08:26.605,0.181,0.181,-0.094 -0.081
2018-10-02T17:08:27.450,2018-10-02T17:08:27.907,0.457,0.457,-0.094 -0.081
2018-10-02T17:08:28.475,2018-10-02T17:08:28.844,0.369,0.369,-0.094 -0.081
2018-10-02T17:08:29.501,2018-10-02T17:08:29.808,0.307,0.307,-0.094 -0.081
2018-10-02T17:08:30.524,2018-10-02T17:08:31.153,0.629,0.629,-0.094 -0.081
2018-10-02T17:08:31.550,2018-10-02T17:08:31.664,0.114,0.114,-0.094 -0.081
2018-10-02T17:08:32.578,2018-10-02T17:08:32.686,0.108,0.108,-0.094 -0.081
2018-10-02T17:08:33.603,2018-10-02T17:08:33.969,0.366,0.366,-0.094 -0.081
2018-10-02T17:08:34.629,2018-10-02T17:08:35.565,0.936,0.936,-0.094 -0.081
2018-10-02T17:08:35.655,2018-10-02T17:08:35.799,0.144,0.144,-0.094 -0.081
2018-10-02T17:08:36.681,2018-10-02T17:08:36.851,0.17,0.17,-0.094 -0.081
2018-10-02T17:08:37.707,2018-10-02T17:08:38.143,0.436,0.436,-0.094 -0.081
2018-10-02T17:08:38.733,2018-10-02T17:08:39.058,0.325,0.325,-0.094 -0.081
2018-10-02T17:08:39.759,2018-10-02T17:08:40.053,0.294,0.294,-0.094 -0.081
2018-10-02T17:08:40.786,2018-10-02T17:08:40.998,0.212,0.212,-0.094 -0.081
2018-10-02T17:08:41.813,2018-10-02T17:08:42.309,0.496,0.496,-0.094 -0.081
2018-10-02T17:08:42.857,2018-10-02T17:08:43.575,0.718,0.718,-0.094 -0.081
2018-10-02T17:08:43.882,2018-10-02T17:08:44.045,0.163,0.163,-0.094 -0.081
2018-10-02T17:08:44.907,2018-10-02T17:08:45.158,0.251,0.251,-0.094 -0.081
2018-10-02T17:08:45.933,2018-10-02T17:08:46.456,0.523,0.523,-0.094 -0.081
2018-10-02T17:08:46.957,2018-10-02T17:08:47.075,0.118,0.118,-0.094 -0.081
2018-10-02T17:08:47.988,2018-10-02T17:08:48.372,0.384,0.384,-0.094 -0.081
2018-10-02T17:08:49.014,2018-10-02T17:08:49.321,0.307,0.307,-0.094 -0.081
2018-10-02T17:08:50.039,2018-10-02T17:08:50.285,0.246,0.246,-0.094 -0.081
2018-10-02T17:08:51.064,2018-10-02T17:08:51.170,0.106,0.106,-0.094 -0.081
2018-10-02T17:08:52.089,2018-10-02T17:08:52.545,0.456,0.456,-0.094 -0.081
2018-10-02T17:08:53.127,2018-10-02T17:08:53.789,0.662,0.662,-0.094 -0.081
2018-10-02T17:08:54.164,2018-10-02T17:08:54.289,0.125,0.125,-0.094 -0.081
2018-10-02T17:08:55.241,2018-10-02T17:08:55.391,0.15,0.15,-0.094 -0.081
2018-10-02T17:08:56.264,2018-10-02T17:08:56.704,0.44,0.44,-0.094 -0.081
2018-10-02T17:08:57.301,2018-10-02T17:08:57.629,0.328,0.328,-0.094 -0.081
2018-10-02T17:08:58.327,2018-10-02T17:08:58.600,0.273,0.273,-0.094 -0.081
2018-10-02T17:08:59.352,2018-10-02T17:08:59.572,0.22,0.22,-0.094 -0.081
2018-10-02T17:09:00.379,2018-10-02T17:09:00.526,0.147,0.147,-0.094 -0.081
2018-10-02T17:09:01.406,2018-10-02T17:09:01.794,0.388,0.388,-0.094 -0.081
2018-10-02T17:09:02.433,2018-10-02T17:09:02.772,0.339,0.339,-0.094 -0.081
2018-10-02T17:09:03.463,2018-10-02T17:09:03.707,0.244,0.244,-0.094 -0.081
2018-10-02T17:09:04.488,2018-10-02T17:09:04.694,0.206,0.206,-0.094 -0.081
2018-10-02T17:09:05.513,2018-10-02T17:09:05.983,0.47,0.47,-0.094 -0.081
2018-10-02T17:09:06.541,2018-10-02T17:09:06.690,0.149,0.149,-0.094 -0.081
2018-10-02T17:09:07.566,2018-10-02T17:09:08.614,1.048,1.048,-0.094 -0.081
2018-10-02T17:09:08.608,2018-10-02T17:09:08.726,0.118,0.118,-0.094 -0.081
2018-10-02T17:09:09.637,2018-10-02T17:09:09.814,0.177,0.177,-0.094 -0.081
2018-10-02T17:09:10.663,2018-10-02T17:09:11.084,0.421,0.421,-0.094 -0.081
2018-10-02T17:09:11.700,2018-10-02T17:09:12.043,0.343,0.343,-0.094 -0.081
2018-10-02T17:09:12.724,2018-10-02T17:09:13.023,0.299,0.299,-0.094 -0.081
2018-10-02T17:09:13.775,2018-10-02T17:09:13.958,0.183,0.183,-0.094 -0.081
2018-10-02T17:09:14.799,2018-10-02T17:09:14.930,0.131,0.131,-0.094 -0.081
2018-10-02T17:09:15.823,2018-10-02T17:09:16.520,0.697,0.697,-0.094 -0.081
2018-10-02T17:09:16.848,2018-10-02T17:09:16.944,0.096,0.096,-0.094 -0.081
2018-10-02T17:09:17.872,2018-10-02T17:09:18.128,0.256,0.256,-0.094 -0.081
2018-10-02T17:09:18.895,2018-10-02T17:09:19.095,0.2,0.2,-0.094 -0.081
2018-10-02T17:09:19.920,2018-10-02T17:09:20.350,0.43,0.43,-0.094 -0.081
2018-10-02T17:09:20.946,2018-10-02T17:09:21.339,0.393,0.393,-0.094 -0.081
2018-10-02T17:09:21.969,2018-10-02T17:09:22.294,0.325,0.325,-0.094 -0.081
2018-10-02T17:09:22.998,2018-10-02T17:09:23.882,0.884,0.884,-0.094 -0.081
2018-10-02T17:09:24.023,2018-10-02T17:09:24.613,0.59,0.59,-0.094 -0.081
2018-10-02T17:09:25.047,2018-10-02T17:09:25.250,0.203,0.203,-0.094 -0.081
2018-10-02T17:09:26.070,2018-10-02T17:09:26.447,0.377,0.377,-0.094 -0.081
2018-10-02T17:09:27.096,2018-10-02T17:09:27.419,0.323,0.323,-0.094 -0.081
2018-10-02T17:09:28.129,2018-10-02T17:09:28.347,0.218,0.218,-0.094 -0.081
2018-10-02T17:09:29.156,2018-10-02T17:09:29.332,0.176,0.176,-0.094 -0.081
2018-10-02T17:09:30.182,2018-10-02T17:09:30.598,0.416,0.416,-0.094 -0.081
2018-10-02T17:09:31.207,2018-10-02T17:09:31.569,0.362,0.362,-0.094 -0.081
2018-10-02T17:09:32.236,2018-10-02T17:09:32.505,0.269,0.269,-0.094 -0.081
2018-10-02T17:09:33.282,2018-10-02T17:09:33.477,0.195,0.195,-0.094 -0.081
2018-10-02T17:09:34.311,2018-10-02T17:09:34.429,0.118,0.118,-0.094 -0.081
2018-10-02T17:09:35.341,2018-10-02T17:09:35.752,0.411,0.411,-0.094 -0.081
2018-10-02T17:09:36.368,2018-10-02T17:09:36.671,0.303,0.303,-0.094 -0.081
2018-10-02T17:09:37.394,2018-10-02T17:09:37.648,0.254,0.254,-0.094 -0.081
2018-10-02T17:09:38.417,2018-10-02T17:09:38.587,0.17,0.17,-0.094 -0.081
2018-10-02T17:09:39.444,2018-10-02T17:09:39.889,0.445,0.445,-0.094 -0.081
2018-10-02T17:09:40.472,2018-10-02T17:09:40.843,0.371,0.371,-0.094 -0.081
2018-10-02T17:09:41.496,2018-10-02T17:09:41.820,0.324,0.324,-0.094 -0.081
2018-10-02T17:09:42.522,2018-10-02T17:09:42.749,0.227,0.227,-0.094 -0.081
2018-10-02T17:09:43.548,2018-10-02T17:09:44.067,0.519,0.519,-0.094 -0.081
2018-10-02T17:09:44.632,2018-10-02T17:09:45.329,0.697,0.697,-0.094 -0.081
2018-10-02T17:09:45.656,2018-10-02T17:09:46.036,0.38,0.38,-0.094 -0.081
2018-10-02T17:09:46.679,2018-10-02T17:09:46.921,0.242,0.242,-0.094 -0.081
2018-10-02T17:09:47.704,2018-10-02T17:09:47.881,0.177,0.177,-0.094 -0.081
2018-10-02T17:09:48.731,2018-10-02T17:09:48.843,0.112,0.112,-0.094 -0.081
2018-10-02T17:09:49.756,2018-10-02T17:09:50.139,0.383,0.383,-0.094 -0.081
2018-10-02T17:09:50.780,2018-10-02T17:09:51.075,0.295,0.295,-0.094 -0.081
2018-10-02T17:09:51.803,2018-10-02T17:09:52.057,0.254,0.254,-0.094 -0.081
2018-10-02T17:09:52.826,2018-10-02T17:09:52.992,0.166,0.166,-0.094 -0.081
2018-10-02T17:09:53.853,2018-10-02T17:09:54.296,0.443,0.443,-0.094 -0.081
2018-10-02T17:09:54.884,2018-10-02T17:09:55.218,0.334,0.334,-0.094 -0.081
2018-10-02T17:09:55.932,2018-10-02T17:09:56.194,0.262,0.262,-0.094 -0.081
2018-10-02T17:09:56.956,2018-10-02T17:09:57.329,0.373,0.373,-0.094 -0.081
2018-10-02T17:09:57.981,2018-10-02T17:09:58.153,0.172,0.172,-0.094 -0.081
2018-10-02T17:09:59.009,2018-10-02T17:09:59.406,0.397,0.397,-0.094 -0.081
2018-10-02T17:10:00.040,2018-10-02T17:10:00.360,0.32,0.32,-0.094 -0.081
2018-10-02T17:10:01.064,2018-10-02T17:10:01.345,0.281,0.281,-0.094 -0.081
2018-10-02T17:10:02.127,2018-10-02T17:10:02.293,0.166,0.166,-0.094 -0.081
2018-10-02T17:10:03.159,2018-10-02T17:10:03.577,0.418,0.418,-0.094 -0.081
2018-10-02T17:10:04.184,2018-10-02T17:10:04.518,0.334,0.334,-0.094 -0.081
2018-10-02T17:10:05.209,2018-10-02T17:10:05.481,0.272,0.272,-0.094 -0.081
2018-10-02T17:10:06.235,2018-10-02T17:10:06.450,0.215,0.215,-0.094 -0.081
2018-10-02T17:10:07.264,2018-10-02T17:10:07.380,0.116,0.116,-0.094 -0.081
2018-10-02T17:10:08.297,2018-10-02T17:10:08.686,0.389,0.389,-0.094 -0.081
2018-10-02T17:10:09.332,2018-10-02T17:10:09.631,0.299,0.299,-0.094 -0.081
2018-10-02T17:10:10.367,2018-10-02T17:10:10.514,0.147,0.147,-0.094 -0.081
2018-10-02T17:10:11.392,2018-10-02T17:10:11.503,0.111,0.111,-0.094 -0.081
2018-10-02T17:10:12.418,2018-10-02T17:10:12.866,0.448,0.448,-0.094 -0.081
2018-10-02T17:10:13.444,2018-10-02T17:10:13.775,0.331,0.331,-0.094 -0.081
2018-10-02T17:10:14.477,2018-10-02T17:10:14.768,0.291,0.291,-0.094 -0.081
2018-10-02T17:10:15.506,2018-10-02T17:10:15.714,0.208,0.208,-0.094 -0.081
2018-10-02T17:10:16.531,2018-10-02T17:10:16.708,0.177,0.177,-0.094 -0.081
2018-10-02T17:10:17.556,2018-10-02T17:10:17.959,0.403,0.403,-0.094 -0.081
2018-10-02T17:10:18.587,2018-10-02T17:10:18.914,0.327,0.327,-0.094 -0.081
2018-10-02T17:10:19.617,2018-10-02T17:10:19.876,0.259,0.259,-0.094 -0.081
2018-10-02T17:10:20.644,2018-10-02T17:10:20.859,0.215,0.215,-0.094 -0.081
2018-10-02T17:10:21.676,2018-10-02T17:10:21.798,0.122,0.122,-0.094 -0.081
2018-10-02T17:10:22.699,2018-10-02T17:10:23.083,0.384,0.384,-0.094 -0.081
2018-10-02T17:10:23.728,2018-10-02T17:10:24.021,0.293,0.293,-0.094 -0.081
2018-10-02T17:10:24.754,2018-10-02T17:10:25.007,0.253,0.253,-0.094 -0.081
2018-10-02T17:10:25.796,2018-10-02T17:10:25.954,0.158,0.158,-0.094 -0.081
2018-10-02T17:10:26.820,2018-10-02T17:10:27.258,0.438,0.438,-0.094 -0.081
2018-10-02T17:10:27.844,2018-10-02T17:10:28.205,0.361,0.361,-0.094 -0.081
2018-10-02T17:10:28.870,2018-10-02T17:10:29.174,0.304,0.304,-0.094 -0.081
2018-10-02T17:10:29.898,2018-10-02T17:10:30.449,0.551,0.551,-0.094 -0.081
2018-10-02T17:10:30.924,2018-10-02T17:10:31.065,0.141,0.141,-0.094 -0.081
2018-10-02T17:10:31.957,2018-10-02T17:10:32.367,0.41,0.41,-0.094 -0.081
2018-10-02T17:10:32.985,2018-10-02T17:10:33.327,0.342,0.342,-0.094 -0.081
2018-10-02T17:10:34.013,2018-10-02T17:10:34.271,0.258,0.258,-0.094 -0.081
2018-10-02T17:10:35.038,2018-10-02T17:10:35.259,0.221,0.221,-0.094 -0.081
2018-10-02T17:10:36.111,2018-10-02T17:10:36.517,0.406,0.406,-0.094 -0.081
2018-10-02T17:10:37.140,2018-10-02T17:10:37.496,0.356,0.356,-0.094 -0.081
2018-10-02T17:10:38.166,2018-10-02T17:10:38.444,0.278,0.278,-0.094 -0.081
2018-10-02T17:10:39.199,2018-10-02T17:10:39.415,0.216,0.216,-0.094 -0.081
2018-10-02T17:10:40.224,2018-10-02T17:10:40.684,0.46,0.46,-0.094 -0.081
2018-10-02T17:10:41.251,2018-10-02T17:10:41.404,0.153,0.153,-0.094 -0.081
2018-10-02T17:10:42.283,2018-10-02T17:10:42.596,0.313,0.313,-0.094 -0.081
2018-10-02T17:10:43.326,2018-10-02T17:10:43.579,0.253,0.253,-0.094 -0.081
2018-10-02T17:10:44.355,2018-10-02T17:10:44.844,0.489,0.489,-0.094 -0.081
2018-10-02T17:10:45.383,2018-10-02T17:10:45.796,0.413,0.413,-0.094 -0.081
2018-10-02T17:10:46.410,2018-10-02T17:10:46.742,0.332,0.332,-0.094 -0.081
2018-10-02T17:10:47.437,2018-10-02T17:10:47.736,0.299,0.299,-0.094 -0.081
2018-10-02T17:10:48.469,2018-10-02T17:10:48.672,0.203,0.203,-0.094 -0.081
2018-10-02T17:10:49.496,2018-10-02T17:10:49.649,0.153,0.153,-0.094 -0.081
2018-10-02T17:10:50.538,2018-10-02T17:10:50.921,0.383,0.383,-0.094 -0.081
2018-10-02T17:10:51.562,2018-10-02T17:10:51.874,0.312,0.312,-0.094 -0.081
2018-10-02T17:10:52.588,2018-10-02T17:10:52.844,0.256,0.256,-0.094 -0.081
2018-10-02T17:10:53.613,2018-10-02T17:10:53.825,0.212,0.212,-0.094 -0.081
2018-10-02T17:10:54.639,2018-10-02T17:10:55.054,0.415,0.415,-0.094 -0.081
2018-10-02T17:10:55.668,2018-10-02T17:10:56.051,0.383,0.383,-0.094 -0.081
2018-10-02T17:10:56.698,2018-10-02T17:10:56.996,0.298,0.298,-0.094 -0.081
2018-10-02T17:10:57.725,2018-10-02T17:10:57.979,0.254,0.254,-0.094 -0.081
2018-10-02T17:10:58.750,2018-10-02T17:10:58.904,0.154,0.154,-0.094 -0.081
2018-10-02T17:10:59.778,2018-10-02T17:11:00.195,0.417,0.417,-0.094 -0.081
2018-10-02T17:11:00.808,2018-10-02T17:11:01.483,0.675,0.675,-0.094 -0.081
2018-10-02T17:11:01.835,2018-10-02T17:11:01.961,0.126,0.126,-0.094 -0.081
2018-10-02T17:11:02.863,2018-10-02T17:11:03.064,0.201,0.201,-0.094 -0.081
2018-10-02T17:11:03.892,2018-10-02T17:11:04.380,0.488,0.488,-0.094 -0.081
2018-10-02T17:11:04.945,2018-10-02T17:11:05.308,0.363,0.363,-0.094 -0.081
2018-10-02T17:11:05.979,2018-10-02T17:11:06.291,0.312,0.312,-0.094 -0.081
2018-10-02T17:11:07.005,2018-10-02T17:11:07.232,0.227,0.227,-0.094 -0.081
2018-10-02T17:11:08.040,2018-10-02T17:11:08.211,0.171,0.171,-0.094 -0.081
2018-10-02T17:11:09.068,2018-10-02T17:11:09.481,0.413,0.413,-0.094 -0.081
2018-10-02T17:11:10.094,2018-10-02T17:11:10.443,0.349,0.349,-0.094 -0.081
2018-10-02T17:11:11.172,2018-10-02T17:11:11.729,0.557,0.557,-0.094 -0.081
2018-10-02T17:11:12.201,2018-10-02T17:11:12.361,0.16,0.16,-0.094 -0.081
2018-10-02T17:11:13.228,2018-10-02T17:11:13.628,0.4,0.4,-0.094 -0.081
2018-10-02T17:11:14.254,2018-10-02T17:11:14.614,0.36,0.36,-0.094 -0.081
2018-10-02T17:11:15.306,2018-10-02T17:11:15.886,0.58,0.58,-0.094 -0.081
2018-10-02T17:11:16.351,2018-10-02T17:11:16.499,0.148,0.148,-0.094 -0.081
2018-10-02T17:11:17.377,2018-10-02T17:11:18.249,0.872,0.872,-0.094 -0.081
2018-10-02T17:11:18.404,2018-10-02T17:11:18.556,0.152,0.152,-0.094 -0.081
2018-10-02T17:11:19.437,2018-10-02T17:11:19.717,0.28,0.28,-0.094 -0.081
2018-10-02T17:11:20.468,2018-10-02T17:11:20.699,0.231,0.231,-0.094 -0.081
2018-10-02T17:11:21.496,2018-10-02T17:11:21.648,0.152,0.152,-0.094 -0.081
2018-10-02T17:11:22.525,2018-10-02T17:11:22.918,0.393,0.393,-0.094 -0.081
2018-10-02T17:11:23.555,2018-10-02T17:11:23.888,0.333,0.333,-0.094 -0.081
2018-10-02T17:11:24.581,2018-10-02T17:11:24.693,0.112,0.112,-0.094 -0.081
2018-10-02T17:11:25.608,2018-10-02T17:11:25.788,0.18,0.18,-0.094 -0.081
2018-10-02T17:11:26.633,2018-10-02T17:11:26.767,0.134,0.134,-0.094 -0.081
2018-10-02T17:11:27.661,2018-10-02T17:11:28.031,0.37,0.37,-0.094 -0.081
2018-10-02T17:11:28.686,2018-10-02T17:11:29.019,0.333,0.333,-0.094 -0.081
2018-10-02T17:11:29.713,2018-10-02T17:11:29.951,0.238,0.238,-0.094 -0.081
2018-10-02T17:11:30.750,2018-10-02T17:11:31.579,0.829,0.829,-0.094 -0.081
2018-10-02T17:11:31.777,2018-10-02T17:11:31.875,0.098,0.098,-0.094 -0.081
2018-10-02T17:11:32.802,2018-10-02T17:11:33.156,0.354,0.354,-0.094 -0.081
2018-10-02T17:11:33.828,2018-10-02T17:11:34.103,0.275,0.275,-0.094 -0.081
2018-10-02T17:11:34.856,2018-10-02T17:11:35.082,0.226,0.226,-0.094 -0.081
2018-10-02T17:11:35.883,2018-10-02T17:11:36.031,0.148,0.148,-0.094 -0.081
2018-10-02T17:11:36.912,2018-10-02T17:11:37.326,0.414,0.414,-0.094 -0.081
2018-10-02T17:11:37.944,2018-10-02T17:11:38.279,0.335,0.335,-0.094 -0.081
2018-10-02T17:11:38.971,2018-10-02T17:11:39.256,0.285,0.285,-0.094 -0.081
2018-10-02T17:11:40.001,2018-10-02T17:11:40.197,0.196,0.196,-0.094 -0.081
2018-10-02T17:11:41.030,2018-10-02T17:11:41.172,0.142,0.142,-0.094 -0.081
2018-10-02T17:11:42.058,2018-10-02T17:11:42.449,0.391,0.391,-0.094 -0.081
2018-10-02T17:11:43.087,2018-10-02T17:11:43.411,0.324,0.324,-0.094 -0.081
2018-10-02T17:11:44.113,2018-10-02T17:11:44.357,0.244,0.244,-0.094 -0.081
2018-10-02T17:11:45.138,2018-10-02T17:11:45.330,0.192,0.192,-0.094 -0.081
2018-10-02T17:11:46.166,2018-10-02T17:11:46.604,0.438,0.438,-0.094 -0.081
2018-10-02T17:11:47.193,2018-10-02T17:11:47.399,0.206,0.206,-0.094 -0.081
2018-10-02T17:11:48.221,2018-10-02T17:11:48.513,0.292,0.292,-0.094 -0.081
2018-10-02T17:11:49.248,2018-10-02T17:11:49.487,0.239,0.239,-0.094 -0.081
2018-10-02T17:11:50.276,2018-10-02T17:11:50.424,0.148,0.148,-0.094 -0.081
2018-10-02T17:11:51.305,2018-10-02T17:11:51.735,0.43,0.43,-0.094 -0.081
2018-10-02T17:11:52.334,2018-10-02T17:11:52.678,0.344,0.344,-0.094 -0.081
2018-10-02T17:11:53.363,2018-10-02T17:11:53.648,0.285,0.285,-0.094 -0.081
2018-10-02T17:11:54.391,2018-10-02T17:11:54.588,0.197,0.197,-0.094 -0.081
2018-10-02T17:11:55.419,2018-10-02T17:11:55.887,0.468,0.468,-0.094 -0.081
2018-10-02T17:11:56.545,2018-10-02T17:11:57.150,0.605,0.605,-0.094 -0.081
2018-10-02T17:11:57.571,2018-10-02T17:11:57.759,0.188,0.188,-0.094 -0.081
2018-10-02T17:11:58.672,2018-10-02T17:11:59.403,0.731,0.731,-0.094 -0.081
2018-10-02T17:11:59.700,2018-10-02T17:11:59.815,0.115,0.115,-0.094 -0.081
2018-10-02T17:12:00.726,2018-10-02T17:12:00.987,0.261,0.261,-0.094 -0.081
2018-10-02T17:12:01.760,2018-10-02T17:12:02.623,0.863,0.863,-0.094 -0.081
2018-10-02T17:12:02.786,2018-10-02T17:12:02.912,0.126,0.126,-0.094 -0.081
2018-10-02T17:12:03.813,2018-10-02T17:12:04.196,0.383,0.383,-0.094 -0.081
2018-10-02T17:12:04.858,2018-10-02T17:12:05.160,0.302,0.302,-0.094 -0.081
2018-10-02T17:12:05.884,2018-10-02T17:12:06.123,0.239,0.239,-0.094 -0.081
2018-10-02T17:12:06.908,2018-10-02T17:12:07.062,0.154,0.154,-0.094 -0.081
2018-10-02T17:12:07.945,2018-10-02T17:12:08.361,0.416,0.416,-0.094 -0.081
2018-10-02T17:12:08.979,2018-10-02T17:12:09.640,0.661,0.661,-0.094 -0.081
2018-10-02T17:12:10.009,2018-10-02T17:12:10.118,0.109,0.109,-0.094 -0.081
2018-10-02T17:12:11.035,2018-10-02T17:12:11.222,0.187,0.187,-0.094 -0.081
2018-10-02T17:12:12.064,2018-10-02T17:12:12.197,0.133,0.133,-0.094 -0.081
2018-10-02T17:12:13.089,2018-10-02T17:12:13.478,0.389,0.389,-0.094 -0.081
2018-10-02T17:12:14.118,2018-10-02T17:12:14.439,0.321,0.321,-0.094 -0.081
2018-10-02T17:12:15.141,2018-10-02T17:12:15.389,0.248,0.248,-0.094 -0.081
2018-10-02T17:12:16.202,2018-10-02T17:12:16.354,0.152,0.152,-0.094 -0.081
2018-10-02T17:12:17.226,2018-10-02T17:12:17.647,0.421,0.421,-0.094 -0.081
2018-10-02T17:12:18.255,2018-10-02T17:12:18.608,0.353,0.353,-0.094 -0.081
2018-10-02T17:12:19.292,2018-10-02T17:12:19.566,0.274,0.274,-0.094 -0.081
2018-10-02T17:12:20.319,2018-10-02T17:12:20.515,0.196,0.196,-0.094 -0.081
2018-10-02T17:12:21.345,2018-10-02T17:12:21.469,0.124,0.124,-0.094 -0.081
2018-10-02T17:12:22.376,2018-10-02T17:12:22.790,0.414,0.414,-0.094 -0.081
2018-10-02T17:12:23.400,2018-10-02T17:12:23.728,0.328,0.328,-0.094 -0.081
2018-10-02T17:12:24.433,2018-10-02T17:12:25.007,0.574,0.574,-0.094 -0.081
2018-10-02T17:12:25.471,2018-10-02T17:12:25.618,0.147,0.147,-0.094 -0.081
2018-10-02T17:12:26.496,2018-10-02T17:12:26.939,0.443,0.443,-0.094 -0.081
2018-10-02T17:12:27.528,2018-10-02T17:12:27.893,0.365,0.365,-0.094 -0.081
2018-10-02T17:12:28.556,2018-10-02T17:12:28.853,0.297,0.297,-0.094 -0.081
2018-10-02T17:12:29.581,2018-10-02T17:12:29.814,0.233,0.233,-0.094 -0.081
2018-10-02T17:12:30.608,2018-10-02T17:12:30.767,0.159,0.159,-0.094 -0.081
2018-10-02T17:12:31.640,2018-10-02T17:12:32.357,0.717,0.717,-0.094 -0.081
2018-10-02T17:12:32.666,2018-10-02T17:12:32.799,0.133,0.133,-0.094 -0.081
2018-10-02T17:12:33.711,2018-10-02T17:12:33.946,0.235,0.235,-0.094 -0.081
2018-10-02T17:12:34.740,2018-10-02T17:12:34.994,0.254,0.254,-0.094 -0.081
2018-10-02T17:12:35.765,2018-10-02T17:12:36.214,0.449,0.449,-0.094 -0.081
2018-10-02T17:12:36.792,2018-10-02T17:12:37.166,0.374,0.374,-0.094 -0.081
2018-10-02T17:12:37.823,2018-10-02T17:12:38.122,0.299,0.299,-0.094 -0.081
2018-10-02T17:12:38.847,2018-10-02T17:12:39.079,0.232,0.232,-0.094 -0.081
2018-10-02T17:12:39.875,2018-10-02T17:12:40.359,0.484,0.484,-0.094 -0.081
2018-10-02T17:12:40.901,2018-10-02T17:12:41.079,0.178,0.178,-0.094 -0.081
2018-10-02T17:12:41.933,2018-10-02T17:12:42.273,0.34,0.34,-0.094 -0.081
2018-10-02T17:12:42.960,2018-10-02T17:12:43.260,0.3,0.3,-0.094 -0.081
2018-10-02T17:12:43.987,2018-10-02T17:12:44.180,0.193,0.193,-0.094 -0.081
2018-10-02T17:12:45.013,2018-10-02T17:12:45.158,0.145,0.145,-0.094 -0.081
2018-10-02T17:12:46.039,2018-10-02T17:12:46.432,0.393,0.393,-0.094 -0.081
2018-10-02T17:12:47.066,2018-10-02T17:12:47.748,0.682,0.682,-0.094 -0.081
2018-10-02T17:12:48.091,2018-10-02T17:12:48.365,0.274,0.274,-0.094 -0.081
2018-10-02T17:12:49.121,2018-10-02T17:12:49.339,0.218,0.218,-0.094 -0.081
2018-10-02T17:12:50.150,2018-10-02T17:12:50.266,0.116,0.116,-0.094 -0.081
2018-10-02T17:12:51.179,2018-10-02T17:12:51.568,0.389,0.389,-0.094 -0.081
2018-10-02T17:12:52.206,2018-10-02T17:12:52.520,0.314,0.314,-0.094 -0.081
2018-10-02T17:12:53.234,2018-10-02T17:12:53.487,0.253,0.253,-0.094 -0.081
2018-10-02T17:12:54.260,2018-10-02T17:12:54.762,0.502,0.502,-0.094 -0.081
2018-10-02T17:12:55.290,2018-10-02T17:12:55.729,0.439,0.439,-0.094 -0.081
2018-10-02T17:12:56.327,2018-10-02T17:12:56.673,0.346,0.346,-0.094 -0.081
2018-10-02T17:12:57.359,2018-10-02T17:12:57.632,0.273,0.273,-0.094 -0.081
2018-10-02T17:12:58.391,2018-10-02T17:12:58.575,0.184,0.184,-0.094 -0.081
2018-10-02T17:12:59.433,2018-10-02T17:12:59.557,0.124,0.124,-0.094 -0.081
2018-10-02T17:13:00.458,2018-10-02T17:13:00.862,0.404,0.404,-0.094 -0.081
2018-10-02T17:13:01.484,2018-10-02T17:13:01.801,0.317,0.317,-0.094 -0.081
2018-10-02T17:13:02.512,2018-10-02T17:13:02.748,0.236,0.236,-0.094 -0.081
2018-10-02T17:13:03.537,2018-10-02T17:13:03.709,0.172,0.172,-0.094 -0.081
2018-10-02T17:13:04.561,2018-10-02T17:13:04.661,0.1,0.1,-0.094 -0.081
2018-10-02T17:13:05.591,2018-10-02T17:13:05.987,0.396,0.396,-0.094 -0.081
2018-10-02T17:13:06.619,2018-10-02T17:13:06.908,0.289,0.289,-0.094 -0.081
2018-10-02T17:13:07.645,2018-10-02T17:13:07.872,0.227,0.227,-0.094 -0.081
2018-10-02T17:13:08.673,2018-10-02T17:13:08.848,0.175,0.175,-0.094 -0.081
2018-10-02T17:13:09.698,2018-10-02T17:13:10.140,0.442,0.442,-0.094 -0.081
2018-10-02T17:13:10.724,2018-10-02T17:13:11.058,0.334,0.334,-0.094 -0.081
2018-10-02T17:13:11.749,2018-10-02T17:13:12.030,0.281,0.281,-0.094 -0.081
2018-10-02T17:13:12.774,2018-10-02T17:13:12.992,0.218,0.218,-0.094 -0.081
2018-10-02T17:13:13.800,2018-10-02T17:13:13.957,0.157,0.157,-0.094 -0.081
2018-10-02T17:13:14.824,2018-10-02T17:13:15.246,0.422,0.422,-0.094 -0.081
2018-10-02T17:13:15.848,2018-10-02T17:13:16.191,0.343,0.343,-0.094 -0.081
2018-10-02T17:13:16.876,2018-10-02T17:13:17.136,0.26,0.26,-0.094 -0.081
2018-10-02T17:13:17.899,2018-10-02T17:13:18.133,0.234,0.234,-0.094 -0.081
2018-10-02T17:13:18.925,2018-10-02T17:13:19.059,0.134,0.134,-0.094 -0.081
2018-10-02T17:13:19.949,2018-10-02T17:13:20.386,0.437,0.437,-0.094 -0.081
2018-10-02T17:13:20.976,2018-10-02T17:13:21.305,0.329,0.329,-0.094 -0.081
2018-10-02T17:13:22.000,2018-10-02T17:13:22.288,0.288,0.288,-0.094 -0.081
2018-10-02T17:13:23.024,2018-10-02T17:13:23.229,0.205,0.205,-0.094 -0.081
2018-10-02T17:13:24.050,2018-10-02T17:13:24.198,0.148,0.148,-0.094 -0.081
2018-10-02T17:13:25.074,2018-10-02T17:13:25.473,0.399,0.399,-0.094 -0.081
2018-10-02T17:13:26.098,2018-10-02T17:13:26.440,0.342,0.342,-0.094 -0.081
2018-10-02T17:13:27.133,2018-10-02T17:13:27.391,0.258,0.258,-0.094 -0.081
2018-10-02T17:13:28.156,2018-10-02T17:13:28.371,0.215,0.215,-0.094 -0.081
2018-10-02T17:13:29.181,2018-10-02T17:13:29.624,0.443,0.443,-0.094 -0.081
2018-10-02T17:13:30.253,2018-10-02T17:13:30.595,0.342,0.342,-0.094 -0.081
2018-10-02T17:13:31.284,2018-10-02T17:13:31.568,0.284,0.284,-0.094 -0.081
2018-10-02T17:13:32.309,2018-10-02T17:13:32.519,0.21,0.21,-0.094 -0.081
2018-10-02T17:13:33.341,2018-10-02T17:13:33.470,0.129,0.129,-0.094 -0.081
2018-10-02T17:13:34.369,2018-10-02T17:13:34.758,0.389,0.389,-0.094 -0.081
2018-10-02T17:13:35.398,2018-10-02T17:13:35.696,0.298,0.298,-0.094 -0.081
2018-10-02T17:13:36.424,2018-10-02T17:13:36.665,0.241,0.241,-0.094 -0.081
2018-10-02T17:13:37.449,2018-10-02T17:13:37.636,0.187,0.187,-0.094 -0.081
2018-10-02T17:13:38.473,2018-10-02T17:13:38.611,0.138,0.138,-0.094 -0.081
2018-10-02T17:13:39.500,2018-10-02T17:13:39.895,0.395,0.395,-0.094 -0.081
2018-10-02T17:13:40.524,2018-10-02T17:13:40.862,0.338,0.338,-0.094 -0.081
2018-10-02T17:13:41.551,2018-10-02T17:13:41.784,0.233,0.233,-0.094 -0.081
2018-10-02T17:13:42.575,2018-10-02T17:13:42.766,0.191,0.191,-0.094 -0.081
2018-10-02T17:13:43.602,2018-10-02T17:13:43.708,0.106,0.106,-0.094 -0.081
2018-10-02T17:13:44.626,2018-10-02T17:13:45.121,0.495,0.495,-0.094 -0.081
2018-10-02T17:13:45.653,2018-10-02T17:13:45.951,0.298,0.298,-0.094 -0.081
2018-10-02T17:13:46.677,2018-10-02T17:13:46.929,0.252,0.252,-0.094 -0.081
2018-10-02T17:13:47.703,2018-10-02T17:13:47.866,0.163,0.163,-0.094 -0.081
2018-10-02T17:13:48.732,2018-10-02T17:13:48.859,0.127,0.127,-0.094 -0.081
2018-10-02T17:13:49.763,2018-10-02T17:13:50.134,0.371,0.371,-0.094 -0.081
2018-10-02T17:13:50.793,2018-10-02T17:13:51.118,0.325,0.325,-0.094 -0.081
2018-10-02T17:13:51.820,2018-10-02T17:13:52.045,0.225,0.225,-0.094 -0.081
2018-10-02T17:13:52.859,2018-10-02T17:13:53.016,0.157,0.157,-0.094 -0.081
2018-10-02T17:13:53.889,2018-10-02T17:13:54.272,0.383,0.383,-0.094 -0.081
2018-10-02T17:13:54.934,2018-10-02T17:13:55.263,0.329,0.329,-0.094 -0.081
2018-10-02T17:13:55.958,2018-10-02T17:13:56.212,0.254,0.254,-0.094 -0.081
2018-10-02T17:13:56.984,2018-10-02T17:13:57.153,0.169,0.169,-0.094 -0.081
2018-10-02T17:13:58.013,2018-10-02T17:13:58.440,0.427,0.427,-0.094 -0.081
2018-10-02T17:13:59.039,2018-10-02T17:13:59.169,0.13,0.13,-0.094 -0.081
2018-10-02T17:14:00.068,2018-10-02T17:14:00.345,0.277,0.277,-0.094 -0.081
2018-10-02T17:14:01.095,2018-10-02T17:14:01.324,0.229,0.229,-0.094 -0.081
2018-10-02T17:14:02.120,2018-10-02T17:14:02.262,0.142,0.142,-0.094 -0.081
2018-10-02T17:14:03.147,2018-10-02T17:14:03.565,0.418,0.418,-0.094 -0.081
2018-10-02T17:14:04.170,2018-10-02T17:14:04.520,0.35,0.35,-0.094 -0.081
2018-10-02T17:14:05.259,2018-10-02T17:14:05.491,0.232,0.232,-0.094 -0.081
2018-10-02T17:14:06.287,2018-10-02T17:14:06.448,0.161,0.161,-0.094 -0.081
2018-10-02T17:14:07.314,2018-10-02T17:14:08.056,0.742,0.742,-0.094 -0.081
2018-10-02T17:14:08.339,2018-10-02T17:14:08.517,0.178,0.178,-0.094 -0.081
2018-10-02T17:14:09.365,2018-10-02T17:14:09.645,0.28,0.28,-0.094 -0.081
2018-10-02T17:14:10.425,2018-10-02T17:14:10.597,0.172,0.172,-0.094 -0.081
2018-10-02T17:14:11.450,2018-10-02T17:14:11.887,0.437,0.437,-0.094 -0.081
2018-10-02T17:14:12.488,2018-10-02T17:14:12.852,0.364,0.364,-0.094 -0.081
2018-10-02T17:14:13.622,2018-10-02T17:14:13.809,0.187,0.187,-0.094 -0.081
2018-10-02T17:14:14.652,2018-10-02T17:14:15.057,0.405,0.405,-0.094 -0.081
2018-10-02T17:14:15.685,2018-10-02T17:14:16.045,0.36,0.36,-0.094 -0.081
2018-10-02T17:14:16.714,2018-10-02T17:14:17.015,0.301,0.301,-0.094 -0.081
2018-10-02T17:14:17.750,2018-10-02T17:14:18.073,0.323,0.323,-0.094 -0.081
2018-10-02T17:14:18.782,2018-10-02T17:14:19.233,0.451,0.451,-0.094 -0.081
2018-10-02T17:14:19.816,2018-10-02T17:14:20.211,0.395,0.395,-0.094 -0.081
2018-10-02T17:14:20.842,2018-10-02T17:14:21.164,0.322,0.322,-0.094 -0.081
2018-10-02T17:14:21.870,2018-10-02T17:14:22.119,0.249,0.249,-0.094 -0.081
2018-10-02T17:14:22.901,2018-10-02T17:14:23.085,0.184,0.184,-0.094 -0.081
2018-10-02T17:14:23.933,2018-10-02T17:14:24.364,0.431,0.431,-0.094 -0.081
2018-10-02T17:14:24.959,2018-10-02T17:14:25.327,0.368,0.368,-0.094 -0.081
2018-10-02T17:14:25.988,2018-10-02T17:14:26.284,0.296,0.296,-0.094 -0.081
2018-10-02T17:14:27.017,2018-10-02T17:14:27.251,0.234,0.234,-0.094 -0.081
2018-10-02T17:14:28.048,2018-10-02T17:14:28.203,0.155,0.155,-0.094 -0.081
2018-10-02T17:14:29.075,2018-10-02T17:14:29.468,0.393,0.393,-0.094 -0.081
2018-10-02T17:14:30.105,2018-10-02T17:14:30.294,0.189,0.189,-0.094 -0.081
2018-10-02T17:14:31.133,2018-10-02T17:14:31.711,0.578,0.578,-0.094 -0.081
2018-10-02T17:14:32.174,2018-10-02T17:14:32.367,0.193,0.193,-0.094 -0.081
2018-10-02T17:14:33.204,2018-10-02T17:14:33.648,0.444,0.444,-0.094 -0.081
2018-10-02T17:14:34.230,2018-10-02T17:14:34.625,0.395,0.395,-0.094 -0.081
2018-10-02T17:14:35.255,2018-10-02T17:14:35.546,0.291,0.291,-0.094 -0.081
2018-10-02T17:14:36.282,2018-10-02T17:14:36.535,0.253,0.253,-0.094 -0.081
2018-10-02T17:14:37.311,2018-10-02T17:14:37.488,0.177,0.177,-0.094 -0.081
2018-10-02T17:14:38.344,2018-10-02T17:14:38.771,0.427,0.427,-0.094 -0.081
2018-10-02T17:14:39.370,2018-10-02T17:14:39.728,0.358,0.358,-0.094 -0.081
2018-10-02T17:14:40.395,2018-10-02T17:14:40.693,0.298,0.298,-0.094 -0.081
