2018-10-04T09:52:26.674,2018-10-04T09:52:27.477,0.803,0.803,-0.101  -0.121
2018-10-04T09:52:27.695,2018-10-04T09:52:31.082,3.387,3.387,-0.101  -0.121
2018-10-04T09:52:28.718,2018-10-04T09:52:31.113,2.395,2.395,-0.101  -0.121
2018-10-04T09:52:29.736,2018-10-04T09:52:31.169,1.433,1.433,-0.101  -0.121
2018-10-04T09:52:30.756,2018-10-04T09:52:31.202,0.446,0.446,-0.101  -0.121
2018-10-04T09:52:31.775,2018-10-04T09:52:31.771,-0.004,-0.004,-0.101  -0.121
2018-10-04T09:52:32.796,2018-10-04T09:52:32.813,0.017,0.017,-0.101  -0.121
2018-10-04T09:52:33.817,2018-10-04T09:52:33.833,0.016,0.016,-0.101  -0.121
2018-10-04T09:52:34.863,2018-10-04T09:52:34.845,-0.018,-0.018,-0.101  -0.121
2018-10-04T09:52:35.881,2018-10-04T09:52:35.880,-0.001,-0.001,-0.101  -0.121
2018-10-04T09:52:36.901,2018-10-04T09:52:36.895,-0.006,-0.006,-0.101  -0.121
2018-10-04T09:52:37.920,2018-10-04T09:52:37.934,0.014,0.014,-0.101  -0.121
2018-10-04T09:52:38.942,2018-10-04T09:52:38.956,0.014,0.014,-0.101  -0.121
2018-10-04T09:52:39.964,2018-10-04T09:52:39.952,-0.012,-0.012,-0.101  -0.121
2018-10-04T09:52:40.987,2018-10-04T09:52:41.029,0.042,0.042,-0.101  -0.121
2018-10-04T09:52:42.037,2018-10-04T09:52:42.175,0.138,0.138,-0.101  -0.121
2018-10-04T09:52:43.057,2018-10-04T09:52:43.038,-0.019,-0.019,-0.101  -0.121
2018-10-04T09:52:44.076,2018-10-04T09:52:44.061,-0.015,-0.015,-0.101  -0.121
2018-10-04T09:52:45.096,2018-10-04T09:52:45.084,-0.012,-0.012,-0.101  -0.121
2018-10-04T09:52:46.114,2018-10-04T09:52:46.110,-0.004,-0.004,-0.101  -0.121
2018-10-04T09:52:47.142,2018-10-04T09:52:47.135,-0.007,-0.007,-0.101  -0.121
2018-10-04T09:52:48.161,2018-10-04T09:52:48.336,0.175,0.175,-0.101  -0.121
2018-10-04T09:52:49.184,2018-10-04T09:52:49.192,0.008,0.008,-0.101  -0.121
2018-10-04T09:52:50.202,2018-10-04T09:52:50.199,-0.003,-0.003,-0.101  -0.121
2018-10-04T09:52:51.221,2018-10-04T09:52:51.220,-0.001,-0.001,-0.101  -0.121
2018-10-04T09:52:52.240,2018-10-04T09:52:52.260,0.02,0.02,-0.101  -0.121
2018-10-04T09:52:53.262,2018-10-04T09:52:53.254,-0.008,-0.008,-0.101  -0.121
2018-10-04T09:52:54.283,2018-10-04T09:52:54.277,-0.006,-0.006,-0.101  -0.121
2018-10-04T09:52:55.301,2018-10-04T09:52:55.324,0.023,0.023,-0.101  -0.121
2018-10-04T09:52:56.318,2018-10-04T09:52:56.343,0.025,0.025,-0.101  -0.121
2018-10-04T09:52:57.341,2018-10-04T09:52:57.336,-0.005,-0.005,-0.101  -0.121
2018-10-04T09:52:58.359,2018-10-04T09:52:58.380,0.021,0.021,-0.101  -0.121
2018-10-04T09:52:59.378,2018-10-04T09:52:59.360,-0.018,-0.018,-0.101  -0.121
2018-10-04T09:53:00.397,2018-10-04T09:53:00.412,0.015,0.015,-0.101  -0.121
2018-10-04T09:53:01.418,2018-10-04T09:53:01.421,0.003,0.003,-0.101  -0.121
2018-10-04T09:53:02.434,2018-10-04T09:53:02.467,0.033,0.033,-0.101  -0.121
2018-10-04T09:53:03.453,2018-10-04T09:53:03.463,0.01,0.01,-0.101  -0.121
2018-10-04T09:53:04.472,2018-10-04T09:53:04.466,-0.006,-0.006,-0.101  -0.121
2018-10-04T09:53:05.494,2018-10-04T09:53:05.485,-0.009,-0.009,-0.101  -0.121
2018-10-04T09:53:06.514,2018-10-04T09:53:06.547,0.033,0.033,-0.101  -0.121
2018-10-04T09:53:07.549,2018-10-04T09:53:07.548,-0.001,-0.001,-0.101  -0.121
2018-10-04T09:53:08.566,2018-10-04T09:53:08.561,-0.005,-0.005,-0.101  -0.121
2018-10-04T09:53:09.587,2018-10-04T09:53:09.565,-0.022,-0.022,-0.101  -0.121
2018-10-04T09:53:10.606,2018-10-04T09:53:10.609,0.003,0.003,-0.101  -0.121
2018-10-04T09:53:11.624,2018-10-04T09:53:20.768,9.144,9.144,-0.101  -0.121
2018-10-04T09:53:12.653,2018-10-04T09:53:20.796,8.143,8.143,-0.101  -0.121
2018-10-04T09:53:13.672,2018-10-04T09:53:20.831,7.159,7.159,-0.101  -0.121
2018-10-04T09:53:14.697,2018-10-04T09:53:20.858,6.161,6.161,-0.101  -0.121
2018-10-04T09:53:15.716,2018-10-04T09:53:20.965,5.249,5.249,-0.101  -0.121
2018-10-04T09:53:16.737,2018-10-04T09:53:20.988,4.251,4.251,-0.101  -0.121
2018-10-04T09:53:17.759,2018-10-04T09:53:21.025,3.266,3.266,-0.101  -0.121
2018-10-04T09:53:18.775,2018-10-04T09:53:21.053,2.278,2.278,-0.101  -0.121
2018-10-04T09:53:19.794,2018-10-04T09:53:21.088,1.294,1.294,-0.101  -0.121
2018-10-04T09:53:20.812,2018-10-04T09:53:21.105,0.293,0.293,-0.101  -0.121
2018-10-04T09:53:21.832,2018-10-04T09:53:21.844,0.012,0.012,-0.101  -0.121
2018-10-04T09:53:22.849,2018-10-04T09:53:22.840,-0.009,-0.009,-0.101  -0.121
2018-10-04T09:53:23.868,2018-10-04T09:53:23.862,-0.006,-0.006,-0.101  -0.121
2018-10-04T09:53:24.888,2018-10-04T09:53:24.875,-0.013,-0.013,-0.101  -0.121
2018-10-04T09:53:25.907,2018-10-04T09:53:25.923,0.016,0.016,-0.101  -0.121
2018-10-04T09:53:26.925,2018-10-04T09:53:26.920,-0.005,-0.005,-0.101  -0.121
2018-10-04T09:53:27.943,2018-10-04T09:53:27.939,-0.004,-0.004,-0.101  -0.121
2018-10-04T09:53:28.960,2018-10-04T09:53:28.961,0.001,0.001,-0.101  -0.121
2018-10-04T09:53:29.987,2018-10-04T09:53:29.980,-0.007,-0.007,-0.101  -0.121
2018-10-04T09:53:31.005,2018-10-04T09:53:31.035,0.03,0.03,-0.101  -0.121
2018-10-04T09:53:32.022,2018-10-04T09:53:32.031,0.009,0.009,-0.101  -0.121
2018-10-04T09:53:33.039,2018-10-04T09:53:33.040,0.001,0.001,-0.101  -0.121
2018-10-04T09:53:34.061,2018-10-04T09:53:34.377,0.316,0.316,-0.101  -0.121
2018-10-04T09:53:35.080,2018-10-04T09:53:35.099,0.019,0.019,-0.101  -0.121
2018-10-04T09:53:36.099,2018-10-04T09:53:36.119,0.02,0.02,-0.101  -0.121
2018-10-04T09:53:37.123,2018-10-04T09:53:37.126,0.003,0.003,-0.101  -0.121
2018-10-04T09:53:38.142,2018-10-04T09:53:38.138,-0.004,-0.004,-0.101  -0.121
2018-10-04T09:53:39.161,2018-10-04T09:53:39.163,0.002,0.002,-0.101  -0.121
2018-10-04T09:53:40.187,2018-10-04T09:53:40.211,0.024,0.024,-0.101  -0.121
2018-10-04T09:53:41.204,2018-10-04T09:53:41.202,-0.002,-0.002,-0.101  -0.121
2018-10-04T09:53:42.224,2018-10-04T09:53:42.255,0.031,0.031,-0.101  -0.121
2018-10-04T09:53:43.242,2018-10-04T09:53:43.261,0.019,0.019,-0.101  -0.121
2018-10-04T09:53:44.261,2018-10-04T09:53:44.282,0.021,0.021,-0.101  -0.121
2018-10-04T09:53:45.279,2018-10-04T09:53:45.280,0.001,0.001,-0.101  -0.121
2018-10-04T09:53:46.300,2018-10-04T09:53:46.300,0.0,0.0,-0.101  -0.121
2018-10-04T09:53:47.320,2018-10-04T09:53:47.310,-0.01,-0.01,-0.101  -0.121
2018-10-04T09:53:48.340,2018-10-04T09:53:48.327,-0.013,-0.013,-0.101  -0.121
2018-10-04T09:53:49.357,2018-10-04T09:53:49.448,0.091,0.091,-0.101  -0.121
2018-10-04T09:53:50.379,2018-10-04T09:53:50.388,0.009,0.009,-0.101  -0.121
2018-10-04T09:53:51.399,2018-10-04T09:53:51.396,-0.003,-0.003,-0.101  -0.121
2018-10-04T09:53:52.418,2018-10-04T09:53:52.404,-0.014,-0.014,-0.101  -0.121
2018-10-04T09:53:53.437,2018-10-04T09:53:55.730,2.293,2.293,-0.101  -0.121
2018-10-04T09:53:54.457,2018-10-04T09:53:55.918,1.461,1.461,-0.101  -0.121
2018-10-04T09:53:55.480,2018-10-04T09:53:55.942,0.462,0.462,-0.101  -0.121
2018-10-04T09:53:56.499,2018-10-04T09:53:56.553,0.054,0.054,-0.101  -0.121
2018-10-04T09:53:57.516,2018-10-04T09:53:57.576,0.06,0.06,-0.101  -0.121
2018-10-04T09:53:58.538,2018-10-04T09:53:58.542,0.004,0.004,-0.101  -0.121
2018-10-04T09:53:59.559,2018-10-04T09:53:59.553,-0.006,-0.006,-0.101  -0.121
2018-10-04T09:54:00.578,2018-10-04T09:54:00.573,-0.005,-0.005,-0.101  -0.121
2018-10-04T09:54:01.595,2018-10-04T09:54:01.601,0.006,0.006,-0.101  -0.121
2018-10-04T09:54:02.619,2018-10-04T09:54:02.627,0.008,0.008,-0.101  -0.121
2018-10-04T09:54:03.637,2018-10-04T09:54:03.629,-0.008,-0.008,-0.101  -0.121
2018-10-04T09:54:04.655,2018-10-04T09:54:04.656,0.001,0.001,-0.101  -0.121
2018-10-04T09:54:05.673,2018-10-04T09:54:05.693,0.02,0.02,-0.101  -0.121
2018-10-04T09:54:06.694,2018-10-04T09:54:06.695,0.001,0.001,-0.101  -0.121
2018-10-04T09:54:07.710,2018-10-04T09:54:07.743,0.033,0.033,-0.101  -0.121
2018-10-04T09:54:08.731,2018-10-04T09:54:08.721,-0.01,-0.01,-0.101  -0.121
2018-10-04T09:54:09.750,2018-10-04T09:54:09.741,-0.009,-0.009,-0.101  -0.121
2018-10-04T09:54:10.771,2018-10-04T09:54:10.814,0.043,0.043,-0.101  -0.121
2018-10-04T09:54:11.788,2018-10-04T09:54:11.808,0.02,0.02,-0.101  -0.121
2018-10-04T09:54:12.806,2018-10-04T09:54:12.798,-0.008,-0.008,-0.101  -0.121
2018-10-04T09:54:13.824,2018-10-04T09:54:13.848,0.024,0.024,-0.101  -0.121
2018-10-04T09:54:14.851,2018-10-04T09:54:15.219,0.368,0.368,-0.101  -0.121
2018-10-04T09:54:15.870,2018-10-04T09:54:15.875,0.005,0.005,-0.101  -0.121
2018-10-04T09:54:16.890,2018-10-04T09:54:16.909,0.019,0.019,-0.101  -0.121
2018-10-04T09:54:17.909,2018-10-04T09:54:17.932,0.023,0.023,-0.101  -0.121
2018-10-04T09:54:18.930,2018-10-04T09:54:18.940,0.01,0.01,-0.101  -0.121
2018-10-04T09:54:19.950,2018-10-04T09:54:19.959,0.009,0.009,-0.101  -0.121
2018-10-04T09:54:20.969,2018-10-04T09:54:20.981,0.012,0.012,-0.101  -0.121
2018-10-04T09:54:21.988,2018-10-04T09:54:21.985,-0.003,-0.003,-0.101  -0.121
2018-10-04T09:54:23.010,2018-10-04T09:54:23.000,-0.01,-0.01,-0.101  -0.121
2018-10-04T09:54:24.028,2018-10-04T09:54:24.042,0.014,0.014,-0.101  -0.121
2018-10-04T09:54:25.048,2018-10-04T09:54:25.044,-0.004,-0.004,-0.101  -0.121
2018-10-04T09:54:26.067,2018-10-04T09:54:26.062,-0.005,-0.005,-0.101  -0.121
2018-10-04T09:54:27.087,2018-10-04T09:54:27.081,-0.006,-0.006,-0.101  -0.121
2018-10-04T09:54:28.103,2018-10-04T09:54:28.128,0.025,0.025,-0.101  -0.121
2018-10-04T09:54:29.123,2018-10-04T09:54:29.128,0.005,0.005,-0.101  -0.121
2018-10-04T09:54:30.140,2018-10-04T09:54:30.130,-0.01,-0.01,-0.101  -0.121
2018-10-04T09:54:31.159,2018-10-04T09:54:31.151,-0.008,-0.008,-0.101  -0.121
2018-10-04T09:54:32.178,2018-10-04T09:54:32.174,-0.004,-0.004,-0.101  -0.121
2018-10-04T09:54:33.198,2018-10-04T09:54:33.216,0.018,0.018,-0.101  -0.121
2018-10-04T09:54:34.215,2018-10-04T09:54:34.214,-0.001,-0.001,-0.101  -0.121
2018-10-04T09:54:35.235,2018-10-04T09:54:35.235,0.0,0.0,-0.101  -0.121
2018-10-04T09:54:36.255,2018-10-04T09:54:36.252,-0.003,-0.003,-0.101  -0.121
2018-10-04T09:54:37.274,2018-10-04T09:54:37.303,0.029,0.029,-0.101  -0.121
2018-10-04T09:54:38.292,2018-10-04T09:54:38.315,0.023,0.023,-0.101  -0.121
2018-10-04T09:54:39.315,2018-10-04T09:54:39.333,0.018,0.018,-0.101  -0.121
2018-10-04T09:54:40.333,2018-10-04T09:54:40.361,0.028,0.028,-0.101  -0.121
2018-10-04T09:54:41.355,2018-10-04T09:54:41.364,0.009,0.009,-0.101  -0.121
2018-10-04T09:54:42.374,2018-10-04T09:54:42.387,0.013,0.013,-0.101  -0.121
2018-10-04T09:54:43.393,2018-10-04T09:54:43.426,0.033,0.033,-0.101  -0.121
2018-10-04T09:54:44.412,2018-10-04T09:54:44.427,0.015,0.015,-0.101  -0.121
2018-10-04T09:54:45.432,2018-10-04T09:54:45.447,0.015,0.015,-0.101  -0.121
2018-10-04T09:54:46.450,2018-10-04T09:54:46.458,0.008,0.008,-0.101  -0.121
2018-10-04T09:54:47.471,2018-10-04T09:54:47.472,0.001,0.001,-0.101  -0.121
2018-10-04T09:54:48.488,2018-10-04T09:54:48.477,-0.011,-0.011,-0.101  -0.121
2018-10-04T09:54:49.507,2018-10-04T09:54:49.884,0.377,0.377,-0.101  -0.121
2018-10-04T09:54:50.524,2018-10-04T09:54:50.618,0.094,0.094,-0.101  -0.121
2018-10-04T09:54:51.546,2018-10-04T09:54:51.534,-0.012,-0.012,-0.101  -0.121
2018-10-04T09:54:52.565,2018-10-04T09:54:52.577,0.012,0.012,-0.101  -0.121
2018-10-04T09:54:53.585,2018-10-04T09:54:53.605,0.02,0.02,-0.101  -0.121
2018-10-04T09:54:54.604,2018-10-04T09:54:54.593,-0.011,-0.011,-0.101  -0.121
2018-10-04T09:54:55.626,2018-10-04T09:54:55.669,0.043,0.043,-0.101  -0.121
2018-10-04T09:54:56.647,2018-10-04T09:54:56.636,-0.011,-0.011,-0.101  -0.121
2018-10-04T09:54:57.666,2018-10-04T09:54:57.688,0.022,0.022,-0.101  -0.121
2018-10-04T09:54:58.685,2018-10-04T09:54:58.741,0.056,0.056,-0.101  -0.121
2018-10-04T09:54:59.707,2018-10-04T09:54:59.720,0.013,0.013,-0.101  -0.121
2018-10-04T09:55:00.728,2018-10-04T09:55:00.719,-0.009,-0.009,-0.101  -0.121
2018-10-04T09:55:01.747,2018-10-04T09:55:01.762,0.015,0.015,-0.101  -0.121
2018-10-04T09:55:02.772,2018-10-04T09:55:02.793,0.021,0.021,-0.101  -0.121
2018-10-04T09:55:03.793,2018-10-04T09:55:03.798,0.005,0.005,-0.101  -0.121
2018-10-04T09:55:04.814,2018-10-04T09:55:04.842,0.028,0.028,-0.101  -0.121
2018-10-04T09:55:05.835,2018-10-04T09:55:05.850,0.015,0.015,-0.101  -0.121
2018-10-04T09:55:06.858,2018-10-04T09:55:06.869,0.011,0.011,-0.101  -0.121
2018-10-04T09:55:07.878,2018-10-04T09:55:07.910,0.032,0.032,-0.101  -0.121
2018-10-04T09:55:08.905,2018-10-04T09:55:09.039,0.134,0.134,-0.101  -0.121
2018-10-04T09:55:09.925,2018-10-04T09:55:10.003,0.078,0.078,-0.101  -0.121
2018-10-04T09:55:10.943,2018-10-04T09:55:11.053,0.11,0.11,-0.101  -0.121
2018-10-04T09:55:11.965,2018-10-04T09:55:11.959,-0.006,-0.006,-0.101  -0.121
2018-10-04T09:55:12.986,2018-10-04T09:55:13.008,0.022,0.022,-0.101  -0.121
2018-10-04T09:55:14.006,2018-10-04T09:55:14.014,0.008,0.008,-0.101  -0.121
2018-10-04T09:55:15.029,2018-10-04T09:55:15.020,-0.009,-0.009,-0.101  -0.121
2018-10-04T09:55:16.047,2018-10-04T09:55:16.044,-0.003,-0.003,-0.101  -0.121
2018-10-04T09:55:17.068,2018-10-04T09:55:17.064,-0.004,-0.004,-0.101  -0.121
2018-10-04T09:55:18.085,2018-10-04T09:55:18.084,-0.001,-0.001,-0.101  -0.121
2018-10-04T09:55:19.104,2018-10-04T09:55:19.104,0.0,0.0,-0.101  -0.121
2018-10-04T09:55:20.121,2018-10-04T09:55:20.128,0.007,0.007,-0.101  -0.121
2018-10-04T09:55:21.140,2018-10-04T09:55:21.152,0.012,0.012,-0.101  -0.121
2018-10-04T09:55:22.156,2018-10-04T09:55:22.144,-0.012,-0.012,-0.101  -0.121
2018-10-04T09:55:23.174,2018-10-04T09:55:23.177,0.003,0.003,-0.101  -0.121
2018-10-04T09:55:24.192,2018-10-04T09:55:24.193,0.001,0.001,-0.101  -0.121
2018-10-04T09:55:25.215,2018-10-04T09:55:25.242,0.027,0.027,-0.101  -0.121
2018-10-04T09:55:26.260,2018-10-04T09:55:26.320,0.06,0.06,-0.101  -0.121
2018-10-04T09:55:27.281,2018-10-04T09:55:27.307,0.026,0.026,-0.101  -0.121
2018-10-04T09:55:28.298,2018-10-04T09:55:28.308,0.01,0.01,-0.101  -0.121
2018-10-04T09:55:29.318,2018-10-04T09:55:29.323,0.005,0.005,-0.101  -0.121
2018-10-04T09:55:30.340,2018-10-04T09:55:30.334,-0.006,-0.006,-0.101  -0.121
2018-10-04T09:55:31.359,2018-10-04T09:55:31.551,0.192,0.192,-0.101  -0.121
2018-10-04T09:55:32.380,2018-10-04T09:55:35.474,3.094,3.094,-0.101  -0.121
2018-10-04T09:55:33.408,2018-10-04T09:55:35.504,2.096,2.096,-0.101  -0.121
2018-10-04T09:55:34.426,2018-10-04T09:55:35.545,1.119,1.119,-0.101  -0.121
2018-10-04T09:55:35.447,2018-10-04T09:55:35.632,0.185,0.185,-0.101  -0.121
2018-10-04T09:55:36.465,2018-10-04T09:55:36.463,-0.002,-0.002,-0.101  -0.121
2018-10-04T09:55:37.489,2018-10-04T09:55:37.483,-0.006,-0.006,-0.101  -0.121
2018-10-04T09:55:38.504,2018-10-04T09:55:38.492,-0.012,-0.012,-0.101  -0.121
2018-10-04T09:55:39.523,2018-10-04T09:55:39.522,-0.001,-0.001,-0.101  -0.121
2018-10-04T09:55:40.542,2018-10-04T09:55:40.540,-0.002,-0.002,-0.101  -0.121
2018-10-04T09:55:41.563,2018-10-04T09:55:41.587,0.024,0.024,-0.101  -0.121
2018-10-04T09:55:42.584,2018-10-04T09:55:42.581,-0.003,-0.003,-0.101  -0.121
2018-10-04T09:55:43.602,2018-10-04T09:55:43.625,0.023,0.023,-0.101  -0.121
2018-10-04T09:55:44.622,2018-10-04T09:55:44.624,0.002,0.002,-0.101  -0.121
2018-10-04T09:55:45.642,2018-10-04T09:55:45.632,-0.01,-0.01,-0.101  -0.121
2018-10-04T09:55:46.659,2018-10-04T09:55:46.653,-0.006,-0.006,-0.101  -0.121
2018-10-04T09:55:47.677,2018-10-04T09:55:47.701,0.024,0.024,-0.101  -0.121
2018-10-04T09:55:48.699,2018-10-04T09:55:48.695,-0.004,-0.004,-0.101  -0.121
2018-10-04T09:55:49.724,2018-10-04T09:55:49.714,-0.01,-0.01,-0.101  -0.121
2018-10-04T09:55:50.743,2018-10-04T09:55:50.763,0.02,0.02,-0.101  -0.121
2018-10-04T09:55:51.765,2018-10-04T09:55:51.747,-0.018,-0.018,-0.101  -0.121
2018-10-04T09:55:52.782,2018-10-04T09:55:52.774,-0.008,-0.008,-0.101  -0.121
2018-10-04T09:55:53.806,2018-10-04T09:55:53.809,0.003,0.003,-0.101  -0.121
2018-10-04T09:55:54.823,2018-10-04T09:55:54.853,0.03,0.03,-0.101  -0.121
2018-10-04T09:55:55.841,2018-10-04T09:55:55.847,0.006,0.006,-0.101  -0.121
2018-10-04T09:55:56.861,2018-10-04T09:55:56.852,-0.009,-0.009,-0.101  -0.121
2018-10-04T09:55:57.884,2018-10-04T09:55:57.898,0.014,0.014,-0.101  -0.121
2018-10-04T09:55:58.901,2018-10-04T09:55:58.897,-0.004,-0.004,-0.101  -0.121
2018-10-04T09:55:59.921,2018-10-04T09:55:59.953,0.032,0.032,-0.101  -0.121
2018-10-04T09:56:00.941,2018-10-04T09:56:00.940,-0.001,-0.001,-0.101  -0.121
2018-10-04T09:56:01.962,2018-10-04T09:56:01.989,0.027,0.027,-0.101  -0.121
2018-10-04T09:56:02.998,2018-10-04T09:56:02.994,-0.004,-0.004,-0.101  -0.121
2018-10-04T09:56:04.019,2018-10-04T09:56:04.007,-0.012,-0.012,-0.101  -0.121
2018-10-04T09:56:05.037,2018-10-04T09:56:05.053,0.016,0.016,-0.101  -0.121
2018-10-04T09:56:06.064,2018-10-04T09:56:06.062,-0.002,-0.002,-0.101  -0.121
2018-10-04T09:56:07.081,2018-10-04T09:56:07.113,0.032,0.032,-0.101  -0.121
2018-10-04T09:56:08.101,2018-10-04T09:56:08.093,-0.008,-0.008,-0.101  -0.121
2018-10-04T09:56:09.119,2018-10-04T09:56:09.219,0.1,0.1,-0.101  -0.121
2018-10-04T09:56:10.142,2018-10-04T09:56:10.138,-0.004,-0.004,-0.101  -0.121
2018-10-04T09:56:11.160,2018-10-04T09:56:11.157,-0.003,-0.003,-0.101  -0.121
2018-10-04T09:56:12.177,2018-10-04T09:56:12.560,0.383,0.383,-0.101  -0.121
2018-10-04T09:56:13.194,2018-10-04T09:56:13.207,0.013,0.013,-0.101  -0.121
2018-10-04T09:56:14.215,2018-10-04T09:56:14.214,-0.001,-0.001,-0.101  -0.121
2018-10-04T09:56:15.236,2018-10-04T09:56:15.258,0.022,0.022,-0.101  -0.121
2018-10-04T09:56:16.254,2018-10-04T09:56:16.254,0.0,0.0,-0.101  -0.121
2018-10-04T09:56:17.276,2018-10-04T09:56:17.323,0.047,0.047,-0.101  -0.121
2018-10-04T09:56:18.296,2018-10-04T09:56:18.291,-0.005,-0.005,-0.101  -0.121
2018-10-04T09:56:19.315,2018-10-04T09:56:19.315,0.0,0.0,-0.101  -0.121
2018-10-04T09:56:20.334,2018-10-04T09:56:20.333,-0.001,-0.001,-0.101  -0.121
2018-10-04T09:56:21.356,2018-10-04T09:56:21.406,0.05,0.05,-0.101  -0.121
2018-10-04T09:56:22.374,2018-10-04T09:56:22.400,0.026,0.026,-0.101  -0.121
2018-10-04T09:56:23.395,2018-10-04T09:56:23.434,0.039,0.039,-0.101  -0.121
2018-10-04T09:56:24.415,2018-10-04T09:56:24.409,-0.006,-0.006,-0.101  -0.121
2018-10-04T09:56:25.438,2018-10-04T09:56:25.472,0.034,0.034,-0.101  -0.121
2018-10-04T09:56:26.454,2018-10-04T09:56:26.444,-0.01,-0.01,-0.101  -0.121
2018-10-04T09:56:27.474,2018-10-04T09:56:27.490,0.016,0.016,-0.101  -0.121
2018-10-04T09:56:28.496,2018-10-04T09:56:28.491,-0.005,-0.005,-0.101  -0.121
2018-10-04T09:56:29.516,2018-10-04T09:56:29.516,0.0,0.0,-0.101  -0.121
2018-10-04T09:56:30.533,2018-10-04T09:56:30.526,-0.007,-0.007,-0.101  -0.121
2018-10-04T09:56:31.552,2018-10-04T09:56:31.553,0.001,0.001,-0.101  -0.121
2018-10-04T09:56:32.572,2018-10-04T09:56:32.573,0.001,0.001,-0.101  -0.121
2018-10-04T09:56:33.593,2018-10-04T09:56:33.612,0.019,0.019,-0.101  -0.121
2018-10-04T09:56:34.612,2018-10-04T09:56:34.601,-0.011,-0.011,-0.101  -0.121
2018-10-04T09:56:35.632,2018-10-04T09:56:35.620,-0.012,-0.012,-0.101  -0.121
2018-10-04T09:56:36.648,2018-10-04T09:56:36.640,-0.008,-0.008,-0.101  -0.121
2018-10-04T09:56:37.667,2018-10-04T09:56:37.658,-0.009,-0.009,-0.101  -0.121
2018-10-04T09:56:38.683,2018-10-04T09:56:38.669,-0.014,-0.014,-0.101  -0.121
2018-10-04T09:56:39.701,2018-10-04T09:56:39.697,-0.004,-0.004,-0.101  -0.121
2018-10-04T09:56:40.721,2018-10-04T09:56:40.710,-0.011,-0.011,-0.101  -0.121
2018-10-04T09:56:41.742,2018-10-04T09:56:41.729,-0.013,-0.013,-0.101  -0.121
2018-10-04T09:56:42.760,2018-10-04T09:56:42.745,-0.015,-0.015,-0.101  -0.121
2018-10-04T09:56:43.777,2018-10-04T09:56:43.770,-0.007,-0.007,-0.101  -0.121
2018-10-04T09:56:44.796,2018-10-04T09:56:44.782,-0.014,-0.014,-0.101  -0.121
2018-10-04T09:56:45.820,2018-10-04T09:56:45.851,0.031,0.031,-0.101  -0.121
2018-10-04T09:56:46.838,2018-10-04T09:56:47.014,0.176,0.176,-0.101  -0.121
2018-10-04T09:56:47.867,2018-10-04T09:56:48.020,0.153,0.153,-0.101  -0.121
2018-10-04T09:56:48.885,2018-10-04T09:56:48.883,-0.002,-0.002,-0.101  -0.121
2018-10-04T09:56:49.908,2018-10-04T09:56:49.901,-0.007,-0.007,-0.101  -0.121
2018-10-04T09:56:50.926,2018-10-04T09:56:50.922,-0.004,-0.004,-0.101  -0.121
2018-10-04T09:56:51.945,2018-10-04T09:56:51.942,-0.003,-0.003,-0.101  -0.121
2018-10-04T09:56:52.964,2018-10-04T09:56:52.963,-0.001,-0.001,-0.101  -0.121
2018-10-04T09:56:53.986,2018-10-04T09:56:54.009,0.023,0.023,-0.101  -0.121
2018-10-04T09:56:55.006,2018-10-04T09:56:55.004,-0.002,-0.002,-0.101  -0.121
2018-10-04T09:56:56.025,2018-10-04T09:56:56.022,-0.003,-0.003,-0.101  -0.121
2018-10-04T09:56:57.044,2018-10-04T09:56:57.054,0.01,0.01,-0.101  -0.121
2018-10-04T09:56:58.067,2018-10-04T09:56:58.061,-0.006,-0.006,-0.101  -0.121
2018-10-04T09:56:59.083,2018-10-04T09:56:59.077,-0.006,-0.006,-0.101  -0.121
2018-10-04T09:57:00.103,2018-10-04T09:57:00.083,-0.02,-0.02,-0.101  -0.121
2018-10-04T09:57:01.118,2018-10-04T09:57:01.133,0.015,0.015,-0.101  -0.121
2018-10-04T09:57:02.139,2018-10-04T09:57:02.154,0.015,0.015,-0.101  -0.121
2018-10-04T09:57:03.166,2018-10-04T09:57:03.153,-0.013,-0.013,-0.101  -0.121
2018-10-04T09:57:04.184,2018-10-04T09:57:04.183,-0.001,-0.001,-0.101  -0.121
2018-10-04T09:57:05.202,2018-10-04T09:57:05.203,0.001,0.001,-0.101  -0.121
2018-10-04T09:57:06.224,2018-10-04T09:57:06.209,-0.015,-0.015,-0.101  -0.121
2018-10-04T09:57:07.240,2018-10-04T09:57:07.223,-0.017,-0.017,-0.101  -0.121
2018-10-04T09:57:08.259,2018-10-04T09:57:08.264,0.005,0.005,-0.101  -0.121
2018-10-04T09:57:09.277,2018-10-04T09:57:09.289,0.012,0.012,-0.101  -0.121
2018-10-04T09:57:10.299,2018-10-04T09:57:10.287,-0.012,-0.012,-0.101  -0.121
2018-10-04T09:57:11.316,2018-10-04T09:57:11.342,0.026,0.026,-0.101  -0.121
2018-10-04T09:57:12.339,2018-10-04T09:57:12.333,-0.006,-0.006,-0.101  -0.121
2018-10-04T09:57:13.358,2018-10-04T09:57:15.618,2.26,2.26,-0.101  -0.121
2018-10-04T09:57:14.379,2018-10-04T09:57:15.769,1.39,1.39,-0.101  -0.121
2018-10-04T09:57:15.405,2018-10-04T09:57:15.794,0.389,0.389,-0.101  -0.121
2018-10-04T09:57:16.424,2018-10-04T09:57:16.407,-0.017,-0.017,-0.101  -0.121
2018-10-04T09:57:17.444,2018-10-04T09:57:17.472,0.028,0.028,-0.101  -0.121
2018-10-04T09:57:18.463,2018-10-04T09:57:18.463,0.0,0.0,-0.101  -0.121
2018-10-04T09:57:19.482,2018-10-04T09:57:19.475,-0.007,-0.007,-0.101  -0.121
2018-10-04T09:57:20.499,2018-10-04T09:57:20.489,-0.01,-0.01,-0.101  -0.121
2018-10-04T09:57:21.518,2018-10-04T09:57:21.506,-0.012,-0.012,-0.101  -0.121
2018-10-04T09:57:22.534,2018-10-04T09:57:22.528,-0.006,-0.006,-0.101  -0.121
2018-10-04T09:57:23.551,2018-10-04T09:57:23.575,0.024,0.024,-0.101  -0.121
2018-10-04T09:57:24.576,2018-10-04T09:57:24.569,-0.007,-0.007,-0.101  -0.121
2018-10-04T09:57:25.607,2018-10-04T09:57:25.632,0.025,0.025,-0.101  -0.121
2018-10-04T09:57:26.624,2018-10-04T09:57:26.629,0.005,0.005,-0.101  -0.121
2018-10-04T09:57:27.645,2018-10-04T09:57:27.637,-0.008,-0.008,-0.101  -0.121
2018-10-04T09:57:28.662,2018-10-04T09:57:28.692,0.03,0.03,-0.101  -0.121
2018-10-04T09:57:29.680,2018-10-04T09:57:29.685,0.005,0.005,-0.101  -0.121
2018-10-04T09:57:30.695,2018-10-04T09:57:30.696,0.001,0.001,-0.101  -0.121
2018-10-04T09:57:31.714,2018-10-04T09:57:31.715,0.001,0.001,-0.101  -0.121
2018-10-04T09:57:32.731,2018-10-04T09:57:32.730,-0.001,-0.001,-0.101  -0.121
2018-10-04T09:57:33.752,2018-10-04T09:57:33.755,0.003,0.003,-0.101  -0.121
2018-10-04T09:57:34.770,2018-10-04T09:57:34.776,0.006,0.006,-0.101  -0.121
2018-10-04T09:57:35.790,2018-10-04T09:57:35.789,-0.001,-0.001,-0.101  -0.121
2018-10-04T09:57:36.806,2018-10-04T09:57:36.808,0.002,0.002,-0.101  -0.121
2018-10-04T09:57:37.825,2018-10-04T09:57:37.820,-0.005,-0.005,-0.101  -0.121
2018-10-04T09:57:38.844,2018-10-04T09:57:38.877,0.033,0.033,-0.101  -0.121
2018-10-04T09:57:39.865,2018-10-04T09:57:39.851,-0.014,-0.014,-0.101  -0.121
2018-10-04T09:57:40.883,2018-10-04T09:57:40.920,0.037,0.037,-0.101  -0.121
2018-10-04T09:57:41.905,2018-10-04T09:57:41.887,-0.018,-0.018,-0.101  -0.121
2018-10-04T09:57:42.923,2018-10-04T09:57:42.953,0.03,0.03,-0.101  -0.121
2018-10-04T09:57:43.944,2018-10-04T09:57:43.962,0.018,0.018,-0.101  -0.121
2018-10-04T09:57:44.962,2018-10-04T09:57:44.973,0.011,0.011,-0.101  -0.121
2018-10-04T09:57:45.985,2018-10-04T09:57:46.000,0.015,0.015,-0.101  -0.121
2018-10-04T09:57:47.003,2018-10-04T09:57:47.003,0.0,0.0,-0.101  -0.121
2018-10-04T09:57:48.023,2018-10-04T09:57:48.056,0.033,0.033,-0.101  -0.121
2018-10-04T09:57:49.042,2018-10-04T09:57:49.047,0.005,0.005,-0.101  -0.121
2018-10-04T09:57:50.064,2018-10-04T09:57:50.064,0.0,0.0,-0.101  -0.121
2018-10-04T09:57:51.083,2018-10-04T09:57:51.079,-0.004,-0.004,-0.101  -0.121
2018-10-04T09:57:52.102,2018-10-04T09:57:52.094,-0.008,-0.008,-0.101  -0.121
2018-10-04T09:57:53.119,2018-10-04T09:57:53.110,-0.009,-0.009,-0.101  -0.121
2018-10-04T09:57:54.140,2018-10-04T09:57:54.127,-0.013,-0.013,-0.101  -0.121
2018-10-04T09:57:55.157,2018-10-04T09:57:55.143,-0.014,-0.014,-0.101  -0.121
2018-10-04T09:57:56.177,2018-10-04T09:57:56.169,-0.008,-0.008,-0.101  -0.121
2018-10-04T09:57:57.197,2018-10-04T09:57:57.213,0.016,0.016,-0.101  -0.121
2018-10-04T09:57:58.218,2018-10-04T09:57:58.215,-0.003,-0.003,-0.101  -0.121
2018-10-04T09:57:59.236,2018-10-04T09:57:59.272,0.036,0.036,-0.101  -0.121
2018-10-04T09:58:00.254,2018-10-04T09:58:00.255,0.001,0.001,-0.101  -0.121
2018-10-04T09:58:01.271,2018-10-04T09:58:01.281,0.01,0.01,-0.101  -0.121
2018-10-04T09:58:02.289,2018-10-04T09:58:02.304,0.015,0.015,-0.101  -0.121
2018-10-04T09:58:03.309,2018-10-04T09:58:03.300,-0.009,-0.009,-0.101  -0.121
2018-10-04T09:58:04.327,2018-10-04T09:58:04.353,0.026,0.026,-0.101  -0.121
2018-10-04T09:58:05.344,2018-10-04T09:58:05.358,0.014,0.014,-0.101  -0.121
2018-10-04T09:58:06.364,2018-10-04T09:58:06.388,0.024,0.024,-0.101  -0.121
2018-10-04T09:58:07.382,2018-10-04T09:58:07.378,-0.004,-0.004,-0.101  -0.121
2018-10-04T09:58:08.399,2018-10-04T09:58:08.425,0.026,0.026,-0.101  -0.121
2018-10-04T09:58:09.421,2018-10-04T09:58:09.442,0.021,0.021,-0.101  -0.121
2018-10-04T09:58:10.446,2018-10-04T09:58:10.464,0.018,0.018,-0.101  -0.121
2018-10-04T09:58:11.465,2018-10-04T09:58:11.471,0.006,0.006,-0.101  -0.121
2018-10-04T09:58:12.493,2018-10-04T09:58:12.516,0.023,0.023,-0.101  -0.121
2018-10-04T09:58:13.511,2018-10-04T09:58:13.517,0.006,0.006,-0.101  -0.121
2018-10-04T09:58:14.532,2018-10-04T09:58:14.576,0.044,0.044,-0.101  -0.121
2018-10-04T09:58:15.599,2018-10-04T09:58:15.607,0.008,0.008,-0.101  -0.121
2018-10-04T09:58:16.618,2018-10-04T09:58:16.613,-0.005,-0.005,-0.101  -0.121
2018-10-04T09:58:17.640,2018-10-04T09:58:17.677,0.037,0.037,-0.101  -0.121
2018-10-04T09:58:18.658,2018-10-04T09:58:18.650,-0.008,-0.008,-0.101  -0.121
2018-10-04T09:58:19.679,2018-10-04T09:58:19.867,0.188,0.188,-0.101  -0.121
2018-10-04T09:58:20.705,2018-10-04T09:58:20.710,0.005,0.005,-0.101  -0.121
2018-10-04T09:58:21.727,2018-10-04T09:58:21.723,-0.004,-0.004,-0.101  -0.121
2018-10-04T09:58:22.743,2018-10-04T09:58:22.734,-0.009,-0.009,-0.101  -0.121
2018-10-04T09:58:23.762,2018-10-04T09:58:23.782,0.02,0.02,-0.101  -0.121
2018-10-04T09:58:24.779,2018-10-04T09:58:24.758,-0.021,-0.021,-0.101  -0.121
2018-10-04T09:58:25.800,2018-10-04T09:58:25.824,0.024,0.024,-0.101  -0.121
2018-10-04T09:58:26.820,2018-10-04T09:58:26.849,0.029,0.029,-0.101  -0.121
2018-10-04T09:58:27.840,2018-10-04T09:58:27.833,-0.007,-0.007,-0.101  -0.121
2018-10-04T09:58:28.858,2018-10-04T09:58:28.852,-0.006,-0.006,-0.101  -0.121
2018-10-04T09:58:29.877,2018-10-04T09:58:29.913,0.036,0.036,-0.101  -0.121
2018-10-04T09:58:30.895,2018-10-04T09:58:30.899,0.004,0.004,-0.101  -0.121
2018-10-04T09:58:31.915,2018-10-04T09:58:31.909,-0.006,-0.006,-0.101  -0.121
2018-10-04T09:58:32.933,2018-10-04T09:58:32.961,0.028,0.028,-0.101  -0.121
2018-10-04T09:58:33.955,2018-10-04T09:58:33.951,-0.004,-0.004,-0.101  -0.121
2018-10-04T09:58:34.973,2018-10-04T09:58:34.960,-0.013,-0.013,-0.101  -0.121
2018-10-04T09:58:35.991,2018-10-04T09:58:35.992,0.001,0.001,-0.101  -0.121
2018-10-04T09:58:37.009,2018-10-04T09:58:37.006,-0.003,-0.003,-0.101  -0.121
2018-10-04T09:58:38.031,2018-10-04T09:58:38.039,0.008,0.008,-0.101  -0.121
2018-10-04T09:58:39.048,2018-10-04T09:58:39.041,-0.007,-0.007,-0.101  -0.121
2018-10-04T09:58:40.067,2018-10-04T09:58:40.060,-0.007,-0.007,-0.101  -0.121
2018-10-04T09:58:41.084,2018-10-04T09:58:41.073,-0.011,-0.011,-0.101  -0.121
2018-10-04T09:58:42.106,2018-10-04T09:58:42.100,-0.006,-0.006,-0.101  -0.121
2018-10-04T09:58:43.123,2018-10-04T09:58:43.122,-0.001,-0.001,-0.101  -0.121
2018-10-04T09:58:44.143,2018-10-04T09:58:44.141,-0.002,-0.002,-0.101  -0.121
2018-10-04T09:58:45.163,2018-10-04T09:58:45.157,-0.006,-0.006,-0.101  -0.121
2018-10-04T09:58:46.184,2018-10-04T09:58:46.221,0.037,0.037,-0.101  -0.121
2018-10-04T09:58:47.201,2018-10-04T09:58:47.185,-0.016,-0.016,-0.101  -0.121
2018-10-04T09:58:48.219,2018-10-04T09:58:48.209,-0.01,-0.01,-0.101  -0.121
2018-10-04T09:58:49.235,2018-10-04T09:58:49.229,-0.006,-0.006,-0.101  -0.121
2018-10-04T09:58:50.256,2018-10-04T09:58:50.249,-0.007,-0.007,-0.101  -0.121
2018-10-04T09:58:51.277,2018-10-04T09:58:51.269,-0.008,-0.008,-0.101  -0.121
2018-10-04T09:58:52.297,2018-10-04T09:58:52.328,0.031,0.031,-0.101  -0.121
2018-10-04T09:58:53.328,2018-10-04T09:58:53.325,-0.003,-0.003,-0.101  -0.121
2018-10-04T09:58:54.350,2018-10-04T09:58:54.447,0.097,0.097,-0.101  -0.121
2018-10-04T09:58:55.366,2018-10-04T09:58:55.436,0.07,0.07,-0.101  -0.121
2018-10-04T09:58:56.387,2018-10-04T09:58:56.393,0.006,0.006,-0.101  -0.121
2018-10-04T09:58:57.406,2018-10-04T09:58:57.706,0.3,0.3,-0.101  -0.121
2018-10-04T09:58:58.428,2018-10-04T09:58:58.427,-0.001,-0.001,-0.101  -0.121
2018-10-04T09:58:59.453,2018-10-04T09:58:59.474,0.021,0.021,-0.101  -0.121
2018-10-04T09:59:00.471,2018-10-04T09:59:00.456,-0.015,-0.015,-0.101  -0.121
2018-10-04T09:59:01.488,2018-10-04T09:59:01.486,-0.002,-0.002,-0.101  -0.121
2018-10-04T09:59:02.508,2018-10-04T09:59:02.496,-0.012,-0.012,-0.101  -0.121
2018-10-04T09:59:03.525,2018-10-04T09:59:03.555,0.03,0.03,-0.101  -0.121
2018-10-04T09:59:04.542,2018-10-04T09:59:04.561,0.019,0.019,-0.101  -0.121
2018-10-04T09:59:05.561,2018-10-04T09:59:05.557,-0.004,-0.004,-0.101  -0.121
2018-10-04T09:59:06.583,2018-10-04T09:59:06.579,-0.004,-0.004,-0.101  -0.121
2018-10-04T09:59:07.600,2018-10-04T09:59:07.638,0.038,0.038,-0.101  -0.121
2018-10-04T09:59:08.618,2018-10-04T09:59:08.601,-0.017,-0.017,-0.101  -0.121
2018-10-04T09:59:09.636,2018-10-04T09:59:09.615,-0.021,-0.021,-0.101  -0.121
2018-10-04T09:59:10.656,2018-10-04T09:59:10.672,0.016,0.016,-0.101  -0.121
2018-10-04T09:59:11.675,2018-10-04T09:59:11.672,-0.003,-0.003,-0.101  -0.121
2018-10-04T09:59:12.695,2018-10-04T09:59:12.694,-0.001,-0.001,-0.101  -0.121
2018-10-04T09:59:13.712,2018-10-04T09:59:13.923,0.211,0.211,-0.101  -0.121
2018-10-04T09:59:14.733,2018-10-04T09:59:15.001,0.268,0.268,-0.101  -0.121
2018-10-04T09:59:15.765,2018-10-04T09:59:15.816,0.051,0.051,-0.101  -0.121
2018-10-04T09:59:16.789,2018-10-04T09:59:16.781,-0.008,-0.008,-0.101  -0.121
2018-10-04T09:59:17.809,2018-10-04T09:59:17.804,-0.005,-0.005,-0.101  -0.121
2018-10-04T09:59:18.826,2018-10-04T09:59:18.819,-0.007,-0.007,-0.101  -0.121
2018-10-04T09:59:19.847,2018-10-04T09:59:19.843,-0.004,-0.004,-0.101  -0.121
2018-10-04T09:59:20.865,2018-10-04T09:59:20.862,-0.003,-0.003,-0.101  -0.121
2018-10-04T09:59:21.886,2018-10-04T09:59:21.877,-0.009,-0.009,-0.101  -0.121
2018-10-04T09:59:22.905,2018-10-04T09:59:22.898,-0.007,-0.007,-0.101  -0.121
2018-10-04T09:59:23.924,2018-10-04T09:59:23.908,-0.016,-0.016,-0.101  -0.121
2018-10-04T09:59:24.940,2018-10-04T09:59:24.939,-0.001,-0.001,-0.101  -0.121
2018-10-04T09:59:25.960,2018-10-04T09:59:25.947,-0.013,-0.013,-0.101  -0.121
2018-10-04T09:59:26.978,2018-10-04T09:59:26.962,-0.016,-0.016,-0.101  -0.121
2018-10-04T09:59:27.997,2018-10-04T09:59:27.990,-0.007,-0.007,-0.101  -0.121
2018-10-04T09:59:29.017,2018-10-04T09:59:29.015,-0.002,-0.002,-0.101  -0.121
2018-10-04T09:59:30.039,2018-10-04T09:59:30.026,-0.013,-0.013,-0.101  -0.121
2018-10-04T09:59:31.056,2018-10-04T09:59:31.085,0.029,0.029,-0.101  -0.121
2018-10-04T09:59:32.077,2018-10-04T09:59:32.076,-0.001,-0.001,-0.101  -0.121
2018-10-04T09:59:33.095,2018-10-04T09:59:33.089,-0.006,-0.006,-0.101  -0.121
2018-10-04T09:59:34.116,2018-10-04T09:59:34.193,0.077,0.077,-0.101  -0.121
2018-10-04T09:59:35.131,2018-10-04T09:59:38.805,3.674,3.674,-0.101  -0.121
2018-10-04T09:59:36.150,2018-10-04T09:59:38.838,2.688,2.688,-0.101  -0.121
2018-10-04T09:59:37.168,2018-10-04T09:59:38.882,1.714,1.714,-0.101  -0.121
2018-10-04T09:59:38.190,2018-10-04T09:59:38.930,0.74,0.74,-0.101  -0.121
2018-10-04T09:59:39.206,2018-10-04T09:59:39.312,0.106,0.106,-0.101  -0.121
2018-10-04T09:59:40.224,2018-10-04T09:59:40.223,-0.001,-0.001,-0.101  -0.121
2018-10-04T09:59:41.240,2018-10-04T09:59:41.313,0.073,0.073,-0.101  -0.121
2018-10-04T09:59:42.260,2018-10-04T09:59:42.247,-0.013,-0.013,-0.101  -0.121
2018-10-04T09:59:43.276,2018-10-04T09:59:43.264,-0.012,-0.012,-0.101  -0.121
2018-10-04T09:59:44.294,2018-10-04T09:59:44.313,0.019,0.019,-0.101  -0.121
2018-10-04T09:59:45.329,2018-10-04T09:59:45.353,0.024,0.024,-0.101  -0.121
2018-10-04T09:59:46.349,2018-10-04T09:59:46.343,-0.006,-0.006,-0.101  -0.121
2018-10-04T09:59:47.366,2018-10-04T09:59:47.360,-0.006,-0.006,-0.101  -0.121
2018-10-04T09:59:48.384,2018-10-04T09:59:48.414,0.03,0.03,-0.101  -0.121
2018-10-04T09:59:49.401,2018-10-04T09:59:49.392,-0.009,-0.009,-0.101  -0.121
2018-10-04T09:59:50.420,2018-10-04T09:59:50.401,-0.019,-0.019,-0.101  -0.121
2018-10-04T09:59:51.437,2018-10-04T09:59:51.424,-0.013,-0.013,-0.101  -0.121
2018-10-04T09:59:52.456,2018-10-04T09:59:52.461,0.005,0.005,-0.101  -0.121
2018-10-04T09:59:53.475,2018-10-04T09:59:53.464,-0.011,-0.011,-0.101  -0.121
2018-10-04T09:59:54.496,2018-10-04T09:59:54.489,-0.007,-0.007,-0.101  -0.121
2018-10-04T09:59:55.513,2018-10-04T09:59:55.509,-0.004,-0.004,-0.101  -0.121
2018-10-04T09:59:56.532,2018-10-04T09:59:56.583,0.051,0.051,-0.101  -0.121
2018-10-04T09:59:57.551,2018-10-04T09:59:57.601,0.05,0.05,-0.101  -0.121
2018-10-04T09:59:58.572,2018-10-04T09:59:58.569,-0.003,-0.003,-0.101  -0.121
2018-10-04T09:59:59.588,2018-10-04T09:59:59.582,-0.006,-0.006,-0.101  -0.121
2018-10-04T10:00:00.607,2018-10-04T10:00:00.601,-0.006,-0.006,-0.101  -0.121
2018-10-04T10:00:01.625,2018-10-04T10:00:02.403,0.778,0.778,-0.101  -0.121
2018-10-04T10:00:03.418,2018-10-04T10:00:03.470,0.052,0.052,-0.101  -0.121
2018-10-04T10:00:04.495,2018-10-04T10:00:04.526,0.031,0.031,-0.101  -0.121
2018-10-04T10:00:05.516,2018-10-04T10:00:05.505,-0.011,-0.011,-0.101  -0.121
2018-10-04T10:00:06.533,2018-10-04T10:00:06.528,-0.005,-0.005,-0.101  -0.121
2018-10-04T10:00:07.558,2018-10-04T10:00:07.554,-0.004,-0.004,-0.101  -0.121
2018-10-04T10:00:08.584,2018-10-04T10:00:08.606,0.022,0.022,-0.101  -0.121
2018-10-04T10:00:09.606,2018-10-04T10:00:09.590,-0.016,-0.016,-0.101  -0.121
2018-10-04T10:00:10.623,2018-10-04T10:00:10.658,0.035,0.035,-0.101  -0.121
2018-10-04T10:00:11.681,2018-10-04T10:00:11.702,0.021,0.021,-0.101  -0.121
2018-10-04T10:00:12.716,2018-10-04T10:00:12.731,0.015,0.015,-0.101  -0.121
2018-10-04T10:00:13.746,2018-10-04T10:00:13.747,0.001,0.001,-0.101  -0.121
2018-10-04T10:00:14.762,2018-10-04T10:00:14.772,0.01,0.01,-0.101  -0.121
2018-10-04T10:00:15.792,2018-10-04T10:00:15.820,0.028,0.028,-0.101  -0.121
2018-10-04T10:00:16.812,2018-10-04T10:00:16.809,-0.003,-0.003,-0.101  -0.121
2018-10-04T10:00:17.830,2018-10-04T10:00:17.839,0.009,0.009,-0.101  -0.121
2018-10-04T10:00:18.847,2018-10-04T10:00:18.841,-0.006,-0.006,-0.101  -0.121
2018-10-04T10:00:19.864,2018-10-04T10:00:19.858,-0.006,-0.006,-0.101  -0.121
2018-10-04T10:00:20.884,2018-10-04T10:00:20.912,0.028,0.028,-0.101  -0.121
2018-10-04T10:00:21.901,2018-10-04T10:00:21.898,-0.003,-0.003,-0.101  -0.121
2018-10-04T10:00:22.928,2018-10-04T10:00:22.921,-0.007,-0.007,-0.101  -0.121
2018-10-04T10:00:23.947,2018-10-04T10:00:23.961,0.014,0.014,-0.101  -0.121
2018-10-04T10:00:24.966,2018-10-04T10:00:25.053,0.087,0.087,-0.101  -0.121
2018-10-04T10:00:25.982,2018-10-04T10:00:25.973,-0.009,-0.009,-0.101  -0.121
2018-10-04T10:00:27.000,2018-10-04T10:00:27.036,0.036,0.036,-0.101  -0.121
2018-10-04T10:00:28.019,2018-10-04T10:00:28.011,-0.008,-0.008,-0.101  -0.121
2018-10-04T10:00:29.037,2018-10-04T10:00:29.076,0.039,0.039,-0.101  -0.121
2018-10-04T10:00:30.056,2018-10-04T10:00:30.069,0.013,0.013,-0.101  -0.121
2018-10-04T10:00:31.075,2018-10-04T10:00:31.069,-0.006,-0.006,-0.101  -0.121
2018-10-04T10:00:32.093,2018-10-04T10:00:32.120,0.027,0.027,-0.101  -0.121
2018-10-04T10:00:33.116,2018-10-04T10:00:33.131,0.015,0.015,-0.101  -0.121
2018-10-04T10:00:34.132,2018-10-04T10:00:34.117,-0.015,-0.015,-0.101  -0.121
2018-10-04T10:00:35.149,2018-10-04T10:00:35.173,0.024,0.024,-0.101  -0.121
2018-10-04T10:00:36.168,2018-10-04T10:00:36.170,0.002,0.002,-0.101  -0.121
2018-10-04T10:00:37.191,2018-10-04T10:00:37.182,-0.009,-0.009,-0.101  -0.121
2018-10-04T10:00:38.208,2018-10-04T10:00:38.202,-0.006,-0.006,-0.101  -0.121
2018-10-04T10:00:39.227,2018-10-04T10:00:39.220,-0.007,-0.007,-0.101  -0.121
2018-10-04T10:00:40.244,2018-10-04T10:00:40.284,0.04,0.04,-0.101  -0.121
2018-10-04T10:00:41.263,2018-10-04T10:00:41.262,-0.001,-0.001,-0.101  -0.121
2018-10-04T10:00:42.280,2018-10-04T10:00:42.268,-0.012,-0.012,-0.101  -0.121
2018-10-04T10:00:43.298,2018-10-04T10:00:43.289,-0.009,-0.009,-0.101  -0.121
2018-10-04T10:00:44.316,2018-10-04T10:00:44.301,-0.015,-0.015,-0.101  -0.121
2018-10-04T10:00:45.335,2018-10-04T10:00:45.326,-0.009,-0.009,-0.101  -0.121
2018-10-04T10:00:46.352,2018-10-04T10:00:46.381,0.029,0.029,-0.101  -0.121
2018-10-04T10:00:47.373,2018-10-04T10:00:51.384,4.011,4.011,-0.101  -0.121
2018-10-04T10:00:48.388,2018-10-04T10:00:51.643,3.255,3.255,-0.101  -0.121
2018-10-04T10:00:49.409,2018-10-04T10:00:51.671,2.262,2.262,-0.101  -0.121
2018-10-04T10:00:50.424,2018-10-04T10:00:51.707,1.283,1.283,-0.101  -0.121
2018-10-04T10:00:51.442,2018-10-04T10:00:51.780,0.338,0.338,-0.101  -0.121
2018-10-04T10:00:52.459,2018-10-04T10:00:52.510,0.051,0.051,-0.101  -0.121
2018-10-04T10:00:53.480,2018-10-04T10:00:53.533,0.053,0.053,-0.101  -0.121
2018-10-04T10:00:54.497,2018-10-04T10:00:54.633,0.136,0.136,-0.101  -0.121
2018-10-04T10:00:55.518,2018-10-04T10:00:55.774,0.256,0.256,-0.101  -0.121
2018-10-04T10:00:56.535,2018-10-04T10:00:56.873,0.338,0.338,-0.101  -0.121
2018-10-04T10:00:57.555,2018-10-04T10:00:57.550,-0.005,-0.005,-0.101  -0.121
2018-10-04T10:00:58.571,2018-10-04T10:00:58.574,0.003,0.003,-0.101  -0.121
2018-10-04T10:00:59.590,2018-10-04T10:00:59.586,-0.004,-0.004,-0.101  -0.121
2018-10-04T10:01:00.608,2018-10-04T10:01:00.604,-0.004,-0.004,-0.101  -0.121
2018-10-04T10:01:01.632,2018-10-04T10:01:01.654,0.022,0.022,-0.101  -0.121
2018-10-04T10:01:02.651,2018-10-04T10:01:02.666,0.015,0.015,-0.101  -0.121
2018-10-04T10:01:03.671,2018-10-04T10:01:03.716,0.045,0.045,-0.101  -0.121
2018-10-04T10:01:04.689,2018-10-04T10:01:04.696,0.007,0.007,-0.101  -0.121
2018-10-04T10:01:05.712,2018-10-04T10:01:05.733,0.021,0.021,-0.101  -0.121
2018-10-04T10:01:06.729,2018-10-04T10:01:06.746,0.017,0.017,-0.101  -0.121
2018-10-04T10:01:07.747,2018-10-04T10:01:07.742,-0.005,-0.005,-0.101  -0.121
2018-10-04T10:01:08.764,2018-10-04T10:01:08.791,0.027,0.027,-0.101  -0.121
2018-10-04T10:01:09.787,2018-10-04T10:01:09.763,-0.024,-0.024,-0.101  -0.121
2018-10-04T10:01:10.805,2018-10-04T10:01:10.828,0.023,0.023,-0.101  -0.121
2018-10-04T10:01:11.829,2018-10-04T10:01:11.814,-0.015,-0.015,-0.101  -0.121
2018-10-04T10:01:12.846,2018-10-04T10:01:12.866,0.02,0.02,-0.101  -0.121
2018-10-04T10:01:13.866,2018-10-04T10:01:13.854,-0.012,-0.012,-0.101  -0.121
2018-10-04T10:01:14.884,2018-10-04T10:01:15.127,0.243,0.243,-0.101  -0.121
2018-10-04T10:01:16.144,2018-10-04T10:01:16.132,-0.012,-0.012,-0.101  -0.121
2018-10-04T10:01:17.164,2018-10-04T10:01:17.189,0.025,0.025,-0.101  -0.121
2018-10-04T10:01:18.184,2018-10-04T10:01:18.173,-0.011,-0.011,-0.101  -0.121
2018-10-04T10:01:19.204,2018-10-04T10:01:19.197,-0.007,-0.007,-0.101  -0.121
2018-10-04T10:01:20.223,2018-10-04T10:01:20.288,0.065,0.065,-0.101  -0.121
2018-10-04T10:01:21.244,2018-10-04T10:01:21.243,-0.001,-0.001,-0.101  -0.121
2018-10-04T10:01:22.263,2018-10-04T10:01:22.250,-0.013,-0.013,-0.101  -0.121
2018-10-04T10:01:23.282,2018-10-04T10:01:23.318,0.036,0.036,-0.101  -0.121
2018-10-04T10:01:24.300,2018-10-04T10:01:24.298,-0.002,-0.002,-0.101  -0.121
2018-10-04T10:01:25.319,2018-10-04T10:01:25.303,-0.016,-0.016,-0.101  -0.121
2018-10-04T10:01:26.336,2018-10-04T10:01:26.354,0.018,0.018,-0.101  -0.121
2018-10-04T10:01:27.355,2018-10-04T10:01:27.347,-0.008,-0.008,-0.101  -0.121
2018-10-04T10:01:28.372,2018-10-04T10:01:28.381,0.009,0.009,-0.101  -0.121
2018-10-04T10:01:29.394,2018-10-04T10:01:29.386,-0.008,-0.008,-0.101  -0.121
2018-10-04T10:01:30.411,2018-10-04T10:01:30.465,0.054,0.054,-0.101  -0.121
2018-10-04T10:01:31.428,2018-10-04T10:01:31.430,0.002,0.002,-0.101  -0.121
2018-10-04T10:01:32.447,2018-10-04T10:01:32.456,0.009,0.009,-0.101  -0.121
2018-10-04T10:01:33.468,2018-10-04T10:01:33.452,-0.016,-0.016,-0.101  -0.121
2018-10-04T10:01:34.483,2018-10-04T10:01:34.464,-0.019,-0.019,-0.101  -0.121
2018-10-04T10:01:35.502,2018-10-04T10:01:35.779,0.277,0.277,-0.101  -0.121
2018-10-04T10:01:36.519,2018-10-04T10:01:36.550,0.031,0.031,-0.101  -0.121
2018-10-04T10:01:37.542,2018-10-04T10:01:37.593,0.051,0.051,-0.101  -0.121
2018-10-04T10:01:38.558,2018-10-04T10:01:38.574,0.016,0.016,-0.101  -0.121
2018-10-04T10:01:39.576,2018-10-04T10:01:39.569,-0.007,-0.007,-0.101  -0.121
2018-10-04T10:01:40.597,2018-10-04T10:01:40.587,-0.01,-0.01,-0.101  -0.121
2018-10-04T10:01:41.617,2018-10-04T10:01:41.616,-0.001,-0.001,-0.101  -0.121
2018-10-04T10:01:42.635,2018-10-04T10:01:42.639,0.004,0.004,-0.101  -0.121
2018-10-04T10:01:43.657,2018-10-04T10:01:43.645,-0.012,-0.012,-0.101  -0.121
2018-10-04T10:01:44.673,2018-10-04T10:01:44.675,0.002,0.002,-0.101  -0.121
2018-10-04T10:01:45.694,2018-10-04T10:01:45.705,0.011,0.011,-0.101  -0.121
2018-10-04T10:01:46.711,2018-10-04T10:01:46.736,0.025,0.025,-0.101  -0.121
2018-10-04T10:01:47.729,2018-10-04T10:01:47.744,0.015,0.015,-0.101  -0.121
2018-10-04T10:01:48.746,2018-10-04T10:01:48.764,0.018,0.018,-0.101  -0.121
2018-10-04T10:01:49.767,2018-10-04T10:01:49.789,0.022,0.022,-0.101  -0.121
2018-10-04T10:01:50.787,2018-10-04T10:01:50.797,0.01,0.01,-0.101  -0.121
2018-10-04T10:01:51.806,2018-10-04T10:01:51.862,0.056,0.056,-0.101  -0.121
2018-10-04T10:01:52.825,2018-10-04T10:01:52.826,0.001,0.001,-0.101  -0.121
2018-10-04T10:01:53.846,2018-10-04T10:01:53.843,-0.003,-0.003,-0.101  -0.121
2018-10-04T10:01:54.867,2018-10-04T10:01:54.872,0.005,0.005,-0.101  -0.121
2018-10-04T10:01:55.886,2018-10-04T10:01:55.928,0.042,0.042,-0.101  -0.121
2018-10-04T10:01:56.903,2018-10-04T10:01:56.885,-0.018,-0.018,-0.101  -0.121
2018-10-04T10:01:57.923,2018-10-04T10:01:57.953,0.03,0.03,-0.101  -0.121
2018-10-04T10:01:58.945,2018-10-04T10:01:58.939,-0.006,-0.006,-0.101  -0.121
2018-10-04T10:01:59.964,2018-10-04T10:01:59.958,-0.006,-0.006,-0.101  -0.121
2018-10-04T10:02:00.982,2018-10-04T10:02:01.016,0.034,0.034,-0.101  -0.121
2018-10-04T10:02:02.012,2018-10-04T10:02:02.023,0.011,0.011,-0.101  -0.121
2018-10-04T10:02:03.030,2018-10-04T10:02:03.031,0.001,0.001,-0.101  -0.121
2018-10-04T10:02:04.051,2018-10-04T10:02:04.043,-0.008,-0.008,-0.101  -0.121
2018-10-04T10:02:05.072,2018-10-04T10:02:05.066,-0.006,-0.006,-0.101  -0.121
2018-10-04T10:02:06.093,2018-10-04T10:02:06.126,0.033,0.033,-0.101  -0.121
2018-10-04T10:02:07.152,2018-10-04T10:02:07.249,0.097,0.097,-0.101  -0.121
2018-10-04T10:02:08.177,2018-10-04T10:02:08.244,0.067,0.067,-0.101  -0.121
2018-10-04T10:02:09.195,2018-10-04T10:02:09.254,0.059,0.059,-0.101  -0.121
2018-10-04T10:02:10.215,2018-10-04T10:02:10.254,0.039,0.039,-0.101  -0.121
2018-10-04T10:02:11.234,2018-10-04T10:02:11.222,-0.012,-0.012,-0.101  -0.121
2018-10-04T10:02:12.253,2018-10-04T10:02:12.299,0.046,0.046,-0.101  -0.121
2018-10-04T10:02:13.271,2018-10-04T10:02:13.266,-0.005,-0.005,-0.101  -0.121
2018-10-04T10:02:14.292,2018-10-04T10:02:14.327,0.035,0.035,-0.101  -0.121
2018-10-04T10:02:15.318,2018-10-04T10:02:15.313,-0.005,-0.005,-0.101  -0.121
2018-10-04T10:02:16.340,2018-10-04T10:02:16.327,-0.013,-0.013,-0.101  -0.121
2018-10-04T10:02:17.360,2018-10-04T10:02:17.349,-0.011,-0.011,-0.101  -0.121
2018-10-04T10:02:18.380,2018-10-04T10:02:18.425,0.045,0.045,-0.101  -0.121
2018-10-04T10:02:19.400,2018-10-04T10:02:19.385,-0.015,-0.015,-0.101  -0.121
2018-10-04T10:02:20.424,2018-10-04T10:02:20.427,0.003,0.003,-0.101  -0.121
2018-10-04T10:02:21.443,2018-10-04T10:02:21.430,-0.013,-0.013,-0.101  -0.121
2018-10-04T10:02:22.464,2018-10-04T10:02:22.486,0.022,0.022,-0.101  -0.121
2018-10-04T10:02:23.492,2018-10-04T10:02:23.481,-0.011,-0.011,-0.101  -0.121
2018-10-04T10:02:24.515,2018-10-04T10:02:24.529,0.014,0.014,-0.101  -0.121
2018-10-04T10:02:25.535,2018-10-04T10:02:25.536,0.001,0.001,-0.101  -0.121
2018-10-04T10:02:26.558,2018-10-04T10:02:26.944,0.386,0.386,-0.101  -0.121
2018-10-04T10:02:27.577,2018-10-04T10:02:27.572,-0.005,-0.005,-0.101  -0.121
2018-10-04T10:02:28.600,2018-10-04T10:02:28.626,0.026,0.026,-0.101  -0.121
2018-10-04T10:02:29.617,2018-10-04T10:02:29.814,0.197,0.197,-0.101  -0.121
2018-10-04T10:02:30.635,2018-10-04T10:02:30.620,-0.015,-0.015,-0.101  -0.121
2018-10-04T10:02:31.652,2018-10-04T10:02:31.673,0.021,0.021,-0.101  -0.121
2018-10-04T10:02:32.674,2018-10-04T10:02:32.668,-0.006,-0.006,-0.101  -0.121
2018-10-04T10:02:33.691,2018-10-04T10:02:33.705,0.014,0.014,-0.101  -0.121
2018-10-04T10:02:34.709,2018-10-04T10:02:34.729,0.02,0.02,-0.101  -0.121
2018-10-04T10:02:35.728,2018-10-04T10:02:35.745,0.017,0.017,-0.101  -0.121
2018-10-04T10:02:36.748,2018-10-04T10:02:36.744,-0.004,-0.004,-0.101  -0.121
2018-10-04T10:02:37.770,2018-10-04T10:02:37.821,0.051,0.051,-0.101  -0.121
2018-10-04T10:02:38.789,2018-10-04T10:02:39.376,0.587,0.587,-0.101  -0.121
2018-10-04T10:02:40.360,2018-10-04T10:02:40.381,0.021,0.021,-0.101  -0.121
2018-10-04T10:02:41.383,2018-10-04T10:02:41.396,0.013,0.013,-0.101  -0.121
2018-10-04T10:02:42.398,2018-10-04T10:02:42.397,-0.001,-0.001,-0.101  -0.121
2018-10-04T10:02:43.418,2018-10-04T10:02:43.413,-0.005,-0.005,-0.101  -0.121
2018-10-04T10:02:44.436,2018-10-04T10:02:44.425,-0.011,-0.011,-0.101  -0.121
2018-10-04T10:02:45.458,2018-10-04T10:02:45.458,0.0,0.0,-0.101  -0.121
2018-10-04T10:02:46.479,2018-10-04T10:02:46.474,-0.005,-0.005,-0.101  -0.121
2018-10-04T10:02:47.500,2018-10-04T10:02:47.593,0.093,0.093,-0.101  -0.121
2018-10-04T10:02:48.519,2018-10-04T10:02:48.514,-0.005,-0.005,-0.101  -0.121
2018-10-04T10:02:49.539,2018-10-04T10:02:49.527,-0.012,-0.012,-0.101  -0.121
2018-10-04T10:02:50.555,2018-10-04T10:02:50.556,0.001,0.001,-0.101  -0.121
2018-10-04T10:02:51.576,2018-10-04T10:02:51.564,-0.012,-0.012,-0.101  -0.121
2018-10-04T10:02:52.596,2018-10-04T10:02:52.628,0.032,0.032,-0.101  -0.121
2018-10-04T10:02:53.615,2018-10-04T10:02:53.622,0.007,0.007,-0.101  -0.121
2018-10-04T10:02:54.638,2018-10-04T10:02:54.791,0.153,0.153,-0.101  -0.121
2018-10-04T10:02:55.661,2018-10-04T10:02:55.657,-0.004,-0.004,-0.101  -0.121
2018-10-04T10:02:56.680,2018-10-04T10:02:56.674,-0.006,-0.006,-0.101  -0.121
2018-10-04T10:02:57.704,2018-10-04T10:02:57.695,-0.009,-0.009,-0.101  -0.121
2018-10-04T10:02:58.721,2018-10-04T10:02:58.715,-0.006,-0.006,-0.101  -0.121
2018-10-04T10:02:59.740,2018-10-04T10:02:59.734,-0.006,-0.006,-0.101  -0.121
2018-10-04T10:03:00.757,2018-10-04T10:03:00.766,0.009,0.009,-0.101  -0.121
2018-10-04T10:03:01.777,2018-10-04T10:03:01.775,-0.002,-0.002,-0.101  -0.121
2018-10-04T10:03:02.803,2018-10-04T10:03:02.795,-0.008,-0.008,-0.101  -0.121
2018-10-04T10:03:03.821,2018-10-04T10:03:03.820,-0.001,-0.001,-0.101  -0.121
2018-10-04T10:03:04.844,2018-10-04T10:03:04.871,0.027,0.027,-0.101  -0.121
2018-10-04T10:03:05.868,2018-10-04T10:03:05.885,0.017,0.017,-0.101  -0.121
2018-10-04T10:03:06.886,2018-10-04T10:03:06.906,0.02,0.02,-0.101  -0.121
2018-10-04T10:03:07.906,2018-10-04T10:03:07.892,-0.014,-0.014,-0.101  -0.121
2018-10-04T10:03:08.924,2018-10-04T10:03:11.034,2.11,2.11,-0.101  -0.121
2018-10-04T10:03:09.944,2018-10-04T10:03:11.064,1.12,1.12,-0.101  -0.121
2018-10-04T10:03:10.967,2018-10-04T10:03:11.113,0.146,0.146,-0.101  -0.121
2018-10-04T10:03:11.985,2018-10-04T10:03:11.981,-0.004,-0.004,-0.101  -0.121
2018-10-04T10:03:13.012,2018-10-04T10:03:13.001,-0.011,-0.011,-0.101  -0.121
2018-10-04T10:03:14.033,2018-10-04T10:03:14.067,0.034,0.034,-0.101  -0.121
2018-10-04T10:03:15.069,2018-10-04T10:03:15.083,0.014,0.014,-0.101  -0.121
2018-10-04T10:03:16.091,2018-10-04T10:03:16.102,0.011,0.011,-0.101  -0.121
2018-10-04T10:03:17.110,2018-10-04T10:03:17.125,0.015,0.015,-0.101  -0.121
2018-10-04T10:03:18.126,2018-10-04T10:03:18.398,0.272,0.272,-0.101  -0.121
2018-10-04T10:03:19.148,2018-10-04T10:03:22.125,2.977,2.977,-0.101  -0.121
2018-10-04T10:03:20.165,2018-10-04T10:03:22.152,1.987,1.987,-0.101  -0.121
2018-10-04T10:03:21.185,2018-10-04T10:03:22.189,1.004,1.004,-0.101  -0.121
2018-10-04T10:03:22.212,2018-10-04T10:03:22.251,0.039,0.039,-0.101  -0.121
2018-10-04T10:03:23.234,2018-10-04T10:03:23.211,-0.023,-0.023,-0.101  -0.121
2018-10-04T10:03:24.252,2018-10-04T10:03:24.264,0.012,0.012,-0.101  -0.121
2018-10-04T10:03:25.273,2018-10-04T10:03:25.273,0.0,0.0,-0.101  -0.121
2018-10-04T10:03:26.291,2018-10-04T10:03:26.271,-0.02,-0.02,-0.101  -0.121
2018-10-04T10:03:27.314,2018-10-04T10:03:27.308,-0.006,-0.006,-0.101  -0.121
2018-10-04T10:03:28.332,2018-10-04T10:03:28.352,0.02,0.02,-0.101  -0.121
2018-10-04T10:03:29.353,2018-10-04T10:03:29.333,-0.02,-0.02,-0.101  -0.121
2018-10-04T10:03:30.373,2018-10-04T10:03:30.352,-0.021,-0.021,-0.101  -0.121
2018-10-04T10:03:31.393,2018-10-04T10:03:31.404,0.011,0.011,-0.101  -0.121
2018-10-04T10:03:32.411,2018-10-04T10:03:32.413,0.002,0.002,-0.101  -0.121
2018-10-04T10:03:33.431,2018-10-04T10:03:33.449,0.018,0.018,-0.101  -0.121
2018-10-04T10:03:34.450,2018-10-04T10:03:34.509,0.059,0.059,-0.101  -0.121
2018-10-04T10:03:35.470,2018-10-04T10:03:35.452,-0.018,-0.018,-0.101  -0.121
2018-10-04T10:03:36.487,2018-10-04T10:03:36.493,0.006,0.006,-0.101  -0.121
2018-10-04T10:03:37.504,2018-10-04T10:03:37.474,-0.03,-0.03,-0.101  -0.121
2018-10-04T10:03:38.521,2018-10-04T10:03:38.631,0.11,0.11,-0.101  -0.121
2018-10-04T10:03:39.542,2018-10-04T10:03:39.522,-0.02,-0.02,-0.101  -0.121
2018-10-04T10:03:40.558,2018-10-04T10:03:40.566,0.008,0.008,-0.101  -0.121
2018-10-04T10:03:41.578,2018-10-04T10:03:41.562,-0.016,-0.016,-0.101  -0.121
2018-10-04T10:03:42.599,2018-10-04T10:03:42.602,0.003,0.003,-0.101  -0.121
2018-10-04T10:03:43.619,2018-10-04T10:03:43.603,-0.016,-0.016,-0.101  -0.121
2018-10-04T10:03:44.635,2018-10-04T10:03:44.645,0.01,0.01,-0.101  -0.121
2018-10-04T10:03:45.653,2018-10-04T10:03:45.660,0.007,0.007,-0.101  -0.121
2018-10-04T10:03:46.670,2018-10-04T10:03:46.661,-0.009,-0.009,-0.101  -0.121
2018-10-04T10:03:47.690,2018-10-04T10:03:47.706,0.016,0.016,-0.101  -0.121
2018-10-04T10:03:48.710,2018-10-04T10:03:48.722,0.012,0.012,-0.101  -0.121
2018-10-04T10:03:49.729,2018-10-04T10:03:49.735,0.006,0.006,-0.101  -0.121
2018-10-04T10:03:50.747,2018-10-04T10:03:50.793,0.046,0.046,-0.101  -0.121
2018-10-04T10:03:51.769,2018-10-04T10:03:51.764,-0.005,-0.005,-0.101  -0.121
2018-10-04T10:03:52.786,2018-10-04T10:03:52.773,-0.013,-0.013,-0.101  -0.121
2018-10-04T10:03:53.806,2018-10-04T10:03:53.805,-0.001,-0.001,-0.101  -0.121
2018-10-04T10:03:54.825,2018-10-04T10:03:54.825,0.0,0.0,-0.101  -0.121
2018-10-04T10:03:55.845,2018-10-04T10:03:55.874,0.029,0.029,-0.101  -0.121
2018-10-04T10:03:56.863,2018-10-04T10:03:56.849,-0.014,-0.014,-0.101  -0.121
2018-10-04T10:03:57.880,2018-10-04T10:03:57.901,0.021,0.021,-0.101  -0.121
2018-10-04T10:03:58.901,2018-10-04T10:03:58.929,0.028,0.028,-0.101  -0.121
2018-10-04T10:03:59.925,2018-10-04T10:04:02.461,2.536,2.536,-0.101  -0.121
2018-10-04T10:04:00.942,2018-10-04T10:04:02.515,1.573,1.573,-0.101  -0.121
2018-10-04T10:04:01.965,2018-10-04T10:04:02.552,0.587,0.587,-0.101  -0.121
2018-10-04T10:04:02.982,2018-10-04T10:04:02.963,-0.019,-0.019,-0.101  -0.121
2018-10-04T10:04:04.002,2018-10-04T10:04:03.991,-0.011,-0.011,-0.101  -0.121
2018-10-04T10:04:05.020,2018-10-04T10:04:05.015,-0.005,-0.005,-0.101  -0.121
2018-10-04T10:04:06.039,2018-10-04T10:04:06.027,-0.012,-0.012,-0.101  -0.121
2018-10-04T10:04:07.055,2018-10-04T10:04:07.066,0.011,0.011,-0.101  -0.121
2018-10-04T10:04:08.075,2018-10-04T10:04:08.094,0.019,0.019,-0.101  -0.121
2018-10-04T10:04:09.091,2018-10-04T10:04:09.106,0.015,0.015,-0.101  -0.121
2018-10-04T10:04:10.112,2018-10-04T10:04:10.105,-0.007,-0.007,-0.101  -0.121
2018-10-04T10:04:11.133,2018-10-04T10:04:11.131,-0.002,-0.002,-0.101  -0.121
2018-10-04T10:04:12.153,2018-10-04T10:04:12.143,-0.01,-0.01,-0.101  -0.121
2018-10-04T10:04:13.169,2018-10-04T10:04:13.164,-0.005,-0.005,-0.101  -0.121
2018-10-04T10:04:14.187,2018-10-04T10:04:14.231,0.044,0.044,-0.101  -0.121
2018-10-04T10:04:15.218,2018-10-04T10:04:15.209,-0.009,-0.009,-0.101  -0.121
2018-10-04T10:04:16.236,2018-10-04T10:04:16.235,-0.001,-0.001,-0.101  -0.121
2018-10-04T10:04:17.258,2018-10-04T10:04:17.248,-0.01,-0.01,-0.101  -0.121
2018-10-04T10:04:18.278,2018-10-04T10:04:18.273,-0.005,-0.005,-0.101  -0.121
2018-10-04T10:04:19.298,2018-10-04T10:04:19.482,0.184,0.184,-0.101  -0.121
2018-10-04T10:04:20.318,2018-10-04T10:04:20.313,-0.005,-0.005,-0.101  -0.121
2018-10-04T10:04:21.339,2018-10-04T10:04:21.414,0.075,0.075,-0.101  -0.121
2018-10-04T10:04:22.365,2018-10-04T10:04:22.354,-0.011,-0.011,-0.101  -0.121
2018-10-04T10:04:23.384,2018-10-04T10:04:23.376,-0.008,-0.008,-0.101  -0.121
2018-10-04T10:04:24.402,2018-10-04T10:04:24.395,-0.007,-0.007,-0.101  -0.121
2018-10-04T10:04:25.420,2018-10-04T10:04:25.403,-0.017,-0.017,-0.101  -0.121
2018-10-04T10:04:26.437,2018-10-04T10:04:26.436,-0.001,-0.001,-0.101  -0.121
2018-10-04T10:04:27.460,2018-10-04T10:04:27.566,0.106,0.106,-0.101  -0.121
2018-10-04T10:04:28.477,2018-10-04T10:04:28.471,-0.006,-0.006,-0.101  -0.121
2018-10-04T10:04:29.499,2018-10-04T10:04:29.526,0.027,0.027,-0.101  -0.121
2018-10-04T10:04:30.517,2018-10-04T10:04:30.514,-0.003,-0.003,-0.101  -0.121
2018-10-04T10:04:31.538,2018-10-04T10:04:31.573,0.035,0.035,-0.101  -0.121
2018-10-04T10:04:32.556,2018-10-04T10:04:32.554,-0.002,-0.002,-0.101  -0.121
2018-10-04T10:04:33.580,2018-10-04T10:04:33.568,-0.012,-0.012,-0.101  -0.121
2018-10-04T10:04:34.597,2018-10-04T10:04:34.645,0.048,0.048,-0.101  -0.121
2018-10-04T10:04:35.621,2018-10-04T10:04:36.112,0.491,0.491,-0.101  -0.121
2018-10-04T10:04:36.640,2018-10-04T10:04:36.623,-0.017,-0.017,-0.101  -0.121
2018-10-04T10:04:37.662,2018-10-04T10:04:37.675,0.013,0.013,-0.101  -0.121
2018-10-04T10:04:38.681,2018-10-04T10:04:38.671,-0.01,-0.01,-0.101  -0.121
2018-10-04T10:04:39.705,2018-10-04T10:04:39.698,-0.007,-0.007,-0.101  -0.121
2018-10-04T10:04:40.724,2018-10-04T10:04:40.719,-0.005,-0.005,-0.101  -0.121
2018-10-04T10:04:41.747,2018-10-04T10:04:41.743,-0.004,-0.004,-0.101  -0.121
2018-10-04T10:04:42.764,2018-10-04T10:04:42.771,0.007,0.007,-0.101  -0.121
2018-10-04T10:04:43.802,2018-10-04T10:04:43.795,-0.007,-0.007,-0.101  -0.121
2018-10-04T10:04:44.820,2018-10-04T10:04:44.851,0.031,0.031,-0.101  -0.121
2018-10-04T10:04:45.842,2018-10-04T10:04:45.835,-0.007,-0.007,-0.101  -0.121
2018-10-04T10:04:46.858,2018-10-04T10:04:46.846,-0.012,-0.012,-0.101  -0.121
2018-10-04T10:04:47.877,2018-10-04T10:04:47.918,0.041,0.041,-0.101  -0.121
2018-10-04T10:04:48.895,2018-10-04T10:04:48.894,-0.001,-0.001,-0.101  -0.121
2018-10-04T10:04:49.915,2018-10-04T10:04:49.917,0.002,0.002,-0.101  -0.121
2018-10-04T10:04:50.933,2018-10-04T10:04:50.924,-0.009,-0.009,-0.101  -0.121
2018-10-04T10:04:51.954,2018-10-04T10:04:51.994,0.04,0.04,-0.101  -0.121
2018-10-04T10:04:52.972,2018-10-04T10:04:52.967,-0.005,-0.005,-0.101  -0.121
2018-10-04T10:04:53.992,2018-10-04T10:04:53.993,0.001,0.001,-0.101  -0.121
2018-10-04T10:04:55.011,2018-10-04T10:04:55.006,-0.005,-0.005,-0.101  -0.121
2018-10-04T10:04:56.030,2018-10-04T10:04:56.026,-0.004,-0.004,-0.101  -0.121
2018-10-04T10:04:57.050,2018-10-04T10:04:57.051,0.001,0.001,-0.101  -0.121
2018-10-04T10:04:58.071,2018-10-04T10:04:58.105,0.034,0.034,-0.101  -0.121
2018-10-04T10:04:59.089,2018-10-04T10:04:59.085,-0.004,-0.004,-0.101  -0.121
2018-10-04T10:05:00.110,2018-10-04T10:05:00.135,0.025,0.025,-0.101  -0.121
2018-10-04T10:05:01.128,2018-10-04T10:05:01.144,0.016,0.016,-0.101  -0.121
2018-10-04T10:05:02.163,2018-10-04T10:05:02.167,0.004,0.004,-0.101  -0.121
2018-10-04T10:05:03.195,2018-10-04T10:05:03.183,-0.012,-0.012,-0.101  -0.121
2018-10-04T10:05:04.214,2018-10-04T10:05:04.234,0.02,0.02,-0.101  -0.121
2018-10-04T10:05:05.233,2018-10-04T10:05:05.243,0.01,0.01,-0.101  -0.121
2018-10-04T10:05:06.253,2018-10-04T10:05:06.263,0.01,0.01,-0.101  -0.121
2018-10-04T10:05:07.271,2018-10-04T10:05:07.265,-0.006,-0.006,-0.101  -0.121
2018-10-04T10:05:08.292,2018-10-04T10:05:08.290,-0.002,-0.002,-0.101  -0.121
2018-10-04T10:05:09.312,2018-10-04T10:05:09.305,-0.007,-0.007,-0.101  -0.121
2018-10-04T10:05:10.333,2018-10-04T10:05:10.358,0.025,0.025,-0.101  -0.121
2018-10-04T10:05:11.351,2018-10-04T10:05:11.364,0.013,0.013,-0.101  -0.121
2018-10-04T10:05:12.368,2018-10-04T10:05:12.360,-0.008,-0.008,-0.101  -0.121
2018-10-04T10:05:13.387,2018-10-04T10:05:15.966,2.579,2.579,-0.101  -0.121
2018-10-04T10:05:14.407,2018-10-04T10:05:15.996,1.589,1.589,-0.101  -0.121
2018-10-04T10:05:15.453,2018-10-04T10:05:16.037,0.584,0.584,-0.101  -0.121
2018-10-04T10:05:16.471,2018-10-04T10:05:16.457,-0.014,-0.014,-0.101  -0.121
2018-10-04T10:05:17.492,2018-10-04T10:05:17.501,0.009,0.009,-0.101  -0.121
2018-10-04T10:05:18.517,2018-10-04T10:05:18.512,-0.005,-0.005,-0.101  -0.121
2018-10-04T10:05:19.542,2018-10-04T10:05:19.545,0.003,0.003,-0.101  -0.121
2018-10-04T10:05:20.570,2018-10-04T10:05:20.611,0.041,0.041,-0.101  -0.121
2018-10-04T10:05:21.588,2018-10-04T10:05:21.588,0.0,0.0,-0.101  -0.121
2018-10-04T10:05:22.607,2018-10-04T10:05:22.596,-0.011,-0.011,-0.101  -0.121
2018-10-04T10:05:23.625,2018-10-04T10:05:23.761,0.136,0.136,-0.101  -0.121
2018-10-04T10:05:24.764,2018-10-04T10:05:24.823,0.059,0.059,-0.101  -0.121
2018-10-04T10:05:25.780,2018-10-04T10:05:25.795,0.015,0.015,-0.101  -0.121
2018-10-04T10:05:26.800,2018-10-04T10:05:26.795,-0.005,-0.005,-0.101  -0.121
2018-10-04T10:05:27.818,2018-10-04T10:05:27.827,0.009,0.009,-0.101  -0.121
2018-10-04T10:05:28.840,2018-10-04T10:05:28.904,0.064,0.064,-0.101  -0.121
2018-10-04T10:05:29.858,2018-10-04T10:05:29.856,-0.002,-0.002,-0.101  -0.121
2018-10-04T10:05:30.878,2018-10-04T10:05:30.886,0.008,0.008,-0.101  -0.121
2018-10-04T10:05:31.894,2018-10-04T10:05:31.898,0.004,0.004,-0.101  -0.121
2018-10-04T10:05:32.913,2018-10-04T10:05:32.923,0.01,0.01,-0.101  -0.121
2018-10-04T10:05:33.932,2018-10-04T10:05:33.947,0.015,0.015,-0.101  -0.121
2018-10-04T10:05:34.951,2018-10-04T10:05:34.944,-0.007,-0.007,-0.101  -0.121
2018-10-04T10:05:35.970,2018-10-04T10:05:35.964,-0.006,-0.006,-0.101  -0.121
2018-10-04T10:05:36.988,2018-10-04T10:05:37.022,0.034,0.034,-0.101  -0.121
2018-10-04T10:05:38.007,2018-10-04T10:05:38.008,0.001,0.001,-0.101  -0.121
2018-10-04T10:05:39.030,2018-10-04T10:05:39.018,-0.012,-0.012,-0.101  -0.121
2018-10-04T10:05:40.046,2018-10-04T10:05:40.044,-0.002,-0.002,-0.101  -0.121
2018-10-04T10:05:41.066,2018-10-04T10:05:41.104,0.038,0.038,-0.101  -0.121
2018-10-04T10:05:42.090,2018-10-04T10:05:42.077,-0.013,-0.013,-0.101  -0.121
2018-10-04T10:05:43.110,2018-10-04T10:05:43.147,0.037,0.037,-0.101  -0.121
2018-10-04T10:05:44.132,2018-10-04T10:05:44.146,0.014,0.014,-0.101  -0.121
2018-10-04T10:05:45.151,2018-10-04T10:05:45.145,-0.006,-0.006,-0.101  -0.121
2018-10-04T10:05:46.168,2018-10-04T10:05:46.170,0.002,0.002,-0.101  -0.121
2018-10-04T10:05:47.186,2018-10-04T10:05:47.197,0.011,0.011,-0.101  -0.121
2018-10-04T10:05:48.218,2018-10-04T10:05:48.237,0.019,0.019,-0.101  -0.121
2018-10-04T10:05:49.240,2018-10-04T10:05:49.247,0.007,0.007,-0.101  -0.121
2018-10-04T10:05:50.263,2018-10-04T10:05:50.265,0.002,0.002,-0.101  -0.121
2018-10-04T10:05:51.281,2018-10-04T10:05:51.633,0.352,0.352,-0.101  -0.121
2018-10-04T10:05:52.299,2018-10-04T10:05:52.293,-0.006,-0.006,-0.101  -0.121
2018-10-04T10:05:53.321,2018-10-04T10:05:53.302,-0.019,-0.019,-0.101  -0.121
2018-10-04T10:05:54.341,2018-10-04T10:05:54.364,0.023,0.023,-0.101  -0.121
2018-10-04T10:05:55.359,2018-10-04T10:05:55.368,0.009,0.009,-0.101  -0.121
2018-10-04T10:05:56.376,2018-10-04T10:05:56.392,0.016,0.016,-0.101  -0.121
2018-10-04T10:05:57.401,2018-10-04T10:05:57.416,0.015,0.015,-0.101  -0.121
2018-10-04T10:05:58.419,2018-10-04T10:05:58.415,-0.004,-0.004,-0.101  -0.121
2018-10-04T10:05:59.440,2018-10-04T10:05:59.428,-0.012,-0.012,-0.101  -0.121
2018-10-04T10:06:00.457,2018-10-04T10:06:00.491,0.034,0.034,-0.101  -0.121
2018-10-04T10:06:01.477,2018-10-04T10:06:01.464,-0.013,-0.013,-0.101  -0.121
2018-10-04T10:06:02.495,2018-10-04T10:06:02.482,-0.013,-0.013,-0.101  -0.121
2018-10-04T10:06:03.516,2018-10-04T10:06:03.531,0.015,0.015,-0.101  -0.121
2018-10-04T10:06:04.534,2018-10-04T10:06:04.529,-0.005,-0.005,-0.101  -0.121
2018-10-04T10:06:05.557,2018-10-04T10:06:05.782,0.225,0.225,-0.101  -0.121
2018-10-04T10:06:06.576,2018-10-04T10:06:06.569,-0.007,-0.007,-0.101  -0.121
2018-10-04T10:06:07.594,2018-10-04T10:06:07.614,0.02,0.02,-0.101  -0.121
2018-10-04T10:06:08.610,2018-10-04T10:06:08.732,0.122,0.122,-0.101  -0.121
2018-10-04T10:06:09.633,2018-10-04T10:06:09.632,-0.001,-0.001,-0.101  -0.121
2018-10-04T10:06:10.649,2018-10-04T10:06:10.679,0.03,0.03,-0.101  -0.121
2018-10-04T10:06:11.667,2018-10-04T10:06:11.655,-0.012,-0.012,-0.101  -0.121
2018-10-04T10:06:12.684,2018-10-04T10:06:12.721,0.037,0.037,-0.101  -0.121
2018-10-04T10:06:13.708,2018-10-04T10:06:13.713,0.005,0.005,-0.101  -0.121
2018-10-04T10:06:14.738,2018-10-04T10:06:14.745,0.007,0.007,-0.101  -0.121
2018-10-04T10:06:15.774,2018-10-04T10:06:15.761,-0.013,-0.013,-0.101  -0.121
2018-10-04T10:06:16.795,2018-10-04T10:06:16.797,0.002,0.002,-0.101  -0.121
2018-10-04T10:06:17.812,2018-10-04T10:06:17.805,-0.007,-0.007,-0.101  -0.121
2018-10-04T10:06:18.830,2018-10-04T10:06:18.816,-0.014,-0.014,-0.101  -0.121
2018-10-04T10:06:19.847,2018-10-04T10:06:19.840,-0.007,-0.007,-0.101  -0.121
2018-10-04T10:06:20.870,2018-10-04T10:06:20.856,-0.014,-0.014,-0.101  -0.121
2018-10-04T10:06:21.886,2018-10-04T10:06:21.875,-0.011,-0.011,-0.101  -0.121
2018-10-04T10:06:22.904,2018-10-04T10:06:22.893,-0.011,-0.011,-0.101  -0.121
2018-10-04T10:06:23.923,2018-10-04T10:06:23.948,0.025,0.025,-0.101  -0.121
2018-10-04T10:06:24.948,2018-10-04T10:06:24.933,-0.015,-0.015,-0.101  -0.121
2018-10-04T10:06:25.966,2018-10-04T10:06:25.997,0.031,0.031,-0.101  -0.121
2018-10-04T10:06:26.986,2018-10-04T10:06:26.982,-0.004,-0.004,-0.101  -0.121
2018-10-04T10:06:28.005,2018-10-04T10:06:28.002,-0.003,-0.003,-0.101  -0.121
2018-10-04T10:06:29.029,2018-10-04T10:06:29.022,-0.007,-0.007,-0.101  -0.121
2018-10-04T10:06:30.046,2018-10-04T10:06:30.104,0.058,0.058,-0.101  -0.121
2018-10-04T10:06:31.066,2018-10-04T10:06:31.223,0.157,0.157,-0.101  -0.121
2018-10-04T10:06:32.081,2018-10-04T10:06:32.069,-0.012,-0.012,-0.101  -0.121
2018-10-04T10:06:33.102,2018-10-04T10:06:33.089,-0.013,-0.013,-0.101  -0.121
2018-10-04T10:06:34.121,2018-10-04T10:06:34.140,0.019,0.019,-0.101  -0.121
2018-10-04T10:06:35.140,2018-10-04T10:06:35.131,-0.009,-0.009,-0.101  -0.121
2018-10-04T10:06:36.159,2018-10-04T10:06:36.182,0.023,0.023,-0.101  -0.121
2018-10-04T10:06:37.180,2018-10-04T10:06:37.174,-0.006,-0.006,-0.101  -0.121
2018-10-04T10:06:38.200,2018-10-04T10:06:38.194,-0.006,-0.006,-0.101  -0.121
2018-10-04T10:06:39.220,2018-10-04T10:06:39.215,-0.005,-0.005,-0.101  -0.121
2018-10-04T10:06:40.239,2018-10-04T10:06:40.233,-0.006,-0.006,-0.101  -0.121
2018-10-04T10:06:41.260,2018-10-04T10:06:41.255,-0.005,-0.005,-0.101  -0.121
2018-10-04T10:06:42.279,2018-10-04T10:06:42.316,0.037,0.037,-0.101  -0.121
2018-10-04T10:06:43.299,2018-10-04T10:06:43.316,0.017,0.017,-0.101  -0.121
2018-10-04T10:06:44.317,2018-10-04T10:06:44.314,-0.003,-0.003,-0.101  -0.121
2018-10-04T10:06:45.338,2018-10-04T10:06:45.326,-0.012,-0.012,-0.101  -0.121
2018-10-04T10:06:46.354,2018-10-04T10:06:46.388,0.034,0.034,-0.101  -0.121
2018-10-04T10:06:47.374,2018-10-04T10:06:47.369,-0.005,-0.005,-0.101  -0.121
2018-10-04T10:06:48.392,2018-10-04T10:06:48.386,-0.006,-0.006,-0.101  -0.121
2018-10-04T10:06:49.413,2018-10-04T10:06:49.404,-0.009,-0.009,-0.101  -0.121
2018-10-04T10:06:50.433,2018-10-04T10:06:50.425,-0.008,-0.008,-0.101  -0.121
2018-10-04T10:06:51.453,2018-10-04T10:06:51.446,-0.007,-0.007,-0.101  -0.121
2018-10-04T10:06:52.471,2018-10-04T10:06:52.465,-0.006,-0.006,-0.101  -0.121
2018-10-04T10:06:53.495,2018-10-04T10:06:53.485,-0.01,-0.01,-0.101  -0.121
2018-10-04T10:06:54.512,2018-10-04T10:06:54.504,-0.008,-0.008,-0.101  -0.121
2018-10-04T10:06:55.534,2018-10-04T10:06:55.546,0.012,0.012,-0.101  -0.121
2018-10-04T10:06:56.554,2018-10-04T10:06:56.540,-0.014,-0.014,-0.101  -0.121
2018-10-04T10:06:57.577,2018-10-04T10:06:57.578,0.001,0.001,-0.101  -0.121
2018-10-04T10:06:58.597,2018-10-04T10:06:58.664,0.067,0.067,-0.101  -0.121
2018-10-04T10:06:59.618,2018-10-04T10:06:59.614,-0.004,-0.004,-0.101  -0.121
2018-10-04T10:07:00.637,2018-10-04T10:07:00.725,0.088,0.088,-0.101  -0.121
2018-10-04T10:07:01.658,2018-10-04T10:07:01.655,-0.003,-0.003,-0.101  -0.121
2018-10-04T10:07:02.677,2018-10-04T10:07:02.711,0.034,0.034,-0.101  -0.121
2018-10-04T10:07:03.697,2018-10-04T10:07:03.706,0.009,0.009,-0.101  -0.121
2018-10-04T10:07:04.713,2018-10-04T10:07:04.702,-0.011,-0.011,-0.101  -0.121
2018-10-04T10:07:05.735,2018-10-04T10:07:05.716,-0.019,-0.019,-0.101  -0.121
2018-10-04T10:07:06.752,2018-10-04T10:07:06.737,-0.015,-0.015,-0.101  -0.121
2018-10-04T10:07:07.771,2018-10-04T10:07:07.801,0.03,0.03,-0.101  -0.121
2018-10-04T10:07:08.790,2018-10-04T10:07:08.789,-0.001,-0.001,-0.101  -0.121
2018-10-04T10:07:09.810,2018-10-04T10:07:09.791,-0.019,-0.019,-0.101  -0.121
2018-10-04T10:07:10.827,2018-10-04T10:07:10.811,-0.016,-0.016,-0.101  -0.121
2018-10-04T10:07:11.845,2018-10-04T10:07:11.839,-0.006,-0.006,-0.101  -0.121
2018-10-04T10:07:12.867,2018-10-04T10:07:12.874,0.007,0.007,-0.101  -0.121
2018-10-04T10:07:13.887,2018-10-04T10:07:13.905,0.018,0.018,-0.101  -0.121
2018-10-04T10:07:14.910,2018-10-04T10:07:14.907,-0.003,-0.003,-0.101  -0.121
2018-10-04T10:07:15.930,2018-10-04T10:07:15.940,0.01,0.01,-0.101  -0.121
2018-10-04T10:07:16.951,2018-10-04T10:07:16.966,0.015,0.015,-0.101  -0.121
2018-10-04T10:07:17.968,2018-10-04T10:07:17.964,-0.004,-0.004,-0.101  -0.121
2018-10-04T10:07:18.986,2018-10-04T10:07:18.973,-0.013,-0.013,-0.101  -0.121
2018-10-04T10:07:20.004,2018-10-04T10:07:20.006,0.002,0.002,-0.101  -0.121
2018-10-04T10:07:21.026,2018-10-04T10:07:21.035,0.009,0.009,-0.101  -0.121
2018-10-04T10:07:22.042,2018-10-04T10:07:22.056,0.014,0.014,-0.101  -0.121
2018-10-04T10:07:23.060,2018-10-04T10:07:23.166,0.106,0.106,-0.101  -0.121
2018-10-04T10:07:24.078,2018-10-04T10:07:24.074,-0.004,-0.004,-0.101  -0.121
2018-10-04T10:07:25.098,2018-10-04T10:07:25.129,0.031,0.031,-0.101  -0.121
2018-10-04T10:07:26.117,2018-10-04T10:07:26.114,-0.003,-0.003,-0.101  -0.121
2018-10-04T10:07:27.140,2018-10-04T10:07:27.184,0.044,0.044,-0.101  -0.121
2018-10-04T10:07:28.159,2018-10-04T10:07:28.176,0.017,0.017,-0.101  -0.121
2018-10-04T10:07:29.180,2018-10-04T10:07:29.176,-0.004,-0.004,-0.101  -0.121
2018-10-04T10:07:30.198,2018-10-04T10:07:30.195,-0.003,-0.003,-0.101  -0.121
2018-10-04T10:07:31.218,2018-10-04T10:07:31.214,-0.004,-0.004,-0.101  -0.121
2018-10-04T10:07:32.235,2018-10-04T10:07:32.283,0.048,0.048,-0.101  -0.121
2018-10-04T10:07:33.280,2018-10-04T10:07:33.294,0.014,0.014,-0.101  -0.121
2018-10-04T10:07:34.298,2018-10-04T10:07:34.544,0.246,0.246,-0.101  -0.121
2018-10-04T10:07:35.317,2018-10-04T10:07:35.322,0.005,0.005,-0.101  -0.121
2018-10-04T10:07:36.339,2018-10-04T10:07:36.327,-0.012,-0.012,-0.101  -0.121
2018-10-04T10:07:37.360,2018-10-04T10:07:37.385,0.025,0.025,-0.101  -0.121
2018-10-04T10:07:38.378,2018-10-04T10:07:38.359,-0.019,-0.019,-0.101  -0.121
2018-10-04T10:07:39.397,2018-10-04T10:07:39.383,-0.014,-0.014,-0.101  -0.121
2018-10-04T10:07:40.416,2018-10-04T10:07:40.416,0.0,0.0,-0.101  -0.121
2018-10-04T10:07:41.439,2018-10-04T10:07:41.446,0.007,0.007,-0.101  -0.121
2018-10-04T10:07:42.457,2018-10-04T10:07:42.463,0.006,0.006,-0.101  -0.121
2018-10-04T10:07:43.480,2018-10-04T10:07:46.715,3.235,3.235,-0.101  -0.121
2018-10-04T10:07:44.497,2018-10-04T10:07:46.753,2.256,2.256,-0.101  -0.121
2018-10-04T10:07:45.523,2018-10-04T10:07:46.812,1.289,1.289,-0.101  -0.121
2018-10-04T10:07:46.541,2018-10-04T10:07:46.843,0.302,0.302,-0.101  -0.121
2018-10-04T10:07:47.560,2018-10-04T10:07:47.549,-0.011,-0.011,-0.101  -0.121
2018-10-04T10:07:48.577,2018-10-04T10:07:48.595,0.018,0.018,-0.101  -0.121
2018-10-04T10:07:49.601,2018-10-04T10:07:49.616,0.015,0.015,-0.101  -0.121
2018-10-04T10:07:50.620,2018-10-04T10:07:50.631,0.011,0.011,-0.101  -0.121
2018-10-04T10:07:51.639,2018-10-04T10:07:51.636,-0.003,-0.003,-0.101  -0.121
2018-10-04T10:07:52.659,2018-10-04T10:07:52.662,0.003,0.003,-0.101  -0.121
2018-10-04T10:07:53.681,2018-10-04T10:07:53.690,0.009,0.009,-0.101  -0.121
2018-10-04T10:07:54.697,2018-10-04T10:07:54.706,0.009,0.009,-0.101  -0.121
2018-10-04T10:07:55.716,2018-10-04T10:07:55.852,0.136,0.136,-0.101  -0.121
2018-10-04T10:07:56.733,2018-10-04T10:07:56.738,0.005,0.005,-0.101  -0.121
2018-10-04T10:07:57.752,2018-10-04T10:07:57.752,0.0,0.0,-0.101  -0.121
2018-10-04T10:07:58.771,2018-10-04T10:07:58.912,0.141,0.141,-0.101  -0.121
2018-10-04T10:07:59.791,2018-10-04T10:07:59.785,-0.006,-0.006,-0.101  -0.121
2018-10-04T10:08:00.809,2018-10-04T10:08:00.804,-0.005,-0.005,-0.101  -0.121
2018-10-04T10:08:01.830,2018-10-04T10:08:01.828,-0.002,-0.002,-0.101  -0.121
2018-10-04T10:08:02.856,2018-10-04T10:08:02.932,0.076,0.076,-0.101  -0.121
2018-10-04T10:08:03.882,2018-10-04T10:08:03.946,0.064,0.064,-0.101  -0.121
2018-10-04T10:08:04.902,2018-10-04T10:08:05.185,0.283,0.283,-0.101  -0.121
2018-10-04T10:08:05.926,2018-10-04T10:08:05.924,-0.002,-0.002,-0.101  -0.121
2018-10-04T10:08:06.945,2018-10-04T10:08:07.158,0.213,0.213,-0.101  -0.121
2018-10-04T10:08:07.965,2018-10-04T10:08:07.990,0.025,0.025,-0.101  -0.121
2018-10-04T10:08:08.987,2018-10-04T10:08:08.982,-0.005,-0.005,-0.101  -0.121
2018-10-04T10:08:10.014,2018-10-04T10:08:10.041,0.027,0.027,-0.101  -0.121
2018-10-04T10:08:11.030,2018-10-04T10:08:11.024,-0.006,-0.006,-0.101  -0.121
2018-10-04T10:08:12.049,2018-10-04T10:08:12.034,-0.015,-0.015,-0.101  -0.121
2018-10-04T10:08:13.066,2018-10-04T10:08:13.096,0.03,0.03,-0.101  -0.121
2018-10-04T10:08:14.087,2018-10-04T10:08:14.115,0.028,0.028,-0.101  -0.121
2018-10-04T10:08:15.142,2018-10-04T10:08:15.134,-0.008,-0.008,-0.101  -0.121
2018-10-04T10:08:16.162,2018-10-04T10:08:16.211,0.049,0.049,-0.101  -0.121
2018-10-04T10:08:17.180,2018-10-04T10:08:17.176,-0.004,-0.004,-0.101  -0.121
2018-10-04T10:08:18.197,2018-10-04T10:08:18.185,-0.012,-0.012,-0.101  -0.121
2018-10-04T10:08:19.217,2018-10-04T10:08:19.250,0.033,0.033,-0.101  -0.121
2018-10-04T10:08:20.236,2018-10-04T10:08:20.233,-0.003,-0.003,-0.101  -0.121
2018-10-04T10:08:21.255,2018-10-04T10:08:21.235,-0.02,-0.02,-0.101  -0.121
2018-10-04T10:08:22.272,2018-10-04T10:08:22.263,-0.009,-0.009,-0.101  -0.121
2018-10-04T10:08:23.296,2018-10-04T10:08:23.278,-0.018,-0.018,-0.101  -0.121
2018-10-04T10:08:24.313,2018-10-04T10:08:24.343,0.03,0.03,-0.101  -0.121
2018-10-04T10:08:25.333,2018-10-04T10:08:25.334,0.001,0.001,-0.101  -0.121
2018-10-04T10:08:26.351,2018-10-04T10:08:26.398,0.047,0.047,-0.101  -0.121
2018-10-04T10:08:27.372,2018-10-04T10:08:29.664,2.292,2.292,-0.101  -0.121
2018-10-04T10:08:28.391,2018-10-04T10:08:29.701,1.31,1.31,-0.101  -0.121
2018-10-04T10:08:29.415,2018-10-04T10:08:29.749,0.334,0.334,-0.101  -0.121
2018-10-04T10:08:30.433,2018-10-04T10:08:30.599,0.166,0.166,-0.101  -0.121
2018-10-04T10:08:31.457,2018-10-04T10:08:31.464,0.007,0.007,-0.101  -0.121
2018-10-04T10:08:32.472,2018-10-04T10:08:32.467,-0.005,-0.005,-0.101  -0.121
2018-10-04T10:08:33.490,2018-10-04T10:08:33.632,0.142,0.142,-0.101  -0.121
2018-10-04T10:08:34.510,2018-10-04T10:08:34.503,-0.007,-0.007,-0.101  -0.121
2018-10-04T10:08:35.532,2018-10-04T10:08:35.558,0.026,0.026,-0.101  -0.121
2018-10-04T10:08:36.554,2018-10-04T10:08:36.543,-0.011,-0.011,-0.101  -0.121
2018-10-04T10:08:37.573,2018-10-04T10:08:37.565,-0.008,-0.008,-0.101  -0.121
2018-10-04T10:08:38.593,2018-10-04T10:08:38.577,-0.016,-0.016,-0.101  -0.121
2018-10-04T10:08:39.613,2018-10-04T10:08:39.602,-0.011,-0.011,-0.101  -0.121
2018-10-04T10:08:40.636,2018-10-04T10:08:40.662,0.026,0.026,-0.101  -0.121
2018-10-04T10:08:41.654,2018-10-04T10:08:41.646,-0.008,-0.008,-0.101  -0.121
2018-10-04T10:08:42.672,2018-10-04T10:08:42.666,-0.006,-0.006,-0.101  -0.121
2018-10-04T10:08:43.694,2018-10-04T10:08:43.757,0.063,0.063,-0.101  -0.121
2018-10-04T10:08:44.711,2018-10-04T10:08:44.706,-0.005,-0.005,-0.101  -0.121
2018-10-04T10:08:45.732,2018-10-04T10:08:45.724,-0.008,-0.008,-0.101  -0.121
2018-10-04T10:08:46.750,2018-10-04T10:08:46.735,-0.015,-0.015,-0.101  -0.121
2018-10-04T10:08:47.771,2018-10-04T10:08:47.792,0.021,0.021,-0.101  -0.121
2018-10-04T10:08:48.791,2018-10-04T10:08:48.785,-0.006,-0.006,-0.101  -0.121
2018-10-04T10:08:49.811,2018-10-04T10:08:49.805,-0.006,-0.006,-0.101  -0.121
2018-10-04T10:08:50.830,2018-10-04T10:08:50.816,-0.014,-0.014,-0.101  -0.121
2018-10-04T10:08:51.849,2018-10-04T10:08:51.843,-0.006,-0.006,-0.101  -0.121
2018-10-04T10:08:52.868,2018-10-04T10:08:52.909,0.041,0.041,-0.101  -0.121
2018-10-04T10:08:53.888,2018-10-04T10:08:53.880,-0.008,-0.008,-0.101  -0.121
2018-10-04T10:08:54.910,2018-10-04T10:08:54.936,0.026,0.026,-0.101  -0.121
2018-10-04T10:08:55.930,2018-10-04T10:08:56.143,0.213,0.213,-0.101  -0.121
2018-10-04T10:08:56.947,2018-10-04T10:08:56.933,-0.014,-0.014,-0.101  -0.121
2018-10-04T10:08:57.969,2018-10-04T10:08:58.186,0.217,0.217,-0.101  -0.121
2018-10-04T10:08:58.986,2018-10-04T10:08:58.981,-0.005,-0.005,-0.101  -0.121
2018-10-04T10:09:00.009,2018-10-04T10:09:00.086,0.077,0.077,-0.101  -0.121
2018-10-04T10:09:01.038,2018-10-04T10:09:01.056,0.018,0.018,-0.101  -0.121
2018-10-04T10:09:02.060,2018-10-04T10:09:02.044,-0.016,-0.016,-0.101  -0.121
2018-10-04T10:09:03.078,2018-10-04T10:09:03.077,-0.001,-0.001,-0.101  -0.121
2018-10-04T10:09:04.099,2018-10-04T10:09:04.096,-0.003,-0.003,-0.101  -0.121
2018-10-04T10:09:05.116,2018-10-04T10:09:05.107,-0.009,-0.009,-0.101  -0.121
2018-10-04T10:09:06.134,2018-10-04T10:09:06.136,0.002,0.002,-0.101  -0.121
2018-10-04T10:09:07.153,2018-10-04T10:09:07.191,0.038,0.038,-0.101  -0.121
2018-10-04T10:09:08.179,2018-10-04T10:09:08.193,0.014,0.014,-0.101  -0.121
2018-10-04T10:09:09.197,2018-10-04T10:09:09.186,-0.011,-0.011,-0.101  -0.121
2018-10-04T10:09:10.215,2018-10-04T10:09:10.294,0.079,0.079,-0.101  -0.121
2018-10-04T10:09:11.233,2018-10-04T10:09:11.267,0.034,0.034,-0.101  -0.121
2018-10-04T10:09:12.253,2018-10-04T10:09:12.267,0.014,0.014,-0.101  -0.121
2018-10-04T10:09:13.272,2018-10-04T10:09:13.263,-0.009,-0.009,-0.101  -0.121
2018-10-04T10:09:14.291,2018-10-04T10:09:14.336,0.045,0.045,-0.101  -0.121
2018-10-04T10:09:15.322,2018-10-04T10:09:15.324,0.002,0.002,-0.101  -0.121
2018-10-04T10:09:16.340,2018-10-04T10:09:16.364,0.024,0.024,-0.101  -0.121
2018-10-04T10:09:17.360,2018-10-04T10:09:17.378,0.018,0.018,-0.101  -0.121
2018-10-04T10:09:18.383,2018-10-04T10:09:18.367,-0.016,-0.016,-0.101  -0.121
2018-10-04T10:09:19.402,2018-10-04T10:09:19.388,-0.014,-0.014,-0.101  -0.121
2018-10-04T10:09:20.422,2018-10-04T10:09:20.443,0.021,0.021,-0.101  -0.121
2018-10-04T10:09:21.444,2018-10-04T10:09:21.457,0.013,0.013,-0.101  -0.121
2018-10-04T10:09:22.461,2018-10-04T10:09:22.457,-0.004,-0.004,-0.101  -0.121
2018-10-04T10:09:23.483,2018-10-04T10:09:23.494,0.011,0.011,-0.101  -0.121
2018-10-04T10:09:24.505,2018-10-04T10:09:24.493,-0.012,-0.012,-0.101  -0.121
2018-10-04T10:09:25.526,2018-10-04T10:09:25.525,-0.001,-0.001,-0.101  -0.121
2018-10-04T10:09:26.546,2018-10-04T10:09:26.599,0.053,0.053,-0.101  -0.121
2018-10-04T10:09:27.565,2018-10-04T10:09:27.576,0.011,0.011,-0.101  -0.121
