2018-10-02T20:27:59.657,2018-10-02T20:27:59.962,0.305,0.305,-0.115  -0.130
2018-10-02T20:28:00.702,2018-10-02T20:28:00.972,0.27,0.27,-0.115  -0.130
2018-10-02T20:28:01.772,2018-10-02T20:28:02.123,0.351,0.351,-0.115  -0.130
2018-10-02T20:28:02.795,2018-10-02T20:28:05.489,2.694,2.694,-0.115  -0.130
2018-10-02T20:28:03.825,2018-10-02T20:28:05.550,1.725,1.725,-0.115  -0.130
2018-10-02T20:28:04.862,2018-10-02T20:28:05.619,0.757,0.757,-0.115  -0.130
2018-10-02T20:28:05.906,2018-10-02T20:28:06.048,0.142,0.142,-0.115  -0.130
2018-10-02T20:28:06.934,2018-10-02T20:28:07.110,0.176,0.176,-0.115  -0.130
2018-10-02T20:28:07.991,2018-10-02T20:28:08.144,0.153,0.153,-0.115  -0.130
2018-10-02T20:28:09.031,2018-10-02T20:28:09.167,0.136,0.136,-0.115  -0.130
2018-10-02T20:28:10.058,2018-10-02T20:28:10.262,0.204,0.204,-0.115  -0.130
2018-10-02T20:28:11.095,2018-10-02T20:28:11.606,0.511,0.511,-0.115  -0.130
2018-10-02T20:28:12.118,2018-10-02T20:28:12.267,0.149,0.149,-0.115  -0.130
2018-10-02T20:28:13.156,2018-10-02T20:28:13.287,0.131,0.131,-0.115  -0.130
2018-10-02T20:28:14.195,2018-10-02T20:28:14.381,0.186,0.186,-0.115  -0.130
2018-10-02T20:28:15.234,2018-10-02T20:28:15.364,0.13,0.13,-0.115  -0.130
2018-10-02T20:28:16.265,2018-10-02T20:28:16.422,0.157,0.157,-0.115  -0.130
2018-10-02T20:28:17.302,2018-10-02T20:28:17.435,0.133,0.133,-0.115  -0.130
2018-10-02T20:28:18.332,2018-10-02T20:28:18.477,0.145,0.145,-0.115  -0.130
2018-10-02T20:28:19.356,2018-10-02T20:28:19.772,0.416,0.416,-0.115  -0.130
2018-10-02T20:28:20.381,2018-10-02T20:28:20.640,0.259,0.259,-0.115  -0.130
2018-10-02T20:28:21.416,2018-10-02T20:28:21.519,0.103,0.103,-0.115  -0.130
2018-10-02T20:28:22.440,2018-10-02T20:28:22.615,0.175,0.175,-0.115  -0.130
2018-10-02T20:28:23.480,2018-10-02T20:28:23.597,0.117,0.117,-0.115  -0.130
2018-10-02T20:28:24.516,2018-10-02T20:28:24.731,0.215,0.215,-0.115  -0.130
2018-10-02T20:28:25.587,2018-10-02T20:28:26.528,0.941,0.941,-0.115  -0.130
2018-10-02T20:28:26.613,2018-10-02T20:28:26.760,0.147,0.147,-0.115  -0.130
2018-10-02T20:28:27.657,2018-10-02T20:28:27.823,0.166,0.166,-0.115  -0.130
2018-10-02T20:28:28.692,2018-10-02T20:28:29.060,0.368,0.368,-0.115  -0.130
2018-10-02T20:28:29.722,2018-10-02T20:28:29.849,0.127,0.127,-0.115  -0.130
2018-10-02T20:28:30.744,2018-10-02T20:28:30.911,0.167,0.167,-0.115  -0.130
2018-10-02T20:28:31.767,2018-10-02T20:28:31.913,0.146,0.146,-0.115  -0.130
2018-10-02T20:28:32.802,2018-10-02T20:28:32.956,0.154,0.154,-0.115  -0.130
2018-10-02T20:28:33.828,2018-10-02T20:28:33.989,0.161,0.161,-0.115  -0.130
2018-10-02T20:28:34.860,2018-10-02T20:28:35.059,0.199,0.199,-0.115  -0.130
2018-10-02T20:28:35.898,2018-10-02T20:28:36.014,0.116,0.116,-0.115  -0.130
2018-10-02T20:28:36.927,2018-10-02T20:28:37.040,0.113,0.113,-0.115  -0.130
2018-10-02T20:28:37.954,2018-10-02T20:28:38.098,0.144,0.144,-0.115  -0.130
2018-10-02T20:28:38.978,2018-10-02T20:28:39.119,0.141,0.141,-0.115  -0.130
2018-10-02T20:28:40.003,2018-10-02T20:28:40.124,0.121,0.121,-0.115  -0.130
2018-10-02T20:28:41.030,2018-10-02T20:28:41.172,0.142,0.142,-0.115  -0.130
2018-10-02T20:28:42.053,2018-10-02T20:28:42.202,0.149,0.149,-0.115  -0.130
2018-10-02T20:28:43.080,2018-10-02T20:28:43.207,0.127,0.127,-0.115  -0.130
2018-10-02T20:28:44.104,2018-10-02T20:28:44.761,0.657,0.657,-0.115  -0.130
2018-10-02T20:28:45.134,2018-10-02T20:28:45.283,0.149,0.149,-0.115  -0.130
2018-10-02T20:28:46.160,2018-10-02T20:28:46.316,0.156,0.156,-0.115  -0.130
2018-10-02T20:28:47.185,2018-10-02T20:28:47.358,0.173,0.173,-0.115  -0.130
2018-10-02T20:28:48.211,2018-10-02T20:28:48.358,0.147,0.147,-0.115  -0.130
2018-10-02T20:28:49.248,2018-10-02T20:28:49.434,0.186,0.186,-0.115  -0.130
2018-10-02T20:28:50.292,2018-10-02T20:28:50.436,0.144,0.144,-0.115  -0.130
2018-10-02T20:28:51.314,2018-10-02T20:28:51.460,0.146,0.146,-0.115  -0.130
2018-10-02T20:28:52.341,2018-10-02T20:28:52.943,0.602,0.602,-0.115  -0.130
2018-10-02T20:28:53.372,2018-10-02T20:28:53.531,0.159,0.159,-0.115  -0.130
2018-10-02T20:28:54.398,2018-10-02T20:28:54.552,0.154,0.154,-0.115  -0.130
2018-10-02T20:28:55.430,2018-10-02T20:28:55.584,0.154,0.154,-0.115  -0.130
2018-10-02T20:28:56.455,2018-10-02T20:28:56.584,0.129,0.129,-0.115  -0.130
2018-10-02T20:28:57.481,2018-10-02T20:28:57.648,0.167,0.167,-0.115  -0.130
2018-10-02T20:28:58.513,2018-10-02T20:28:58.667,0.154,0.154,-0.115  -0.130
2018-10-02T20:28:59.551,2018-10-02T20:28:59.716,0.165,0.165,-0.115  -0.130
2018-10-02T20:29:00.589,2018-10-02T20:29:00.911,0.322,0.322,-0.115  -0.130
2018-10-02T20:29:01.628,2018-10-02T20:29:01.789,0.161,0.161,-0.115  -0.130
2018-10-02T20:29:02.654,2018-10-02T20:29:02.806,0.152,0.152,-0.115  -0.130
2018-10-02T20:29:03.679,2018-10-02T20:29:03.880,0.201,0.201,-0.115  -0.130
2018-10-02T20:29:04.709,2018-10-02T20:29:04.927,0.218,0.218,-0.115  -0.130
2018-10-02T20:29:05.794,2018-10-02T20:29:05.941,0.147,0.147,-0.115  -0.130
2018-10-02T20:29:06.820,2018-10-02T20:29:07.173,0.353,0.353,-0.115  -0.130
2018-10-02T20:29:07.843,2018-10-02T20:29:07.992,0.149,0.149,-0.115  -0.130
2018-10-02T20:29:08.878,2018-10-02T20:29:09.601,0.723,0.723,-0.115  -0.130
2018-10-02T20:29:09.936,2018-10-02T20:29:10.104,0.168,0.168,-0.115  -0.130
2018-10-02T20:29:10.967,2018-10-02T20:29:11.115,0.148,0.148,-0.115  -0.130
2018-10-02T20:29:11.989,2018-10-02T20:29:12.151,0.162,0.162,-0.115  -0.130
2018-10-02T20:29:13.023,2018-10-02T20:29:13.151,0.128,0.128,-0.115  -0.130
2018-10-02T20:29:14.048,2018-10-02T20:29:14.256,0.208,0.208,-0.115  -0.130
2018-10-02T20:29:15.122,2018-10-02T20:29:15.311,0.189,0.189,-0.115  -0.130
2018-10-02T20:29:16.157,2018-10-02T20:29:16.286,0.129,0.129,-0.115  -0.130
2018-10-02T20:29:17.181,2018-10-02T20:29:17.322,0.141,0.141,-0.115  -0.130
2018-10-02T20:29:18.216,2018-10-02T20:29:18.396,0.18,0.18,-0.115  -0.130
2018-10-02T20:29:19.243,2018-10-02T20:29:19.382,0.139,0.139,-0.115  -0.130
2018-10-02T20:29:20.270,2018-10-02T20:29:20.465,0.195,0.195,-0.115  -0.130
2018-10-02T20:29:21.296,2018-10-02T20:29:21.488,0.192,0.192,-0.115  -0.130
2018-10-02T20:29:22.356,2018-10-02T20:29:22.501,0.145,0.145,-0.115  -0.130
2018-10-02T20:29:23.386,2018-10-02T20:29:23.536,0.15,0.15,-0.115  -0.130
2018-10-02T20:29:24.408,2018-10-02T20:29:24.587,0.179,0.179,-0.115  -0.130
2018-10-02T20:29:25.450,2018-10-02T20:29:25.596,0.146,0.146,-0.115  -0.130
2018-10-02T20:29:26.477,2018-10-02T20:29:26.669,0.192,0.192,-0.115  -0.130
2018-10-02T20:29:27.536,2018-10-02T20:29:27.698,0.162,0.162,-0.115  -0.130
2018-10-02T20:29:28.562,2018-10-02T20:29:28.705,0.143,0.143,-0.115  -0.130
2018-10-02T20:29:29.586,2018-10-02T20:29:29.726,0.14,0.14,-0.115  -0.130
2018-10-02T20:29:30.610,2018-10-02T20:29:30.924,0.314,0.314,-0.115  -0.130
2018-10-02T20:29:31.638,2018-10-02T20:29:31.754,0.116,0.116,-0.115  -0.130
2018-10-02T20:29:32.662,2018-10-02T20:29:32.823,0.161,0.161,-0.115  -0.130
2018-10-02T20:29:33.686,2018-10-02T20:29:33.848,0.162,0.162,-0.115  -0.130
2018-10-02T20:29:34.720,2018-10-02T20:29:34.916,0.196,0.196,-0.115  -0.130
2018-10-02T20:29:35.758,2018-10-02T20:29:35.871,0.113,0.113,-0.115  -0.130
2018-10-02T20:29:36.784,2018-10-02T20:29:36.952,0.168,0.168,-0.115  -0.130
2018-10-02T20:29:37.820,2018-10-02T20:29:37.981,0.161,0.161,-0.115  -0.130
2018-10-02T20:29:38.848,2018-10-02T20:29:38.998,0.15,0.15,-0.115  -0.130
2018-10-02T20:29:39.873,2018-10-02T20:29:39.997,0.124,0.124,-0.115  -0.130
2018-10-02T20:29:40.898,2018-10-02T20:29:41.116,0.218,0.218,-0.115  -0.130
2018-10-02T20:29:41.926,2018-10-02T20:29:42.071,0.145,0.145,-0.115  -0.130
2018-10-02T20:29:42.964,2018-10-02T20:29:43.442,0.478,0.478,-0.115  -0.130
2018-10-02T20:29:44.011,2018-10-02T20:29:44.156,0.145,0.145,-0.115  -0.130
2018-10-02T20:29:45.036,2018-10-02T20:29:45.206,0.17,0.17,-0.115  -0.130
2018-10-02T20:29:46.077,2018-10-02T20:29:46.236,0.159,0.159,-0.115  -0.130
2018-10-02T20:29:47.104,2018-10-02T20:29:47.245,0.141,0.141,-0.115  -0.130
2018-10-02T20:29:48.131,2018-10-02T20:29:48.266,0.135,0.135,-0.115  -0.130
2018-10-02T20:29:49.157,2018-10-02T20:29:49.499,0.342,0.342,-0.115  -0.130
2018-10-02T20:29:50.185,2018-10-02T20:29:50.308,0.123,0.123,-0.115  -0.130
2018-10-02T20:29:51.212,2018-10-02T20:29:51.433,0.221,0.221,-0.115  -0.130
2018-10-02T20:29:52.243,2018-10-02T20:29:52.388,0.145,0.145,-0.115  -0.130
2018-10-02T20:29:53.268,2018-10-02T20:29:53.469,0.201,0.201,-0.115  -0.130
2018-10-02T20:29:54.299,2018-10-02T20:29:54.442,0.143,0.143,-0.115  -0.130
2018-10-02T20:29:55.324,2018-10-02T20:29:55.485,0.161,0.161,-0.115  -0.130
2018-10-02T20:29:56.349,2018-10-02T20:29:56.461,0.112,0.112,-0.115  -0.130
2018-10-02T20:29:57.375,2018-10-02T20:29:57.500,0.125,0.125,-0.115  -0.130
2018-10-02T20:29:58.400,2018-10-02T20:29:58.532,0.132,0.132,-0.115  -0.130
2018-10-02T20:29:59.427,2018-10-02T20:30:00.086,0.659,0.659,-0.115  -0.130
2018-10-02T20:30:00.453,2018-10-02T20:30:00.591,0.138,0.138,-0.115  -0.130
2018-10-02T20:30:01.479,2018-10-02T20:30:01.688,0.209,0.209,-0.115  -0.130
2018-10-02T20:30:02.547,2018-10-02T20:30:02.727,0.18,0.18,-0.115  -0.130
2018-10-02T20:30:03.582,2018-10-02T20:30:03.752,0.17,0.17,-0.115  -0.130
2018-10-02T20:30:04.608,2018-10-02T20:30:04.775,0.167,0.167,-0.115  -0.130
2018-10-02T20:30:05.633,2018-10-02T20:30:05.859,0.226,0.226,-0.115  -0.130
2018-10-02T20:30:06.699,2018-10-02T20:30:06.845,0.146,0.146,-0.115  -0.130
2018-10-02T20:30:07.724,2018-10-02T20:30:07.915,0.191,0.191,-0.115  -0.130
2018-10-02T20:30:08.750,2018-10-02T20:30:08.949,0.199,0.199,-0.115  -0.130
2018-10-02T20:30:09.782,2018-10-02T20:30:09.952,0.17,0.17,-0.115  -0.130
2018-10-02T20:30:10.815,2018-10-02T20:30:10.971,0.156,0.156,-0.115  -0.130
2018-10-02T20:30:11.841,2018-10-02T20:30:12.035,0.194,0.194,-0.115  -0.130
2018-10-02T20:30:12.866,2018-10-02T20:30:12.998,0.132,0.132,-0.115  -0.130
2018-10-02T20:30:13.890,2018-10-02T20:30:14.063,0.173,0.173,-0.115  -0.130
2018-10-02T20:30:14.916,2018-10-02T20:30:15.031,0.115,0.115,-0.115  -0.130
2018-10-02T20:30:15.960,2018-10-02T20:30:16.559,0.599,0.599,-0.115  -0.130
2018-10-02T20:30:16.987,2018-10-02T20:30:17.371,0.384,0.384,-0.115  -0.130
2018-10-02T20:30:18.013,2018-10-02T20:30:18.183,0.17,0.17,-0.115  -0.130
2018-10-02T20:30:19.038,2018-10-02T20:30:19.204,0.166,0.166,-0.115  -0.130
2018-10-02T20:30:20.063,2018-10-02T20:30:20.212,0.149,0.149,-0.115  -0.130
2018-10-02T20:30:21.088,2018-10-02T20:30:21.243,0.155,0.155,-0.115  -0.130
2018-10-02T20:30:22.114,2018-10-02T20:30:22.283,0.169,0.169,-0.115  -0.130
2018-10-02T20:30:23.144,2018-10-02T20:30:23.263,0.119,0.119,-0.115  -0.130
2018-10-02T20:30:24.168,2018-10-02T20:30:24.349,0.181,0.181,-0.115  -0.130
2018-10-02T20:30:25.193,2018-10-02T20:30:25.351,0.158,0.158,-0.115  -0.130
2018-10-02T20:30:26.223,2018-10-02T20:30:26.398,0.175,0.175,-0.115  -0.130
2018-10-02T20:30:27.248,2018-10-02T20:30:27.374,0.126,0.126,-0.115  -0.130
2018-10-02T20:30:28.275,2018-10-02T20:30:28.447,0.172,0.172,-0.115  -0.130
2018-10-02T20:30:29.306,2018-10-02T20:30:29.442,0.136,0.136,-0.115  -0.130
2018-10-02T20:30:30.331,2018-10-02T20:30:30.490,0.159,0.159,-0.115  -0.130
2018-10-02T20:30:31.359,2018-10-02T20:30:31.522,0.163,0.163,-0.115  -0.130
2018-10-02T20:30:32.396,2018-10-02T20:30:32.702,0.306,0.306,-0.115  -0.130
2018-10-02T20:30:33.422,2018-10-02T20:30:33.550,0.128,0.128,-0.115  -0.130
2018-10-02T20:30:34.463,2018-10-02T20:30:34.668,0.205,0.205,-0.115  -0.130
2018-10-02T20:30:35.490,2018-10-02T20:30:35.619,0.129,0.129,-0.115  -0.130
2018-10-02T20:30:36.516,2018-10-02T20:30:36.655,0.139,0.139,-0.115  -0.130
2018-10-02T20:30:37.544,2018-10-02T20:30:37.690,0.146,0.146,-0.115  -0.130
2018-10-02T20:30:38.569,2018-10-02T20:30:38.751,0.182,0.182,-0.115  -0.130
2018-10-02T20:30:39.596,2018-10-02T20:30:39.744,0.148,0.148,-0.115  -0.130
2018-10-02T20:30:40.621,2018-10-02T20:30:40.786,0.165,0.165,-0.115  -0.130
2018-10-02T20:30:41.648,2018-10-02T20:30:41.748,0.1,0.1,-0.115  -0.130
2018-10-02T20:30:42.675,2018-10-02T20:30:42.868,0.193,0.193,-0.115  -0.130
2018-10-02T20:30:43.702,2018-10-02T20:30:43.836,0.134,0.134,-0.115  -0.130
2018-10-02T20:30:44.726,2018-10-02T20:30:44.882,0.156,0.156,-0.115  -0.130
2018-10-02T20:30:45.756,2018-10-02T20:30:45.889,0.133,0.133,-0.115  -0.130
2018-10-02T20:30:46.780,2018-10-02T20:30:46.938,0.158,0.158,-0.115  -0.130
2018-10-02T20:30:47.805,2018-10-02T20:30:47.932,0.127,0.127,-0.115  -0.130
2018-10-02T20:30:48.832,2018-10-02T20:30:49.141,0.309,0.309,-0.115  -0.130
2018-10-02T20:30:49.857,2018-10-02T20:30:49.996,0.139,0.139,-0.115  -0.130
2018-10-02T20:30:50.885,2018-10-02T20:30:51.032,0.147,0.147,-0.115  -0.130
2018-10-02T20:30:51.924,2018-10-02T20:30:52.077,0.153,0.153,-0.115  -0.130
2018-10-02T20:30:52.949,2018-10-02T20:30:53.144,0.195,0.195,-0.115  -0.130
2018-10-02T20:30:53.972,2018-10-02T20:30:54.094,0.122,0.122,-0.115  -0.130
2018-10-02T20:30:54.998,2018-10-02T20:30:55.166,0.168,0.168,-0.115  -0.130
2018-10-02T20:30:56.025,2018-10-02T20:30:56.664,0.639,0.639,-0.115  -0.130
2018-10-02T20:30:57.054,2018-10-02T20:30:57.189,0.135,0.135,-0.115  -0.130
2018-10-02T20:30:58.081,2018-10-02T20:30:58.198,0.117,0.117,-0.115  -0.130
2018-10-02T20:30:59.110,2018-10-02T20:30:59.284,0.174,0.174,-0.115  -0.130
2018-10-02T20:31:00.134,2018-10-02T20:31:00.249,0.115,0.115,-0.115  -0.130
2018-10-02T20:31:01.158,2018-10-02T20:31:01.294,0.136,0.136,-0.115  -0.130
2018-10-02T20:31:02.182,2018-10-02T20:31:02.325,0.143,0.143,-0.115  -0.130
2018-10-02T20:31:03.208,2018-10-02T20:31:03.346,0.138,0.138,-0.115  -0.130
2018-10-02T20:31:04.232,2018-10-02T20:31:04.754,0.522,0.522,-0.115  -0.130
2018-10-02T20:31:05.260,2018-10-02T20:31:05.426,0.166,0.166,-0.115  -0.130
2018-10-02T20:31:06.284,2018-10-02T20:31:06.409,0.125,0.125,-0.115  -0.130
2018-10-02T20:31:07.307,2018-10-02T20:31:07.498,0.191,0.191,-0.115  -0.130
2018-10-02T20:31:08.370,2018-10-02T20:31:08.528,0.158,0.158,-0.115  -0.130
2018-10-02T20:31:09.403,2018-10-02T20:31:09.556,0.153,0.153,-0.115  -0.130
2018-10-02T20:31:10.428,2018-10-02T20:31:10.538,0.11,0.11,-0.115  -0.130
2018-10-02T20:31:11.454,2018-10-02T20:31:11.619,0.165,0.165,-0.115  -0.130
2018-10-02T20:31:12.479,2018-10-02T20:31:12.606,0.127,0.127,-0.115  -0.130
2018-10-02T20:31:13.507,2018-10-02T20:31:13.647,0.14,0.14,-0.115  -0.130
2018-10-02T20:31:14.531,2018-10-02T20:31:14.677,0.146,0.146,-0.115  -0.130
2018-10-02T20:31:15.556,2018-10-02T20:31:15.926,0.37,0.37,-0.115  -0.130
2018-10-02T20:31:16.580,2018-10-02T20:31:16.717,0.137,0.137,-0.115  -0.130
2018-10-02T20:31:17.604,2018-10-02T20:31:17.751,0.147,0.147,-0.115  -0.130
2018-10-02T20:31:18.633,2018-10-02T20:31:18.770,0.137,0.137,-0.115  -0.130
2018-10-02T20:31:19.657,2018-10-02T20:31:20.350,0.693,0.693,-0.115  -0.130
2018-10-02T20:31:20.684,2018-10-02T20:31:20.859,0.175,0.175,-0.115  -0.130
2018-10-02T20:31:21.719,2018-10-02T20:31:21.857,0.138,0.138,-0.115  -0.130
2018-10-02T20:31:22.745,2018-10-02T20:31:22.881,0.136,0.136,-0.115  -0.130
2018-10-02T20:31:23.771,2018-10-02T20:31:23.957,0.186,0.186,-0.115  -0.130
2018-10-02T20:31:24.797,2018-10-02T20:31:24.976,0.179,0.179,-0.115  -0.130
2018-10-02T20:31:25.825,2018-10-02T20:31:26.038,0.213,0.213,-0.115  -0.130
2018-10-02T20:31:26.877,2018-10-02T20:31:27.041,0.164,0.164,-0.115  -0.130
2018-10-02T20:31:27.906,2018-10-02T20:31:28.163,0.257,0.257,-0.115  -0.130
2018-10-02T20:31:28.937,2018-10-02T20:31:29.108,0.171,0.171,-0.115  -0.130
2018-10-02T20:31:29.973,2018-10-02T20:31:30.188,0.215,0.215,-0.115  -0.130
2018-10-02T20:31:31.005,2018-10-02T20:31:31.159,0.154,0.154,-0.115  -0.130
2018-10-02T20:31:32.034,2018-10-02T20:31:32.197,0.163,0.163,-0.115  -0.130
2018-10-02T20:31:33.064,2018-10-02T20:31:33.189,0.125,0.125,-0.115  -0.130
2018-10-02T20:31:34.099,2018-10-02T20:31:34.286,0.187,0.187,-0.115  -0.130
2018-10-02T20:31:35.128,2018-10-02T20:31:35.305,0.177,0.177,-0.115  -0.130
2018-10-02T20:31:36.168,2018-10-02T20:31:36.382,0.214,0.214,-0.115  -0.130
2018-10-02T20:31:37.202,2018-10-02T20:31:37.352,0.15,0.15,-0.115  -0.130
2018-10-02T20:31:38.235,2018-10-02T20:31:38.379,0.144,0.144,-0.115  -0.130
2018-10-02T20:31:39.266,2018-10-02T20:31:39.409,0.143,0.143,-0.115  -0.130
2018-10-02T20:31:40.295,2018-10-02T20:31:40.447,0.152,0.152,-0.115  -0.130
2018-10-02T20:31:41.328,2018-10-02T20:31:41.460,0.132,0.132,-0.115  -0.130
2018-10-02T20:31:42.357,2018-10-02T20:31:42.554,0.197,0.197,-0.115  -0.130
2018-10-02T20:31:43.388,2018-10-02T20:31:43.531,0.143,0.143,-0.115  -0.130
2018-10-02T20:31:44.418,2018-10-02T20:31:45.001,0.583,0.583,-0.115  -0.130
2018-10-02T20:31:45.454,2018-10-02T20:31:45.626,0.172,0.172,-0.115  -0.130
2018-10-02T20:31:46.485,2018-10-02T20:31:46.666,0.181,0.181,-0.115  -0.130
2018-10-02T20:31:47.514,2018-10-02T20:31:47.664,0.15,0.15,-0.115  -0.130
2018-10-02T20:31:48.542,2018-10-02T20:31:48.711,0.169,0.169,-0.115  -0.130
2018-10-02T20:31:49.572,2018-10-02T20:31:49.726,0.154,0.154,-0.115  -0.130
2018-10-02T20:31:50.603,2018-10-02T20:31:50.764,0.161,0.161,-0.115  -0.130
2018-10-02T20:31:51.638,2018-10-02T20:31:51.809,0.171,0.171,-0.115  -0.130
2018-10-02T20:31:52.667,2018-10-02T20:31:52.838,0.171,0.171,-0.115  -0.130
2018-10-02T20:31:53.698,2018-10-02T20:31:53.880,0.182,0.182,-0.115  -0.130
2018-10-02T20:31:54.725,2018-10-02T20:31:54.886,0.161,0.161,-0.115  -0.130
2018-10-02T20:31:55.757,2018-10-02T20:31:55.965,0.208,0.208,-0.115  -0.130
2018-10-02T20:31:56.828,2018-10-02T20:31:56.978,0.15,0.15,-0.115  -0.130
2018-10-02T20:31:57.857,2018-10-02T20:31:58.016,0.159,0.159,-0.115  -0.130
2018-10-02T20:31:58.898,2018-10-02T20:31:59.048,0.15,0.15,-0.115  -0.130
2018-10-02T20:31:59.928,2018-10-02T20:32:00.075,0.147,0.147,-0.115  -0.130
2018-10-02T20:32:00.958,2018-10-02T20:32:01.146,0.188,0.188,-0.115  -0.130
2018-10-02T20:32:01.988,2018-10-02T20:32:02.145,0.157,0.157,-0.115  -0.130
2018-10-02T20:32:03.023,2018-10-02T20:32:03.182,0.159,0.159,-0.115  -0.130
2018-10-02T20:32:04.053,2018-10-02T20:32:04.215,0.162,0.162,-0.115  -0.130
2018-10-02T20:32:05.086,2018-10-02T20:32:05.225,0.139,0.139,-0.115  -0.130
2018-10-02T20:32:06.116,2018-10-02T20:32:06.254,0.138,0.138,-0.115  -0.130
2018-10-02T20:32:07.146,2018-10-02T20:32:07.296,0.15,0.15,-0.115  -0.130
2018-10-02T20:32:08.175,2018-10-02T20:32:08.523,0.348,0.348,-0.115  -0.130
2018-10-02T20:32:09.205,2018-10-02T20:32:09.425,0.22,0.22,-0.115  -0.130
2018-10-02T20:32:10.239,2018-10-02T20:32:10.412,0.173,0.173,-0.115  -0.130
2018-10-02T20:32:11.269,2018-10-02T20:32:11.422,0.153,0.153,-0.115  -0.130
2018-10-02T20:32:12.299,2018-10-02T20:32:12.406,0.107,0.107,-0.115  -0.130
2018-10-02T20:32:13.329,2018-10-02T20:32:14.023,0.694,0.694,-0.115  -0.130
2018-10-02T20:32:14.407,2018-10-02T20:32:14.520,0.113,0.113,-0.115  -0.130
2018-10-02T20:32:15.439,2018-10-02T20:32:15.604,0.165,0.165,-0.115  -0.130
2018-10-02T20:32:16.491,2018-10-02T20:32:16.675,0.184,0.184,-0.115  -0.130
2018-10-02T20:32:17.533,2018-10-02T20:32:17.667,0.134,0.134,-0.115  -0.130
2018-10-02T20:32:18.570,2018-10-02T20:32:18.760,0.19,0.19,-0.115  -0.130
2018-10-02T20:32:19.599,2018-10-02T20:32:19.737,0.138,0.138,-0.115  -0.130
2018-10-02T20:32:20.628,2018-10-02T20:32:20.778,0.15,0.15,-0.115  -0.130
2018-10-02T20:32:21.665,2018-10-02T20:32:21.848,0.183,0.183,-0.115  -0.130
2018-10-02T20:32:22.695,2018-10-02T20:32:22.859,0.164,0.164,-0.115  -0.130
2018-10-02T20:32:23.730,2018-10-02T20:32:24.191,0.461,0.461,-0.115  -0.130
2018-10-02T20:32:24.762,2018-10-02T20:32:24.898,0.136,0.136,-0.115  -0.130
2018-10-02T20:32:25.791,2018-10-02T20:32:26.019,0.228,0.228,-0.115  -0.130
2018-10-02T20:32:26.828,2018-10-02T20:32:26.979,0.151,0.151,-0.115  -0.130
2018-10-02T20:32:27.860,2018-10-02T20:32:28.008,0.148,0.148,-0.115  -0.130
2018-10-02T20:32:28.889,2018-10-02T20:32:28.992,0.103,0.103,-0.115  -0.130
2018-10-02T20:32:29.921,2018-10-02T20:32:30.068,0.147,0.147,-0.115  -0.130
2018-10-02T20:32:30.955,2018-10-02T20:32:31.119,0.164,0.164,-0.115  -0.130
2018-10-02T20:32:31.997,2018-10-02T20:32:32.851,0.854,0.854,-0.115  -0.130
2018-10-02T20:32:33.025,2018-10-02T20:32:33.218,0.193,0.193,-0.115  -0.130
2018-10-02T20:32:34.057,2018-10-02T20:32:34.244,0.187,0.187,-0.115  -0.130
2018-10-02T20:32:35.089,2018-10-02T20:32:35.227,0.138,0.138,-0.115  -0.130
2018-10-02T20:32:36.120,2018-10-02T20:32:36.275,0.155,0.155,-0.115  -0.130
2018-10-02T20:32:37.151,2018-10-02T20:32:37.255,0.104,0.104,-0.115  -0.130
2018-10-02T20:32:38.183,2018-10-02T20:32:38.350,0.167,0.167,-0.115  -0.130
2018-10-02T20:32:39.216,2018-10-02T20:32:39.420,0.204,0.204,-0.115  -0.130
2018-10-02T20:32:40.277,2018-10-02T20:32:40.441,0.164,0.164,-0.115  -0.130
2018-10-02T20:32:41.309,2018-10-02T20:32:41.446,0.137,0.137,-0.115  -0.130
2018-10-02T20:32:42.338,2018-10-02T20:32:42.476,0.138,0.138,-0.115  -0.130
2018-10-02T20:32:43.372,2018-10-02T20:32:43.517,0.145,0.145,-0.115  -0.130
2018-10-02T20:32:44.403,2018-10-02T20:32:44.574,0.171,0.171,-0.115  -0.130
2018-10-02T20:32:45.433,2018-10-02T20:32:45.756,0.323,0.323,-0.115  -0.130
2018-10-02T20:32:46.469,2018-10-02T20:32:46.635,0.166,0.166,-0.115  -0.130
2018-10-02T20:32:47.506,2018-10-02T20:32:47.755,0.249,0.249,-0.115  -0.130
2018-10-02T20:32:48.575,2018-10-02T20:32:48.924,0.349,0.349,-0.115  -0.130
2018-10-02T20:32:49.610,2018-10-02T20:32:49.750,0.14,0.14,-0.115  -0.130
2018-10-02T20:32:50.643,2018-10-02T20:32:50.833,0.19,0.19,-0.115  -0.130
2018-10-02T20:32:51.680,2018-10-02T20:32:51.806,0.126,0.126,-0.115  -0.130
2018-10-02T20:32:52.712,2018-10-02T20:32:52.888,0.176,0.176,-0.115  -0.130
2018-10-02T20:32:53.747,2018-10-02T20:32:53.859,0.112,0.112,-0.115  -0.130
2018-10-02T20:32:54.775,2018-10-02T20:32:54.931,0.156,0.156,-0.115  -0.130
2018-10-02T20:32:55.804,2018-10-02T20:32:55.980,0.176,0.176,-0.115  -0.130
2018-10-02T20:32:56.836,2018-10-02T20:32:56.996,0.16,0.16,-0.115  -0.130
2018-10-02T20:32:57.870,2018-10-02T20:32:58.057,0.187,0.187,-0.115  -0.130
2018-10-02T20:32:58.914,2018-10-02T20:32:59.052,0.138,0.138,-0.115  -0.130
2018-10-02T20:32:59.948,2018-10-02T20:33:00.096,0.148,0.148,-0.115  -0.130
2018-10-02T20:33:00.983,2018-10-02T20:33:01.143,0.16,0.16,-0.115  -0.130
2018-10-02T20:33:02.019,2018-10-02T20:33:02.145,0.126,0.126,-0.115  -0.130
2018-10-02T20:33:03.052,2018-10-02T20:33:03.229,0.177,0.177,-0.115  -0.130
2018-10-02T20:33:04.087,2018-10-02T20:33:04.245,0.158,0.158,-0.115  -0.130
2018-10-02T20:33:05.122,2018-10-02T20:33:05.501,0.379,0.379,-0.115  -0.130
2018-10-02T20:33:06.157,2018-10-02T20:33:06.318,0.161,0.161,-0.115  -0.130
2018-10-02T20:33:07.188,2018-10-02T20:33:07.374,0.186,0.186,-0.115  -0.130
2018-10-02T20:33:08.220,2018-10-02T20:33:08.358,0.138,0.138,-0.115  -0.130
2018-10-02T20:33:09.256,2018-10-02T20:33:09.440,0.184,0.184,-0.115  -0.130
2018-10-02T20:33:10.306,2018-10-02T20:33:10.441,0.135,0.135,-0.115  -0.130
2018-10-02T20:33:11.330,2018-10-02T20:33:11.523,0.193,0.193,-0.115  -0.130
2018-10-02T20:33:12.356,2018-10-02T20:33:12.500,0.144,0.144,-0.115  -0.130
2018-10-02T20:33:13.383,2018-10-02T20:33:13.680,0.297,0.297,-0.115  -0.130
2018-10-02T20:33:14.433,2018-10-02T20:33:14.559,0.126,0.126,-0.115  -0.130
2018-10-02T20:33:15.458,2018-10-02T20:33:15.691,0.233,0.233,-0.115  -0.130
2018-10-02T20:33:16.483,2018-10-02T20:33:16.613,0.13,0.13,-0.115  -0.130
2018-10-02T20:33:17.513,2018-10-02T20:33:17.750,0.237,0.237,-0.115  -0.130
2018-10-02T20:33:18.545,2018-10-02T20:33:18.725,0.18,0.18,-0.115  -0.130
2018-10-02T20:33:19.573,2018-10-02T20:33:19.908,0.335,0.335,-0.115  -0.130
2018-10-02T20:33:20.595,2018-10-02T20:33:21.174,0.579,0.579,-0.115  -0.130
2018-10-02T20:33:21.620,2018-10-02T20:33:21.801,0.181,0.181,-0.115  -0.130
2018-10-02T20:33:22.648,2018-10-02T20:33:22.768,0.12,0.12,-0.115  -0.130
2018-10-02T20:33:23.673,2018-10-02T20:33:23.841,0.168,0.168,-0.115  -0.130
2018-10-02T20:33:24.703,2018-10-02T20:33:24.829,0.126,0.126,-0.115  -0.130
2018-10-02T20:33:25.728,2018-10-02T20:33:25.908,0.18,0.18,-0.115  -0.130
2018-10-02T20:33:26.753,2018-10-02T20:33:26.871,0.118,0.118,-0.115  -0.130
2018-10-02T20:33:27.781,2018-10-02T20:33:28.067,0.286,0.286,-0.115  -0.130
2018-10-02T20:33:28.805,2018-10-02T20:33:29.310,0.505,0.505,-0.115  -0.130
2018-10-02T20:33:29.834,2018-10-02T20:33:29.988,0.154,0.154,-0.115  -0.130
2018-10-02T20:33:30.859,2018-10-02T20:33:30.976,0.117,0.117,-0.115  -0.130
2018-10-02T20:33:31.883,2018-10-02T20:33:32.093,0.21,0.21,-0.115  -0.130
2018-10-02T20:33:32.951,2018-10-02T20:33:33.071,0.12,0.12,-0.115  -0.130
2018-10-02T20:33:33.978,2018-10-02T20:33:34.159,0.181,0.181,-0.115  -0.130
2018-10-02T20:33:35.009,2018-10-02T20:33:35.167,0.158,0.158,-0.115  -0.130
2018-10-02T20:33:36.047,2018-10-02T20:33:36.200,0.153,0.153,-0.115  -0.130
2018-10-02T20:33:37.076,2018-10-02T20:33:37.257,0.181,0.181,-0.115  -0.130
2018-10-02T20:33:38.105,2018-10-02T20:33:38.256,0.151,0.151,-0.115  -0.130
2018-10-02T20:33:39.132,2018-10-02T20:33:39.294,0.162,0.162,-0.115  -0.130
2018-10-02T20:33:40.162,2018-10-02T20:33:40.289,0.127,0.127,-0.115  -0.130
2018-10-02T20:33:41.189,2018-10-02T20:33:41.372,0.183,0.183,-0.115  -0.130
2018-10-02T20:33:42.216,2018-10-02T20:33:42.357,0.141,0.141,-0.115  -0.130
2018-10-02T20:33:43.241,2018-10-02T20:33:43.408,0.167,0.167,-0.115  -0.130
2018-10-02T20:33:44.266,2018-10-02T20:33:44.405,0.139,0.139,-0.115  -0.130
2018-10-02T20:33:45.295,2018-10-02T20:33:45.494,0.199,0.199,-0.115  -0.130
2018-10-02T20:33:46.322,2018-10-02T20:33:46.570,0.248,0.248,-0.115  -0.130
2018-10-02T20:33:47.352,2018-10-02T20:33:47.463,0.111,0.111,-0.115  -0.130
2018-10-02T20:33:48.376,2018-10-02T20:33:48.509,0.133,0.133,-0.115  -0.130
2018-10-02T20:33:49.401,2018-10-02T20:33:49.552,0.151,0.151,-0.115  -0.130
2018-10-02T20:33:50.428,2018-10-02T20:33:50.582,0.154,0.154,-0.115  -0.130
2018-10-02T20:33:51.457,2018-10-02T20:33:51.618,0.161,0.161,-0.115  -0.130
2018-10-02T20:33:52.486,2018-10-02T20:33:52.660,0.174,0.174,-0.115  -0.130
2018-10-02T20:33:53.518,2018-10-02T20:33:53.651,0.133,0.133,-0.115  -0.130
2018-10-02T20:33:54.543,2018-10-02T20:33:54.683,0.14,0.14,-0.115  -0.130
2018-10-02T20:33:55.572,2018-10-02T20:33:55.718,0.146,0.146,-0.115  -0.130
2018-10-02T20:33:56.598,2018-10-02T20:33:56.758,0.16,0.16,-0.115  -0.130
2018-10-02T20:33:57.623,2018-10-02T20:33:57.792,0.169,0.169,-0.115  -0.130
2018-10-02T20:33:58.647,2018-10-02T20:33:58.795,0.148,0.148,-0.115  -0.130
2018-10-02T20:33:59.672,2018-10-02T20:33:59.806,0.134,0.134,-0.115  -0.130
2018-10-02T20:34:00.698,2018-10-02T20:34:00.860,0.162,0.162,-0.115  -0.130
2018-10-02T20:34:01.730,2018-10-02T20:34:02.469,0.739,0.739,-0.115  -0.130
2018-10-02T20:34:02.754,2018-10-02T20:34:02.891,0.137,0.137,-0.115  -0.130
2018-10-02T20:34:03.783,2018-10-02T20:34:03.916,0.133,0.133,-0.115  -0.130
2018-10-02T20:34:04.821,2018-10-02T20:34:04.985,0.164,0.164,-0.115  -0.130
2018-10-02T20:34:05.852,2018-10-02T20:34:06.052,0.2,0.2,-0.115  -0.130
2018-10-02T20:34:06.895,2018-10-02T20:34:07.013,0.118,0.118,-0.115  -0.130
2018-10-02T20:34:07.924,2018-10-02T20:34:08.099,0.175,0.175,-0.115  -0.130
2018-10-02T20:34:08.951,2018-10-02T20:34:09.092,0.141,0.141,-0.115  -0.130
2018-10-02T20:34:09.977,2018-10-02T20:34:10.091,0.114,0.114,-0.115  -0.130
2018-10-02T20:34:11.002,2018-10-02T20:34:11.168,0.166,0.166,-0.115  -0.130
2018-10-02T20:34:12.027,2018-10-02T20:34:12.168,0.141,0.141,-0.115  -0.130
2018-10-02T20:34:13.052,2018-10-02T20:34:13.189,0.137,0.137,-0.115  -0.130
2018-10-02T20:34:14.078,2018-10-02T20:34:14.323,0.245,0.245,-0.115  -0.130
2018-10-02T20:34:15.107,2018-10-02T20:34:15.289,0.182,0.182,-0.115  -0.130
2018-10-02T20:34:16.133,2018-10-02T20:34:16.262,0.129,0.129,-0.115  -0.130
2018-10-02T20:34:17.162,2018-10-02T20:34:17.301,0.139,0.139,-0.115  -0.130
2018-10-02T20:34:18.193,2018-10-02T20:34:18.359,0.166,0.166,-0.115  -0.130
2018-10-02T20:34:19.228,2018-10-02T20:34:19.729,0.501,0.501,-0.115  -0.130
2018-10-02T20:34:20.259,2018-10-02T20:34:20.378,0.119,0.119,-0.115  -0.130
2018-10-02T20:34:21.285,2018-10-02T20:34:21.439,0.154,0.154,-0.115  -0.130
2018-10-02T20:34:22.316,2018-10-02T20:34:22.578,0.262,0.262,-0.115  -0.130
2018-10-02T20:34:23.352,2018-10-02T20:34:23.484,0.132,0.132,-0.115  -0.130
2018-10-02T20:34:24.383,2018-10-02T20:34:24.537,0.154,0.154,-0.115  -0.130
2018-10-02T20:34:25.408,2018-10-02T20:34:25.524,0.116,0.116,-0.115  -0.130
2018-10-02T20:34:26.430,2018-10-02T20:34:26.571,0.141,0.141,-0.115  -0.130
2018-10-02T20:34:27.456,2018-10-02T20:34:28.063,0.607,0.607,-0.115  -0.130
2018-10-02T20:34:28.479,2018-10-02T20:34:28.619,0.14,0.14,-0.115  -0.130
2018-10-02T20:34:29.519,2018-10-02T20:34:29.688,0.169,0.169,-0.115  -0.130
2018-10-02T20:34:30.546,2018-10-02T20:34:30.698,0.152,0.152,-0.115  -0.130
2018-10-02T20:34:31.573,2018-10-02T20:34:31.710,0.137,0.137,-0.115  -0.130
2018-10-02T20:34:32.601,2018-10-02T20:34:32.766,0.165,0.165,-0.115  -0.130
2018-10-02T20:34:33.638,2018-10-02T20:34:33.806,0.168,0.168,-0.115  -0.130
2018-10-02T20:34:34.665,2018-10-02T20:34:34.800,0.135,0.135,-0.115  -0.130
2018-10-02T20:34:35.706,2018-10-02T20:34:35.890,0.184,0.184,-0.115  -0.130
2018-10-02T20:34:36.736,2018-10-02T20:34:36.895,0.159,0.159,-0.115  -0.130
2018-10-02T20:34:37.763,2018-10-02T20:34:37.926,0.163,0.163,-0.115  -0.130
2018-10-02T20:34:38.793,2018-10-02T20:34:38.888,0.095,0.095,-0.115  -0.130
2018-10-02T20:34:39.818,2018-10-02T20:34:39.983,0.165,0.165,-0.115  -0.130
2018-10-02T20:34:40.845,2018-10-02T20:34:40.971,0.126,0.126,-0.115  -0.130
2018-10-02T20:34:41.870,2018-10-02T20:34:42.018,0.148,0.148,-0.115  -0.130
2018-10-02T20:34:42.899,2018-10-02T20:34:43.009,0.11,0.11,-0.115  -0.130
2018-10-02T20:34:43.925,2018-10-02T20:34:44.119,0.194,0.194,-0.115  -0.130
2018-10-02T20:34:44.953,2018-10-02T20:34:45.074,0.121,0.121,-0.115  -0.130
2018-10-02T20:34:45.979,2018-10-02T20:34:46.154,0.175,0.175,-0.115  -0.130
2018-10-02T20:34:47.004,2018-10-02T20:34:47.101,0.097,0.097,-0.115  -0.130
2018-10-02T20:34:48.029,2018-10-02T20:34:48.203,0.174,0.174,-0.115  -0.130
2018-10-02T20:34:49.054,2018-10-02T20:34:49.174,0.12,0.12,-0.115  -0.130
2018-10-02T20:34:50.077,2018-10-02T20:34:50.266,0.189,0.189,-0.115  -0.130
2018-10-02T20:34:51.158,2018-10-02T20:34:51.304,0.146,0.146,-0.115  -0.130
2018-10-02T20:34:52.182,2018-10-02T20:34:52.371,0.189,0.189,-0.115  -0.130
2018-10-02T20:34:53.219,2018-10-02T20:34:53.379,0.16,0.16,-0.115  -0.130
2018-10-02T20:34:54.243,2018-10-02T20:34:54.391,0.148,0.148,-0.115  -0.130
2018-10-02T20:34:55.267,2018-10-02T20:34:55.436,0.169,0.169,-0.115  -0.130
2018-10-02T20:34:56.290,2018-10-02T20:34:56.438,0.148,0.148,-0.115  -0.130
2018-10-02T20:34:57.315,2018-10-02T20:34:57.465,0.15,0.15,-0.115  -0.130
2018-10-02T20:34:58.338,2018-10-02T20:34:58.462,0.124,0.124,-0.115  -0.130
2018-10-02T20:34:59.365,2018-10-02T20:34:59.521,0.156,0.156,-0.115  -0.130
2018-10-02T20:35:00.390,2018-10-02T20:35:00.542,0.152,0.152,-0.115  -0.130
2018-10-02T20:35:01.412,2018-10-02T20:35:02.014,0.602,0.602,-0.115  -0.130
2018-10-02T20:35:02.444,2018-10-02T20:35:02.595,0.151,0.151,-0.115  -0.130
2018-10-02T20:35:03.472,2018-10-02T20:35:03.608,0.136,0.136,-0.115  -0.130
2018-10-02T20:35:04.496,2018-10-02T20:35:04.644,0.148,0.148,-0.115  -0.130
2018-10-02T20:35:05.521,2018-10-02T20:35:05.670,0.149,0.149,-0.115  -0.130
2018-10-02T20:35:06.546,2018-10-02T20:35:06.656,0.11,0.11,-0.115  -0.130
2018-10-02T20:35:07.569,2018-10-02T20:35:07.683,0.114,0.114,-0.115  -0.130
2018-10-02T20:35:08.594,2018-10-02T20:35:08.728,0.134,0.134,-0.115  -0.130
2018-10-02T20:35:09.625,2018-10-02T20:35:09.973,0.348,0.348,-0.115  -0.130
2018-10-02T20:35:10.649,2018-10-02T20:35:10.783,0.134,0.134,-0.115  -0.130
2018-10-02T20:35:11.673,2018-10-02T20:35:11.825,0.152,0.152,-0.115  -0.130
2018-10-02T20:35:12.697,2018-10-02T20:35:12.845,0.148,0.148,-0.115  -0.130
2018-10-02T20:35:13.722,2018-10-02T20:35:13.867,0.145,0.145,-0.115  -0.130
2018-10-02T20:35:14.748,2018-10-02T20:35:14.892,0.144,0.144,-0.115  -0.130
2018-10-02T20:35:15.772,2018-10-02T20:35:15.913,0.141,0.141,-0.115  -0.130
2018-10-02T20:35:16.796,2018-10-02T20:35:16.957,0.161,0.161,-0.115  -0.130
2018-10-02T20:35:17.820,2018-10-02T20:35:18.024,0.204,0.204,-0.115  -0.130
2018-10-02T20:35:18.847,2018-10-02T20:35:19.011,0.164,0.164,-0.115  -0.130
2018-10-02T20:35:19.874,2018-10-02T20:35:20.052,0.178,0.178,-0.115  -0.130
2018-10-02T20:35:20.899,2018-10-02T20:35:21.015,0.116,0.116,-0.115  -0.130
2018-10-02T20:35:21.931,2018-10-02T20:35:22.069,0.138,0.138,-0.115  -0.130
2018-10-02T20:35:22.955,2018-10-02T20:35:23.152,0.197,0.197,-0.115  -0.130
2018-10-02T20:35:24.003,2018-10-02T20:35:24.127,0.124,0.124,-0.115  -0.130
2018-10-02T20:35:25.028,2018-10-02T20:35:25.172,0.144,0.144,-0.115  -0.130
2018-10-02T20:35:26.053,2018-10-02T20:35:26.716,0.663,0.663,-0.115  -0.130
2018-10-02T20:35:27.082,2018-10-02T20:35:27.223,0.141,0.141,-0.115  -0.130
2018-10-02T20:35:28.107,2018-10-02T20:35:28.239,0.132,0.132,-0.115  -0.130
2018-10-02T20:35:29.135,2018-10-02T20:35:29.343,0.208,0.208,-0.115  -0.130
2018-10-02T20:35:30.161,2018-10-02T20:35:30.312,0.151,0.151,-0.115  -0.130
2018-10-02T20:35:31.185,2018-10-02T20:35:31.334,0.149,0.149,-0.115  -0.130
2018-10-02T20:35:32.217,2018-10-02T20:35:32.351,0.134,0.134,-0.115  -0.130
2018-10-02T20:35:33.251,2018-10-02T20:35:34.460,1.209,1.209,-0.115  -0.130
2018-10-02T20:35:34.275,2018-10-02T20:35:34.539,0.264,0.264,-0.115  -0.130
2018-10-02T20:35:35.309,2018-10-02T20:35:35.495,0.186,0.186,-0.115  -0.130
2018-10-02T20:35:36.332,2018-10-02T20:35:36.476,0.144,0.144,-0.115  -0.130
2018-10-02T20:35:37.367,2018-10-02T20:35:37.524,0.157,0.157,-0.115  -0.130
2018-10-02T20:35:38.393,2018-10-02T20:35:38.560,0.167,0.167,-0.115  -0.130
2018-10-02T20:35:39.416,2018-10-02T20:35:39.572,0.156,0.156,-0.115  -0.130
2018-10-02T20:35:40.439,2018-10-02T20:35:40.636,0.197,0.197,-0.115  -0.130
2018-10-02T20:35:41.530,2018-10-02T20:35:41.749,0.219,0.219,-0.115  -0.130
2018-10-02T20:35:42.605,2018-10-02T20:35:42.729,0.124,0.124,-0.115  -0.130
2018-10-02T20:35:43.628,2018-10-02T20:35:44.436,0.808,0.808,-0.115  -0.130
2018-10-02T20:35:44.652,2018-10-02T20:35:44.815,0.163,0.163,-0.115  -0.130
2018-10-02T20:35:45.693,2018-10-02T20:35:45.842,0.149,0.149,-0.115  -0.130
2018-10-02T20:35:46.717,2018-10-02T20:35:46.890,0.173,0.173,-0.115  -0.130
2018-10-02T20:35:47.739,2018-10-02T20:35:47.915,0.176,0.176,-0.115  -0.130
2018-10-02T20:35:48.761,2018-10-02T20:35:48.923,0.162,0.162,-0.115  -0.130
2018-10-02T20:35:49.783,2018-10-02T20:35:49.876,0.093,0.093,-0.115  -0.130
2018-10-02T20:35:50.807,2018-10-02T20:35:50.990,0.183,0.183,-0.115  -0.130
2018-10-02T20:35:51.833,2018-10-02T20:35:51.995,0.162,0.162,-0.115  -0.130
2018-10-02T20:35:52.855,2018-10-02T20:35:53.017,0.162,0.162,-0.115  -0.130
2018-10-02T20:35:53.882,2018-10-02T20:35:54.082,0.2,0.2,-0.115  -0.130
2018-10-02T20:35:54.918,2018-10-02T20:35:55.010,0.092,0.092,-0.115  -0.130
2018-10-02T20:35:55.942,2018-10-02T20:35:56.086,0.144,0.144,-0.115  -0.130
2018-10-02T20:35:56.972,2018-10-02T20:35:57.115,0.143,0.143,-0.115  -0.130
2018-10-02T20:35:57.998,2018-10-02T20:35:58.144,0.146,0.146,-0.115  -0.130
2018-10-02T20:35:59.027,2018-10-02T20:35:59.169,0.142,0.142,-0.115  -0.130
2018-10-02T20:36:00.052,2018-10-02T20:36:00.196,0.144,0.144,-0.115  -0.130
2018-10-02T20:36:01.078,2018-10-02T20:36:01.302,0.224,0.224,-0.115  -0.130
2018-10-02T20:36:02.102,2018-10-02T20:36:02.245,0.143,0.143,-0.115  -0.130
2018-10-02T20:36:03.127,2018-10-02T20:36:03.291,0.164,0.164,-0.115  -0.130
2018-10-02T20:36:04.168,2018-10-02T20:36:04.308,0.14,0.14,-0.115  -0.130
2018-10-02T20:36:05.214,2018-10-02T20:36:05.349,0.135,0.135,-0.115  -0.130
2018-10-02T20:36:06.249,2018-10-02T20:36:06.447,0.198,0.198,-0.115  -0.130
2018-10-02T20:36:07.277,2018-10-02T20:36:07.426,0.149,0.149,-0.115  -0.130
2018-10-02T20:36:08.319,2018-10-02T20:36:08.487,0.168,0.168,-0.115  -0.130
2018-10-02T20:36:09.344,2018-10-02T20:36:09.479,0.135,0.135,-0.115  -0.130
2018-10-02T20:36:10.380,2018-10-02T20:36:10.532,0.152,0.152,-0.115  -0.130
2018-10-02T20:36:11.406,2018-10-02T20:36:11.517,0.111,0.111,-0.115  -0.130
2018-10-02T20:36:12.431,2018-10-02T20:36:12.567,0.136,0.136,-0.115  -0.130
2018-10-02T20:36:13.455,2018-10-02T20:36:13.579,0.124,0.124,-0.115  -0.130
2018-10-02T20:36:14.481,2018-10-02T20:36:14.600,0.119,0.119,-0.115  -0.130
2018-10-02T20:36:15.504,2018-10-02T20:36:15.637,0.133,0.133,-0.115  -0.130
2018-10-02T20:36:16.547,2018-10-02T20:36:16.766,0.219,0.219,-0.115  -0.130
2018-10-02T20:36:17.595,2018-10-02T20:36:18.040,0.445,0.445,-0.115  -0.130
2018-10-02T20:36:18.617,2018-10-02T20:36:18.747,0.13,0.13,-0.115  -0.130
2018-10-02T20:36:19.642,2018-10-02T20:36:19.820,0.178,0.178,-0.115  -0.130
2018-10-02T20:36:20.703,2018-10-02T20:36:20.828,0.125,0.125,-0.115  -0.130
2018-10-02T20:36:21.729,2018-10-02T20:36:21.899,0.17,0.17,-0.115  -0.130
2018-10-02T20:36:22.755,2018-10-02T20:36:22.912,0.157,0.157,-0.115  -0.130
2018-10-02T20:36:23.792,2018-10-02T20:36:23.929,0.137,0.137,-0.115  -0.130
2018-10-02T20:36:24.819,2018-10-02T20:36:24.969,0.15,0.15,-0.115  -0.130
2018-10-02T20:36:25.843,2018-10-02T20:36:26.036,0.193,0.193,-0.115  -0.130
2018-10-02T20:36:26.868,2018-10-02T20:36:26.979,0.111,0.111,-0.115  -0.130
2018-10-02T20:36:27.894,2018-10-02T20:36:28.011,0.117,0.117,-0.115  -0.130
2018-10-02T20:36:28.919,2018-10-02T20:36:29.085,0.166,0.166,-0.115  -0.130
2018-10-02T20:36:29.960,2018-10-02T20:36:30.080,0.12,0.12,-0.115  -0.130
2018-10-02T20:36:31.006,2018-10-02T20:36:31.336,0.33,0.33,-0.115  -0.130
2018-10-02T20:36:32.034,2018-10-02T20:36:32.159,0.125,0.125,-0.115  -0.130
2018-10-02T20:36:33.062,2018-10-02T20:36:33.312,0.25,0.25,-0.115  -0.130
2018-10-02T20:36:34.185,2018-10-02T20:36:34.395,0.21,0.21,-0.115  -0.130
2018-10-02T20:36:35.279,2018-10-02T20:36:35.481,0.202,0.202,-0.115  -0.130
2018-10-02T20:36:36.343,2018-10-02T20:36:36.449,0.106,0.106,-0.115  -0.130
2018-10-02T20:36:37.381,2018-10-02T20:36:37.552,0.171,0.171,-0.115  -0.130
2018-10-02T20:36:38.411,2018-10-02T20:36:38.559,0.148,0.148,-0.115  -0.130
2018-10-02T20:36:39.436,2018-10-02T20:36:39.652,0.216,0.216,-0.115  -0.130
2018-10-02T20:36:40.469,2018-10-02T20:36:40.612,0.143,0.143,-0.115  -0.130
2018-10-02T20:36:41.498,2018-10-02T20:36:41.691,0.193,0.193,-0.115  -0.130
2018-10-02T20:36:42.535,2018-10-02T20:36:42.996,0.461,0.461,-0.115  -0.130
2018-10-02T20:36:43.570,2018-10-02T20:36:43.749,0.179,0.179,-0.115  -0.130
2018-10-02T20:36:44.592,2018-10-02T20:36:44.723,0.131,0.131,-0.115  -0.130
2018-10-02T20:36:45.623,2018-10-02T20:36:45.748,0.125,0.125,-0.115  -0.130
2018-10-02T20:36:46.653,2018-10-02T20:36:46.811,0.158,0.158,-0.115  -0.130
2018-10-02T20:36:47.687,2018-10-02T20:36:47.828,0.141,0.141,-0.115  -0.130
2018-10-02T20:36:48.719,2018-10-02T20:36:48.830,0.111,0.111,-0.115  -0.130
2018-10-02T20:36:49.745,2018-10-02T20:36:49.853,0.108,0.108,-0.115  -0.130
2018-10-02T20:36:50.770,2018-10-02T20:36:50.939,0.169,0.169,-0.115  -0.130
2018-10-02T20:36:51.803,2018-10-02T20:36:51.946,0.143,0.143,-0.115  -0.130
2018-10-02T20:36:52.828,2018-10-02T20:36:53.004,0.176,0.176,-0.115  -0.130
2018-10-02T20:36:53.856,2018-10-02T20:36:54.021,0.165,0.165,-0.115  -0.130
2018-10-02T20:36:54.894,2018-10-02T20:36:55.017,0.123,0.123,-0.115  -0.130
2018-10-02T20:36:55.930,2018-10-02T20:36:56.095,0.165,0.165,-0.115  -0.130
2018-10-02T20:36:56.956,2018-10-02T20:36:57.099,0.143,0.143,-0.115  -0.130
2018-10-02T20:36:57.984,2018-10-02T20:36:58.146,0.162,0.162,-0.115  -0.130
2018-10-02T20:36:59.018,2018-10-02T20:36:59.167,0.149,0.149,-0.115  -0.130
2018-10-02T20:37:00.059,2018-10-02T20:37:00.295,0.236,0.236,-0.115  -0.130
2018-10-02T20:37:01.084,2018-10-02T20:37:01.275,0.191,0.191,-0.115  -0.130
2018-10-02T20:37:02.128,2018-10-02T20:37:02.259,0.131,0.131,-0.115  -0.130
2018-10-02T20:37:03.155,2018-10-02T20:37:03.295,0.14,0.14,-0.115  -0.130
2018-10-02T20:37:04.185,2018-10-02T20:37:04.317,0.132,0.132,-0.115  -0.130
2018-10-02T20:37:05.218,2018-10-02T20:37:05.410,0.192,0.192,-0.115  -0.130
2018-10-02T20:37:06.250,2018-10-02T20:37:06.379,0.129,0.129,-0.115  -0.130
2018-10-02T20:37:07.288,2018-10-02T20:37:07.517,0.229,0.229,-0.115  -0.130
2018-10-02T20:37:08.353,2018-10-02T20:37:08.862,0.509,0.509,-0.115  -0.130
2018-10-02T20:37:09.386,2018-10-02T20:37:09.541,0.155,0.155,-0.115  -0.130
2018-10-02T20:37:10.413,2018-10-02T20:37:10.601,0.188,0.188,-0.115  -0.130
2018-10-02T20:37:11.455,2018-10-02T20:37:11.592,0.137,0.137,-0.115  -0.130
2018-10-02T20:37:12.478,2018-10-02T20:37:12.592,0.114,0.114,-0.115  -0.130
2018-10-02T20:37:13.505,2018-10-02T20:37:13.680,0.175,0.175,-0.115  -0.130
2018-10-02T20:37:14.544,2018-10-02T20:37:14.697,0.153,0.153,-0.115  -0.130
2018-10-02T20:37:15.566,2018-10-02T20:37:15.705,0.139,0.139,-0.115  -0.130
2018-10-02T20:37:16.589,2018-10-02T20:37:16.715,0.126,0.126,-0.115  -0.130
2018-10-02T20:37:17.613,2018-10-02T20:37:17.876,0.263,0.263,-0.115  -0.130
2018-10-02T20:37:18.642,2018-10-02T20:37:18.782,0.14,0.14,-0.115  -0.130
2018-10-02T20:37:19.678,2018-10-02T20:37:19.849,0.171,0.171,-0.115  -0.130
2018-10-02T20:37:20.701,2018-10-02T20:37:20.849,0.148,0.148,-0.115  -0.130
2018-10-02T20:37:21.725,2018-10-02T20:37:21.853,0.128,0.128,-0.115  -0.130
2018-10-02T20:37:22.752,2018-10-02T20:37:22.892,0.14,0.14,-0.115  -0.130
2018-10-02T20:37:23.784,2018-10-02T20:37:23.912,0.128,0.128,-0.115  -0.130
2018-10-02T20:37:24.809,2018-10-02T20:37:24.988,0.179,0.179,-0.115  -0.130
2018-10-02T20:37:25.836,2018-10-02T20:37:26.434,0.598,0.598,-0.115  -0.130
2018-10-02T20:37:26.864,2018-10-02T20:37:26.979,0.115,0.115,-0.115  -0.130
2018-10-02T20:37:27.898,2018-10-02T20:37:28.063,0.165,0.165,-0.115  -0.130
2018-10-02T20:37:28.926,2018-10-02T20:37:29.061,0.135,0.135,-0.115  -0.130
2018-10-02T20:37:29.962,2018-10-02T20:37:30.155,0.193,0.193,-0.115  -0.130
2018-10-02T20:37:30.994,2018-10-02T20:37:31.122,0.128,0.128,-0.115  -0.130
2018-10-02T20:37:32.024,2018-10-02T20:37:32.251,0.227,0.227,-0.115  -0.130
2018-10-02T20:37:33.052,2018-10-02T20:37:33.146,0.094,0.094,-0.115  -0.130
2018-10-02T20:37:34.085,2018-10-02T20:37:34.256,0.171,0.171,-0.115  -0.130
2018-10-02T20:37:35.114,2018-10-02T20:37:35.254,0.14,0.14,-0.115  -0.130
2018-10-02T20:37:36.150,2018-10-02T20:37:36.314,0.164,0.164,-0.115  -0.130
2018-10-02T20:37:37.181,2018-10-02T20:37:37.289,0.108,0.108,-0.115  -0.130
2018-10-02T20:37:38.210,2018-10-02T20:37:38.401,0.191,0.191,-0.115  -0.130
2018-10-02T20:37:39.252,2018-10-02T20:37:39.423,0.171,0.171,-0.115  -0.130
2018-10-02T20:37:40.286,2018-10-02T20:37:40.434,0.148,0.148,-0.115  -0.130
2018-10-02T20:37:41.310,2018-10-02T20:37:41.447,0.137,0.137,-0.115  -0.130
2018-10-02T20:37:42.337,2018-10-02T20:37:42.489,0.152,0.152,-0.115  -0.130
2018-10-02T20:37:43.372,2018-10-02T20:37:43.783,0.411,0.411,-0.115  -0.130
2018-10-02T20:37:44.400,2018-10-02T20:37:44.558,0.158,0.158,-0.115  -0.130
2018-10-02T20:37:45.426,2018-10-02T20:37:45.595,0.169,0.169,-0.115  -0.130
2018-10-02T20:37:46.455,2018-10-02T20:37:46.605,0.15,0.15,-0.115  -0.130
2018-10-02T20:37:47.489,2018-10-02T20:37:47.624,0.135,0.135,-0.115  -0.130
2018-10-02T20:37:48.517,2018-10-02T20:37:48.711,0.194,0.194,-0.115  -0.130
2018-10-02T20:37:49.555,2018-10-02T20:37:49.734,0.179,0.179,-0.115  -0.130
2018-10-02T20:37:50.622,2018-10-02T20:37:50.808,0.186,0.186,-0.115  -0.130
2018-10-02T20:37:51.653,2018-10-02T20:37:52.517,0.864,0.864,-0.115  -0.130
2018-10-02T20:37:52.693,2018-10-02T20:37:52.877,0.184,0.184,-0.115  -0.130
2018-10-02T20:37:53.729,2018-10-02T20:37:53.863,0.134,0.134,-0.115  -0.130
2018-10-02T20:37:54.762,2018-10-02T20:37:54.905,0.143,0.143,-0.115  -0.130
2018-10-02T20:37:55.792,2018-10-02T20:37:55.945,0.153,0.153,-0.115  -0.130
2018-10-02T20:37:56.822,2018-10-02T20:37:57.191,0.369,0.369,-0.115  -0.130
2018-10-02T20:37:57.855,2018-10-02T20:37:57.978,0.123,0.123,-0.115  -0.130
2018-10-02T20:37:58.888,2018-10-02T20:37:59.152,0.264,0.264,-0.115  -0.130
2018-10-02T20:37:59.918,2018-10-02T20:38:00.472,0.554,0.554,-0.115  -0.130
2018-10-02T20:38:00.951,2018-10-02T20:38:01.128,0.177,0.177,-0.115  -0.130
2018-10-02T20:38:01.994,2018-10-02T20:38:02.128,0.134,0.134,-0.115  -0.130
2018-10-02T20:38:03.029,2018-10-02T20:38:03.153,0.124,0.124,-0.115  -0.130
2018-10-02T20:38:04.056,2018-10-02T20:38:04.211,0.155,0.155,-0.115  -0.130
2018-10-02T20:38:05.086,2018-10-02T20:38:05.203,0.117,0.117,-0.115  -0.130
2018-10-02T20:38:06.112,2018-10-02T20:38:06.239,0.127,0.127,-0.115  -0.130
2018-10-02T20:38:07.134,2018-10-02T20:38:07.262,0.128,0.128,-0.115  -0.130
2018-10-02T20:38:08.157,2018-10-02T20:38:08.363,0.206,0.206,-0.115  -0.130
2018-10-02T20:38:09.195,2018-10-02T20:38:09.326,0.131,0.131,-0.115  -0.130
2018-10-02T20:38:10.227,2018-10-02T20:38:10.350,0.123,0.123,-0.115  -0.130
2018-10-02T20:38:11.252,2018-10-02T20:38:11.411,0.159,0.159,-0.115  -0.130
2018-10-02T20:38:12.278,2018-10-02T20:38:12.407,0.129,0.129,-0.115  -0.130
2018-10-02T20:38:13.307,2018-10-02T20:38:13.455,0.148,0.148,-0.115  -0.130
2018-10-02T20:38:14.330,2018-10-02T20:38:14.476,0.146,0.146,-0.115  -0.130
2018-10-02T20:38:15.353,2018-10-02T20:38:15.536,0.183,0.183,-0.115  -0.130
2018-10-02T20:38:16.391,2018-10-02T20:38:16.535,0.144,0.144,-0.115  -0.130
2018-10-02T20:38:17.424,2018-10-02T20:38:17.597,0.173,0.173,-0.115  -0.130
2018-10-02T20:38:18.457,2018-10-02T20:38:18.597,0.14,0.14,-0.115  -0.130
2018-10-02T20:38:19.501,2018-10-02T20:38:19.631,0.13,0.13,-0.115  -0.130
2018-10-02T20:38:20.526,2018-10-02T20:38:20.642,0.116,0.116,-0.115  -0.130
2018-10-02T20:38:21.554,2018-10-02T20:38:21.706,0.152,0.152,-0.115  -0.130
2018-10-02T20:38:22.593,2018-10-02T20:38:22.730,0.137,0.137,-0.115  -0.130
2018-10-02T20:38:23.619,2018-10-02T20:38:23.756,0.137,0.137,-0.115  -0.130
2018-10-02T20:38:24.643,2018-10-02T20:38:24.917,0.274,0.274,-0.115  -0.130
2018-10-02T20:38:25.681,2018-10-02T20:38:25.795,0.114,0.114,-0.115  -0.130
2018-10-02T20:38:26.708,2018-10-02T20:38:26.858,0.15,0.15,-0.115  -0.130
2018-10-02T20:38:27.734,2018-10-02T20:38:27.882,0.148,0.148,-0.115  -0.130
2018-10-02T20:38:28.759,2018-10-02T20:38:28.924,0.165,0.165,-0.115  -0.130
2018-10-02T20:38:29.798,2018-10-02T20:38:29.966,0.168,0.168,-0.115  -0.130
2018-10-02T20:38:30.825,2018-10-02T20:38:30.970,0.145,0.145,-0.115  -0.130
2018-10-02T20:38:31.849,2018-10-02T20:38:31.990,0.141,0.141,-0.115  -0.130
2018-10-02T20:38:32.877,2018-10-02T20:38:33.098,0.221,0.221,-0.115  -0.130
2018-10-02T20:38:33.908,2018-10-02T20:38:34.060,0.152,0.152,-0.115  -0.130
2018-10-02T20:38:34.942,2018-10-02T20:38:35.081,0.139,0.139,-0.115  -0.130
2018-10-02T20:38:35.969,2018-10-02T20:38:36.124,0.155,0.155,-0.115  -0.130
2018-10-02T20:38:37.013,2018-10-02T20:38:37.155,0.142,0.142,-0.115  -0.130
2018-10-02T20:38:38.041,2018-10-02T20:38:38.166,0.125,0.125,-0.115  -0.130
2018-10-02T20:38:39.072,2018-10-02T20:38:39.265,0.193,0.193,-0.115  -0.130
2018-10-02T20:38:40.120,2018-10-02T20:38:40.426,0.306,0.306,-0.115  -0.130
2018-10-02T20:38:41.148,2018-10-02T20:38:41.434,0.286,0.286,-0.115  -0.130
2018-10-02T20:38:42.174,2018-10-02T20:38:42.303,0.129,0.129,-0.115  -0.130
2018-10-02T20:38:43.199,2018-10-02T20:38:43.342,0.143,0.143,-0.115  -0.130
2018-10-02T20:38:44.231,2018-10-02T20:38:44.374,0.143,0.143,-0.115  -0.130
2018-10-02T20:38:45.257,2018-10-02T20:38:45.411,0.154,0.154,-0.115  -0.130
2018-10-02T20:38:46.283,2018-10-02T20:38:46.426,0.143,0.143,-0.115  -0.130
2018-10-02T20:38:47.330,2018-10-02T20:38:47.530,0.2,0.2,-0.115  -0.130
2018-10-02T20:38:48.357,2018-10-02T20:38:48.553,0.196,0.196,-0.115  -0.130
2018-10-02T20:38:49.382,2018-10-02T20:38:50.131,0.749,0.749,-0.115  -0.130
2018-10-02T20:38:50.416,2018-10-02T20:38:50.536,0.12,0.12,-0.115  -0.130
2018-10-02T20:38:51.443,2018-10-02T20:38:51.588,0.145,0.145,-0.115  -0.130
2018-10-02T20:38:52.478,2018-10-02T20:38:52.620,0.142,0.142,-0.115  -0.130
2018-10-02T20:38:53.507,2018-10-02T20:38:53.705,0.198,0.198,-0.115  -0.130
2018-10-02T20:38:54.532,2018-10-02T20:38:54.706,0.174,0.174,-0.115  -0.130
2018-10-02T20:38:55.567,2018-10-02T20:38:55.698,0.131,0.131,-0.115  -0.130
2018-10-02T20:38:56.593,2018-10-02T20:38:57.636,1.043,1.043,-0.115  -0.130
2018-10-02T20:38:57.653,2018-10-02T20:38:57.831,0.178,0.178,-0.115  -0.130
2018-10-02T20:38:58.681,2018-10-02T20:38:58.851,0.17,0.17,-0.115  -0.130
2018-10-02T20:38:59.709,2018-10-02T20:38:59.866,0.157,0.157,-0.115  -0.130
2018-10-02T20:39:00.746,2018-10-02T20:39:00.882,0.136,0.136,-0.115  -0.130
2018-10-02T20:39:01.771,2018-10-02T20:39:01.884,0.113,0.113,-0.115  -0.130
2018-10-02T20:39:02.797,2018-10-02T20:39:02.926,0.129,0.129,-0.115  -0.130
2018-10-02T20:39:03.823,2018-10-02T20:39:04.040,0.217,0.217,-0.115  -0.130
2018-10-02T20:39:04.858,2018-10-02T20:39:05.005,0.147,0.147,-0.115  -0.130
2018-10-02T20:39:05.885,2018-10-02T20:39:06.118,0.233,0.233,-0.115  -0.130
2018-10-02T20:39:06.911,2018-10-02T20:39:07.016,0.105,0.105,-0.115  -0.130
2018-10-02T20:39:07.940,2018-10-02T20:39:08.069,0.129,0.129,-0.115  -0.130
2018-10-02T20:39:08.968,2018-10-02T20:39:09.119,0.151,0.151,-0.115  -0.130
2018-10-02T20:39:09.993,2018-10-02T20:39:10.137,0.144,0.144,-0.115  -0.130
2018-10-02T20:39:11.019,2018-10-02T20:39:11.177,0.158,0.158,-0.115  -0.130
2018-10-02T20:39:12.046,2018-10-02T20:39:12.201,0.155,0.155,-0.115  -0.130
2018-10-02T20:39:13.071,2018-10-02T20:39:13.220,0.149,0.149,-0.115  -0.130
2018-10-02T20:39:14.100,2018-10-02T20:39:14.254,0.154,0.154,-0.115  -0.130
2018-10-02T20:39:15.124,2018-10-02T20:39:15.276,0.152,0.152,-0.115  -0.130
2018-10-02T20:39:16.148,2018-10-02T20:39:16.277,0.129,0.129,-0.115  -0.130
2018-10-02T20:39:17.175,2018-10-02T20:39:17.318,0.143,0.143,-0.115  -0.130
2018-10-02T20:39:18.205,2018-10-02T20:39:18.339,0.134,0.134,-0.115  -0.130
2018-10-02T20:39:19.230,2018-10-02T20:39:19.425,0.195,0.195,-0.115  -0.130
2018-10-02T20:39:20.264,2018-10-02T20:39:20.412,0.148,0.148,-0.115  -0.130
2018-10-02T20:39:21.293,2018-10-02T20:39:21.720,0.427,0.427,-0.115  -0.130
2018-10-02T20:39:22.329,2018-10-02T20:39:22.453,0.124,0.124,-0.115  -0.130
2018-10-02T20:39:23.355,2018-10-02T20:39:23.535,0.18,0.18,-0.115  -0.130
2018-10-02T20:39:24.381,2018-10-02T20:39:24.506,0.125,0.125,-0.115  -0.130
2018-10-02T20:39:25.413,2018-10-02T20:39:25.551,0.138,0.138,-0.115  -0.130
2018-10-02T20:39:26.443,2018-10-02T20:39:26.618,0.175,0.175,-0.115  -0.130
2018-10-02T20:39:27.472,2018-10-02T20:39:27.602,0.13,0.13,-0.115  -0.130
2018-10-02T20:39:28.510,2018-10-02T20:39:28.641,0.131,0.131,-0.115  -0.130
2018-10-02T20:39:29.546,2018-10-02T20:39:29.848,0.302,0.302,-0.115  -0.130
2018-10-02T20:39:30.579,2018-10-02T20:39:30.706,0.127,0.127,-0.115  -0.130
2018-10-02T20:39:31.604,2018-10-02T20:39:31.774,0.17,0.17,-0.115  -0.130
2018-10-02T20:39:32.633,2018-10-02T20:39:32.736,0.103,0.103,-0.115  -0.130
2018-10-02T20:39:33.661,2018-10-02T20:39:33.805,0.144,0.144,-0.115  -0.130
2018-10-02T20:39:34.687,2018-10-02T20:39:34.852,0.165,0.165,-0.115  -0.130
2018-10-02T20:39:35.713,2018-10-02T20:39:35.847,0.134,0.134,-0.115  -0.130
2018-10-02T20:39:36.739,2018-10-02T20:39:36.853,0.114,0.114,-0.115  -0.130
2018-10-02T20:39:37.767,2018-10-02T20:39:37.936,0.169,0.169,-0.115  -0.130
2018-10-02T20:39:38.806,2018-10-02T20:39:39.350,0.544,0.544,-0.115  -0.130
2018-10-02T20:39:39.843,2018-10-02T20:39:39.987,0.144,0.144,-0.115  -0.130
2018-10-02T20:39:40.869,2018-10-02T20:39:41.014,0.145,0.145,-0.115  -0.130
2018-10-02T20:39:41.954,2018-10-02T20:39:42.113,0.159,0.159,-0.115  -0.130
2018-10-02T20:39:42.978,2018-10-02T20:39:43.188,0.21,0.21,-0.115  -0.130
2018-10-02T20:39:44.020,2018-10-02T20:39:44.161,0.141,0.141,-0.115  -0.130
2018-10-02T20:39:45.045,2018-10-02T20:39:45.173,0.128,0.128,-0.115  -0.130
2018-10-02T20:39:46.072,2018-10-02T20:39:46.216,0.144,0.144,-0.115  -0.130
2018-10-02T20:39:47.098,2018-10-02T20:39:47.239,0.141,0.141,-0.115  -0.130
2018-10-02T20:39:48.127,2018-10-02T20:39:48.277,0.15,0.15,-0.115  -0.130
2018-10-02T20:39:49.156,2018-10-02T20:39:49.301,0.145,0.145,-0.115  -0.130
2018-10-02T20:39:50.183,2018-10-02T20:39:50.322,0.139,0.139,-0.115  -0.130
2018-10-02T20:39:51.209,2018-10-02T20:39:51.339,0.13,0.13,-0.115  -0.130
2018-10-02T20:39:52.234,2018-10-02T20:39:52.391,0.157,0.157,-0.115  -0.130
2018-10-02T20:39:53.266,2018-10-02T20:39:53.401,0.135,0.135,-0.115  -0.130
2018-10-02T20:39:54.292,2018-10-02T20:39:54.456,0.164,0.164,-0.115  -0.130
2018-10-02T20:39:55.328,2018-10-02T20:39:55.506,0.178,0.178,-0.115  -0.130
2018-10-02T20:39:56.358,2018-10-02T20:39:56.626,0.268,0.268,-0.115  -0.130
2018-10-02T20:39:57.385,2018-10-02T20:39:57.497,0.112,0.112,-0.115  -0.130
2018-10-02T20:39:58.418,2018-10-02T20:39:58.566,0.148,0.148,-0.115  -0.130
2018-10-02T20:39:59.446,2018-10-02T20:39:59.596,0.15,0.15,-0.115  -0.130
2018-10-02T20:40:00.478,2018-10-02T20:40:00.600,0.122,0.122,-0.115  -0.130
2018-10-02T20:40:01.507,2018-10-02T20:40:01.698,0.191,0.191,-0.115  -0.130
2018-10-02T20:40:02.563,2018-10-02T20:40:02.691,0.128,0.128,-0.115  -0.130
2018-10-02T20:40:03.592,2018-10-02T20:40:03.771,0.179,0.179,-0.115  -0.130
2018-10-02T20:40:04.626,2018-10-02T20:40:04.884,0.258,0.258,-0.115  -0.130
2018-10-02T20:40:05.652,2018-10-02T20:40:05.753,0.101,0.101,-0.115  -0.130
2018-10-02T20:40:06.683,2018-10-02T20:40:06.849,0.166,0.166,-0.115  -0.130
2018-10-02T20:40:07.711,2018-10-02T20:40:07.886,0.175,0.175,-0.115  -0.130
2018-10-02T20:40:08.781,2018-10-02T20:40:08.936,0.155,0.155,-0.115  -0.130
2018-10-02T20:40:09.808,2018-10-02T20:40:09.934,0.126,0.126,-0.115  -0.130
2018-10-02T20:40:10.837,2018-10-02T20:40:10.984,0.147,0.147,-0.115  -0.130
2018-10-02T20:40:11.864,2018-10-02T20:40:11.988,0.124,0.124,-0.115  -0.130
2018-10-02T20:40:12.887,2018-10-02T20:40:13.265,0.378,0.378,-0.115  -0.130
2018-10-02T20:40:13.912,2018-10-02T20:40:14.025,0.113,0.113,-0.115  -0.130
2018-10-02T20:40:14.939,2018-10-02T20:40:15.114,0.175,0.175,-0.115  -0.130
2018-10-02T20:40:15.973,2018-10-02T20:40:16.119,0.146,0.146,-0.115  -0.130
2018-10-02T20:40:16.997,2018-10-02T20:40:17.155,0.158,0.158,-0.115  -0.130
2018-10-02T20:40:18.025,2018-10-02T20:40:18.160,0.135,0.135,-0.115  -0.130
2018-10-02T20:40:19.052,2018-10-02T20:40:19.213,0.161,0.161,-0.115  -0.130
2018-10-02T20:40:20.081,2018-10-02T20:40:20.288,0.207,0.207,-0.115  -0.130
2018-10-02T20:40:21.108,2018-10-02T20:40:21.538,0.43,0.43,-0.115  -0.130
2018-10-02T20:40:22.153,2018-10-02T20:40:22.261,0.108,0.108,-0.115  -0.130
2018-10-02T20:40:23.179,2018-10-02T20:40:23.369,0.19,0.19,-0.115  -0.130
2018-10-02T20:40:24.203,2018-10-02T20:40:24.309,0.106,0.106,-0.115  -0.130
2018-10-02T20:40:25.234,2018-10-02T20:40:25.445,0.211,0.211,-0.115  -0.130
2018-10-02T20:40:26.260,2018-10-02T20:40:26.365,0.105,0.105,-0.115  -0.130
2018-10-02T20:40:27.286,2018-10-02T20:40:27.444,0.158,0.158,-0.115  -0.130
2018-10-02T20:40:28.311,2018-10-02T20:40:28.427,0.116,0.116,-0.115  -0.130
2018-10-02T20:40:29.335,2018-10-02T20:40:29.789,0.454,0.454,-0.115  -0.130
2018-10-02T20:40:30.376,2018-10-02T20:40:30.523,0.147,0.147,-0.115  -0.130
2018-10-02T20:40:31.403,2018-10-02T20:40:31.614,0.211,0.211,-0.115  -0.130
2018-10-02T20:40:32.427,2018-10-02T20:40:32.562,0.135,0.135,-0.115  -0.130
2018-10-02T20:40:33.454,2018-10-02T20:40:33.641,0.187,0.187,-0.115  -0.130
2018-10-02T20:40:34.481,2018-10-02T20:40:34.622,0.141,0.141,-0.115  -0.130
2018-10-02T20:40:35.510,2018-10-02T20:40:35.656,0.146,0.146,-0.115  -0.130
2018-10-02T20:40:36.545,2018-10-02T20:40:36.680,0.135,0.135,-0.115  -0.130
2018-10-02T20:40:37.567,2018-10-02T20:40:38.319,0.752,0.752,-0.115  -0.130
2018-10-02T20:40:38.614,2018-10-02T20:40:38.748,0.134,0.134,-0.115  -0.130
2018-10-02T20:40:39.640,2018-10-02T20:40:39.757,0.117,0.117,-0.115  -0.130
2018-10-02T20:40:40.673,2018-10-02T20:40:40.805,0.132,0.132,-0.115  -0.130
2018-10-02T20:40:41.696,2018-10-02T20:40:41.836,0.14,0.14,-0.115  -0.130
2018-10-02T20:40:42.730,2018-10-02T20:40:42.894,0.164,0.164,-0.115  -0.130
2018-10-02T20:40:43.761,2018-10-02T20:40:43.929,0.168,0.168,-0.115  -0.130
2018-10-02T20:40:44.798,2018-10-02T20:40:44.951,0.153,0.153,-0.115  -0.130
2018-10-02T20:40:45.824,2018-10-02T20:40:45.975,0.151,0.151,-0.115  -0.130
2018-10-02T20:40:46.854,2018-10-02T20:40:46.994,0.14,0.14,-0.115  -0.130
2018-10-02T20:40:47.892,2018-10-02T20:40:48.163,0.271,0.271,-0.115  -0.130
2018-10-02T20:40:48.916,2018-10-02T20:40:49.032,0.116,0.116,-0.115  -0.130
2018-10-02T20:40:49.945,2018-10-02T20:40:50.088,0.143,0.143,-0.115  -0.130
2018-10-02T20:40:50.991,2018-10-02T20:40:51.166,0.175,0.175,-0.115  -0.130
2018-10-02T20:40:52.019,2018-10-02T20:40:52.139,0.12,0.12,-0.115  -0.130
2018-10-02T20:40:53.047,2018-10-02T20:40:53.157,0.11,0.11,-0.115  -0.130
2018-10-02T20:40:54.073,2018-10-02T20:40:54.189,0.116,0.116,-0.115  -0.130
2018-10-02T20:40:55.096,2018-10-02T20:40:55.474,0.378,0.378,-0.115  -0.130
2018-10-02T20:40:56.121,2018-10-02T20:40:56.246,0.125,0.125,-0.115  -0.130
2018-10-02T20:40:57.214,2018-10-02T20:40:57.346,0.132,0.132,-0.115  -0.130
2018-10-02T20:40:58.243,2018-10-02T20:40:58.384,0.141,0.141,-0.115  -0.130
2018-10-02T20:40:59.269,2018-10-02T20:40:59.422,0.153,0.153,-0.115  -0.130
2018-10-02T20:41:00.291,2018-10-02T20:41:00.413,0.122,0.122,-0.115  -0.130
2018-10-02T20:41:01.315,2018-10-02T20:41:01.456,0.141,0.141,-0.115  -0.130
2018-10-02T20:41:02.340,2018-10-02T20:41:02.499,0.159,0.159,-0.115  -0.130
2018-10-02T20:41:03.365,2018-10-02T20:41:03.559,0.194,0.194,-0.115  -0.130
2018-10-02T20:41:04.394,2018-10-02T20:41:04.527,0.133,0.133,-0.115  -0.130
2018-10-02T20:41:05.422,2018-10-02T20:41:05.563,0.141,0.141,-0.115  -0.130
2018-10-02T20:41:06.458,2018-10-02T20:41:06.613,0.155,0.155,-0.115  -0.130
2018-10-02T20:41:07.494,2018-10-02T20:41:07.622,0.128,0.128,-0.115  -0.130
2018-10-02T20:41:08.528,2018-10-02T20:41:08.650,0.122,0.122,-0.115  -0.130
2018-10-02T20:41:09.567,2018-10-02T20:41:09.723,0.156,0.156,-0.115  -0.130
2018-10-02T20:41:10.605,2018-10-02T20:41:10.750,0.145,0.145,-0.115  -0.130
2018-10-02T20:41:11.638,2018-10-02T20:41:11.840,0.202,0.202,-0.115  -0.130
2018-10-02T20:41:12.662,2018-10-02T20:41:12.816,0.154,0.154,-0.115  -0.130
2018-10-02T20:41:13.695,2018-10-02T20:41:13.828,0.133,0.133,-0.115  -0.130
2018-10-02T20:41:14.720,2018-10-02T20:41:14.891,0.171,0.171,-0.115  -0.130
2018-10-02T20:41:15.749,2018-10-02T20:41:15.928,0.179,0.179,-0.115  -0.130
2018-10-02T20:41:16.774,2018-10-02T20:41:16.933,0.159,0.159,-0.115  -0.130
2018-10-02T20:41:17.800,2018-10-02T20:41:17.956,0.156,0.156,-0.115  -0.130
2018-10-02T20:41:18.824,2018-10-02T20:41:19.015,0.191,0.191,-0.115  -0.130
2018-10-02T20:41:19.875,2018-10-02T20:41:20.537,0.662,0.662,-0.115  -0.130
2018-10-02T20:41:20.906,2018-10-02T20:41:20.995,0.089,0.089,-0.115  -0.130
2018-10-02T20:41:21.930,2018-10-02T20:41:22.086,0.156,0.156,-0.115  -0.130
2018-10-02T20:41:22.973,2018-10-02T20:41:23.115,0.142,0.142,-0.115  -0.130
2018-10-02T20:41:24.002,2018-10-02T20:41:24.156,0.154,0.154,-0.115  -0.130
2018-10-02T20:41:25.027,2018-10-02T20:41:25.175,0.148,0.148,-0.115  -0.130
2018-10-02T20:41:26.057,2018-10-02T20:41:26.220,0.163,0.163,-0.115  -0.130
2018-10-02T20:41:27.087,2018-10-02T20:41:27.228,0.141,0.141,-0.115  -0.130
2018-10-02T20:41:28.113,2018-10-02T20:41:28.510,0.397,0.397,-0.115  -0.130
2018-10-02T20:41:29.141,2018-10-02T20:41:29.303,0.162,0.162,-0.115  -0.130
2018-10-02T20:41:30.171,2018-10-02T20:41:30.321,0.15,0.15,-0.115  -0.130
2018-10-02T20:41:31.199,2018-10-02T20:41:31.440,0.241,0.241,-0.115  -0.130
2018-10-02T20:41:32.236,2018-10-02T20:41:32.400,0.164,0.164,-0.115  -0.130
2018-10-02T20:41:33.271,2018-10-02T20:41:33.426,0.155,0.155,-0.115  -0.130
2018-10-02T20:41:34.300,2018-10-02T20:41:34.443,0.143,0.143,-0.115  -0.130
2018-10-02T20:41:35.327,2018-10-02T20:41:35.465,0.138,0.138,-0.115  -0.130
2018-10-02T20:41:36.372,2018-10-02T20:41:36.510,0.138,0.138,-0.115  -0.130
2018-10-02T20:41:37.396,2018-10-02T20:41:37.549,0.153,0.153,-0.115  -0.130
2018-10-02T20:41:38.432,2018-10-02T20:41:38.709,0.277,0.277,-0.115  -0.130
2018-10-02T20:41:39.458,2018-10-02T20:41:39.584,0.126,0.126,-0.115  -0.130
2018-10-02T20:41:40.483,2018-10-02T20:41:40.638,0.155,0.155,-0.115  -0.130
2018-10-02T20:41:41.506,2018-10-02T20:41:41.637,0.131,0.131,-0.115  -0.130
2018-10-02T20:41:42.533,2018-10-02T20:41:42.721,0.188,0.188,-0.115  -0.130
2018-10-02T20:41:43.568,2018-10-02T20:41:43.745,0.177,0.177,-0.115  -0.130
2018-10-02T20:41:44.611,2018-10-02T20:41:44.794,0.183,0.183,-0.115  -0.130
2018-10-02T20:41:45.655,2018-10-02T20:41:46.307,0.652,0.652,-0.115  -0.130
2018-10-02T20:41:46.682,2018-10-02T20:41:46.851,0.169,0.169,-0.115  -0.130
2018-10-02T20:41:47.708,2018-10-02T20:41:47.828,0.12,0.12,-0.115  -0.130
2018-10-02T20:41:48.733,2018-10-02T20:41:48.868,0.135,0.135,-0.115  -0.130
2018-10-02T20:41:49.759,2018-10-02T20:41:49.889,0.13,0.13,-0.115  -0.130
2018-10-02T20:41:50.785,2018-10-02T20:41:50.948,0.163,0.163,-0.115  -0.130
2018-10-02T20:41:51.823,2018-10-02T20:41:52.021,0.198,0.198,-0.115  -0.130
2018-10-02T20:41:52.849,2018-10-02T20:41:53.014,0.165,0.165,-0.115  -0.130
2018-10-02T20:41:53.882,2018-10-02T20:41:54.085,0.203,0.203,-0.115  -0.130
2018-10-02T20:41:54.908,2018-10-02T20:41:55.020,0.112,0.112,-0.115  -0.130
2018-10-02T20:41:55.936,2018-10-02T20:41:56.090,0.154,0.154,-0.115  -0.130
2018-10-02T20:41:56.963,2018-10-02T20:41:57.075,0.112,0.112,-0.115  -0.130
2018-10-02T20:41:57.990,2018-10-02T20:41:58.081,0.091,0.091,-0.115  -0.130
2018-10-02T20:41:59.014,2018-10-02T20:41:59.222,0.208,0.208,-0.115  -0.130
2018-10-02T20:42:00.049,2018-10-02T20:42:00.162,0.113,0.113,-0.115  -0.130
2018-10-02T20:42:01.078,2018-10-02T20:42:01.283,0.205,0.205,-0.115  -0.130
2018-10-02T20:42:02.101,2018-10-02T20:42:02.198,0.097,0.097,-0.115  -0.130
2018-10-02T20:42:03.135,2018-10-02T20:42:03.248,0.113,0.113,-0.115  -0.130
2018-10-02T20:42:04.162,2018-10-02T20:42:04.296,0.134,0.134,-0.115  -0.130
2018-10-02T20:42:05.189,2018-10-02T20:42:05.318,0.129,0.129,-0.115  -0.130
2018-10-02T20:42:06.216,2018-10-02T20:42:06.368,0.152,0.152,-0.115  -0.130
2018-10-02T20:42:07.286,2018-10-02T20:42:07.414,0.128,0.128,-0.115  -0.130
2018-10-02T20:42:08.316,2018-10-02T20:42:08.459,0.143,0.143,-0.115  -0.130
2018-10-02T20:42:09.343,2018-10-02T20:42:09.503,0.16,0.16,-0.115  -0.130
2018-10-02T20:42:10.368,2018-10-02T20:42:10.543,0.175,0.175,-0.115  -0.130
2018-10-02T20:42:11.395,2018-10-02T20:42:11.544,0.149,0.149,-0.115  -0.130
2018-10-02T20:42:12.429,2018-10-02T20:42:12.567,0.138,0.138,-0.115  -0.130
2018-10-02T20:42:13.469,2018-10-02T20:42:13.610,0.141,0.141,-0.115  -0.130
2018-10-02T20:42:14.494,2018-10-02T20:42:14.637,0.143,0.143,-0.115  -0.130
2018-10-02T20:42:15.521,2018-10-02T20:42:15.666,0.145,0.145,-0.115  -0.130
2018-10-02T20:42:16.548,2018-10-02T20:42:16.670,0.122,0.122,-0.115  -0.130
2018-10-02T20:42:17.577,2018-10-02T20:42:17.713,0.136,0.136,-0.115  -0.130
2018-10-02T20:42:18.601,2018-10-02T20:42:18.758,0.157,0.157,-0.115  -0.130
2018-10-02T20:42:19.636,2018-10-02T20:42:19.777,0.141,0.141,-0.115  -0.130
2018-10-02T20:42:20.660,2018-10-02T20:42:20.793,0.133,0.133,-0.115  -0.130
2018-10-02T20:42:21.684,2018-10-02T20:42:21.842,0.158,0.158,-0.115  -0.130
2018-10-02T20:42:22.711,2018-10-02T20:42:22.871,0.16,0.16,-0.115  -0.130
2018-10-02T20:42:23.738,2018-10-02T20:42:23.864,0.126,0.126,-0.115  -0.130
2018-10-02T20:42:24.763,2018-10-02T20:42:24.918,0.155,0.155,-0.115  -0.130
2018-10-02T20:42:25.789,2018-10-02T20:42:25.924,0.135,0.135,-0.115  -0.130
2018-10-02T20:42:26.814,2018-10-02T20:42:26.968,0.154,0.154,-0.115  -0.130
2018-10-02T20:42:27.842,2018-10-02T20:42:27.980,0.138,0.138,-0.115  -0.130
2018-10-02T20:42:28.867,2018-10-02T20:42:29.436,0.569,0.569,-0.115  -0.130
2018-10-02T20:42:29.892,2018-10-02T20:42:30.028,0.136,0.136,-0.115  -0.130
2018-10-02T20:42:30.930,2018-10-02T20:42:31.105,0.175,0.175,-0.115  -0.130
2018-10-02T20:42:31.954,2018-10-02T20:42:32.102,0.148,0.148,-0.115  -0.130
2018-10-02T20:42:32.979,2018-10-02T20:42:33.137,0.158,0.158,-0.115  -0.130
2018-10-02T20:42:34.004,2018-10-02T20:42:34.140,0.136,0.136,-0.115  -0.130
2018-10-02T20:42:35.034,2018-10-02T20:42:35.161,0.127,0.127,-0.115  -0.130
2018-10-02T20:42:36.063,2018-10-02T20:42:36.196,0.133,0.133,-0.115  -0.130
2018-10-02T20:42:37.089,2018-10-02T20:42:37.221,0.132,0.132,-0.115  -0.130
2018-10-02T20:42:38.116,2018-10-02T20:42:38.557,0.441,0.441,-0.115  -0.130
2018-10-02T20:42:39.148,2018-10-02T20:42:39.301,0.153,0.153,-0.115  -0.130
2018-10-02T20:42:40.174,2018-10-02T20:42:40.311,0.137,0.137,-0.115  -0.130
2018-10-02T20:42:41.202,2018-10-02T20:42:41.384,0.182,0.182,-0.115  -0.130
2018-10-02T20:42:42.247,2018-10-02T20:42:42.395,0.148,0.148,-0.115  -0.130
2018-10-02T20:42:43.275,2018-10-02T20:42:43.409,0.134,0.134,-0.115  -0.130
2018-10-02T20:42:44.305,2018-10-02T20:42:44.458,0.153,0.153,-0.115  -0.130
2018-10-02T20:42:45.331,2018-10-02T20:42:45.469,0.138,0.138,-0.115  -0.130
2018-10-02T20:42:46.360,2018-10-02T20:42:46.589,0.229,0.229,-0.115  -0.130
2018-10-02T20:42:47.396,2018-10-02T20:42:47.760,0.364,0.364,-0.115  -0.130
2018-10-02T20:42:48.422,2018-10-02T20:42:48.549,0.127,0.127,-0.115  -0.130
2018-10-02T20:42:49.448,2018-10-02T20:42:49.621,0.173,0.173,-0.115  -0.130
2018-10-02T20:42:50.476,2018-10-02T20:42:50.603,0.127,0.127,-0.115  -0.130
2018-10-02T20:42:51.503,2018-10-02T20:42:51.624,0.121,0.121,-0.115  -0.130
2018-10-02T20:42:52.531,2018-10-02T20:42:52.705,0.174,0.174,-0.115  -0.130
2018-10-02T20:42:53.558,2018-10-02T20:42:54.199,0.641,0.641,-0.115  -0.130
2018-10-02T20:42:55.103,2018-10-02T20:42:55.262,0.159,0.159,-0.115  -0.130
2018-10-02T20:42:56.130,2018-10-02T20:42:56.262,0.132,0.132,-0.115  -0.130
2018-10-02T20:42:57.156,2018-10-02T20:42:57.357,0.201,0.201,-0.115  -0.130
2018-10-02T20:42:58.228,2018-10-02T20:42:58.341,0.113,0.113,-0.115  -0.130
2018-10-02T20:42:59.256,2018-10-02T20:42:59.413,0.157,0.157,-0.115  -0.130
2018-10-02T20:43:00.283,2018-10-02T20:43:00.424,0.141,0.141,-0.115  -0.130
2018-10-02T20:43:01.311,2018-10-02T20:43:01.469,0.158,0.158,-0.115  -0.130
2018-10-02T20:43:02.336,2018-10-02T20:43:02.463,0.127,0.127,-0.115  -0.130
2018-10-02T20:43:03.362,2018-10-02T20:43:03.500,0.138,0.138,-0.115  -0.130
2018-10-02T20:43:05.438,2018-10-02T20:43:05.600,0.162,0.162,-0.115  -0.130
2018-10-02T20:43:04.401,2018-10-02T20:43:05.794,1.393,1.393,-0.115  -0.130
2018-10-02T20:43:06.466,2018-10-02T20:43:06.652,0.186,0.186,-0.115  -0.130
2018-10-02T20:43:07.508,2018-10-02T20:43:07.655,0.147,0.147,-0.115  -0.130
2018-10-02T20:43:08.535,2018-10-02T20:43:08.702,0.167,0.167,-0.115  -0.130
2018-10-02T20:43:09.566,2018-10-02T20:43:09.698,0.132,0.132,-0.115  -0.130
2018-10-02T20:43:10.598,2018-10-02T20:43:10.772,0.174,0.174,-0.115  -0.130
2018-10-02T20:43:11.624,2018-10-02T20:43:11.769,0.145,0.145,-0.115  -0.130
2018-10-02T20:43:12.652,2018-10-02T20:43:13.215,0.563,0.563,-0.115  -0.130
2018-10-02T20:43:13.685,2018-10-02T20:43:13.849,0.164,0.164,-0.115  -0.130
2018-10-02T20:43:14.710,2018-10-02T20:43:14.853,0.143,0.143,-0.115  -0.130
2018-10-02T20:43:15.752,2018-10-02T20:43:15.898,0.146,0.146,-0.115  -0.130
2018-10-02T20:43:16.782,2018-10-02T20:43:16.921,0.139,0.139,-0.115  -0.130
2018-10-02T20:43:17.817,2018-10-02T20:43:18.060,0.243,0.243,-0.115  -0.130
2018-10-02T20:43:18.841,2018-10-02T20:43:18.944,0.103,0.103,-0.115  -0.130
2018-10-02T20:43:19.866,2018-10-02T20:43:20.087,0.221,0.221,-0.115  -0.130
2018-10-02T20:43:20.893,2018-10-02T20:43:20.994,0.101,0.101,-0.115  -0.130
2018-10-02T20:43:21.922,2018-10-02T20:43:22.606,0.684,0.684,-0.115  -0.130
2018-10-02T20:43:22.983,2018-10-02T20:43:23.102,0.119,0.119,-0.115  -0.130
2018-10-02T20:43:24.015,2018-10-02T20:43:24.160,0.145,0.145,-0.115  -0.130
2018-10-02T20:43:25.050,2018-10-02T20:43:25.168,0.118,0.118,-0.115  -0.130
2018-10-02T20:43:26.075,2018-10-02T20:43:26.192,0.117,0.117,-0.115  -0.130
2018-10-02T20:43:27.099,2018-10-02T20:43:27.363,0.264,0.264,-0.115  -0.130
2018-10-02T20:43:28.279,2018-10-02T20:43:28.470,0.191,0.191,-0.115  -0.130
2018-10-02T20:43:29.327,2018-10-02T20:43:29.481,0.154,0.154,-0.115  -0.130
2018-10-02T20:43:30.359,2018-10-02T20:43:30.519,0.16,0.16,-0.115  -0.130
2018-10-02T20:43:31.385,2018-10-02T20:43:31.544,0.159,0.159,-0.115  -0.130
2018-10-02T20:43:32.412,2018-10-02T20:43:32.533,0.121,0.121,-0.115  -0.130
2018-10-02T20:43:33.439,2018-10-02T20:43:33.618,0.179,0.179,-0.115  -0.130
2018-10-02T20:43:34.465,2018-10-02T20:43:34.604,0.139,0.139,-0.115  -0.130
2018-10-02T20:43:35.494,2018-10-02T20:43:35.630,0.136,0.136,-0.115  -0.130
2018-10-02T20:43:36.518,2018-10-02T20:43:36.816,0.298,0.298,-0.115  -0.130
2018-10-02T20:43:37.546,2018-10-02T20:43:37.647,0.101,0.101,-0.115  -0.130
2018-10-02T20:43:38.572,2018-10-02T20:43:38.748,0.176,0.176,-0.115  -0.130
2018-10-02T20:43:39.597,2018-10-02T20:43:40.034,0.437,0.437,-0.115  -0.130
2018-10-02T20:43:40.622,2018-10-02T20:43:40.758,0.136,0.136,-0.115  -0.130
2018-10-02T20:43:41.655,2018-10-02T20:43:41.772,0.117,0.117,-0.115  -0.130
2018-10-02T20:43:42.681,2018-10-02T20:43:42.816,0.135,0.135,-0.115  -0.130
2018-10-02T20:43:43.705,2018-10-02T20:43:43.823,0.118,0.118,-0.115  -0.130
2018-10-02T20:43:44.732,2018-10-02T20:43:44.888,0.156,0.156,-0.115  -0.130
2018-10-02T20:43:45.761,2018-10-02T20:43:45.922,0.161,0.161,-0.115  -0.130
2018-10-02T20:43:46.786,2018-10-02T20:43:47.001,0.215,0.215,-0.115  -0.130
2018-10-02T20:43:47.811,2018-10-02T20:43:47.978,0.167,0.167,-0.115  -0.130
2018-10-02T20:43:48.837,2018-10-02T20:43:49.007,0.17,0.17,-0.115  -0.130
2018-10-02T20:43:49.873,2018-10-02T20:43:50.038,0.165,0.165,-0.115  -0.130
2018-10-02T20:43:50.899,2018-10-02T20:43:51.011,0.112,0.112,-0.115  -0.130
2018-10-02T20:43:51.926,2018-10-02T20:43:52.039,0.113,0.113,-0.115  -0.130
2018-10-02T20:43:52.955,2018-10-02T20:43:53.127,0.172,0.172,-0.115  -0.130
2018-10-02T20:43:53.984,2018-10-02T20:43:54.148,0.164,0.164,-0.115  -0.130
2018-10-02T20:43:55.013,2018-10-02T20:43:55.184,0.171,0.171,-0.115  -0.130
2018-10-02T20:43:56.038,2018-10-02T20:43:56.178,0.14,0.14,-0.115  -0.130
2018-10-02T20:43:57.066,2018-10-02T20:43:57.340,0.274,0.274,-0.115  -0.130
2018-10-02T20:43:58.091,2018-10-02T20:43:58.196,0.105,0.105,-0.115  -0.130
2018-10-02T20:43:59.119,2018-10-02T20:43:59.316,0.197,0.197,-0.115  -0.130
2018-10-02T20:44:00.155,2018-10-02T20:44:00.324,0.169,0.169,-0.115  -0.130
2018-10-02T20:44:01.181,2018-10-02T20:44:01.359,0.178,0.178,-0.115  -0.130
2018-10-02T20:44:02.209,2018-10-02T20:44:02.342,0.133,0.133,-0.115  -0.130
2018-10-02T20:44:03.237,2018-10-02T20:44:03.403,0.166,0.166,-0.115  -0.130
2018-10-02T20:44:04.264,2018-10-02T20:44:04.392,0.128,0.128,-0.115  -0.130
2018-10-02T20:44:05.290,2018-10-02T20:44:05.441,0.151,0.151,-0.115  -0.130
2018-10-02T20:44:06.320,2018-10-02T20:44:06.442,0.122,0.122,-0.115  -0.130
2018-10-02T20:44:07.349,2018-10-02T20:44:07.512,0.163,0.163,-0.115  -0.130
2018-10-02T20:44:08.379,2018-10-02T20:44:08.498,0.119,0.119,-0.115  -0.130
2018-10-02T20:44:09.407,2018-10-02T20:44:09.591,0.184,0.184,-0.115  -0.130
2018-10-02T20:44:10.458,2018-10-02T20:44:10.618,0.16,0.16,-0.115  -0.130
2018-10-02T20:44:11.484,2018-10-02T20:44:11.618,0.134,0.134,-0.115  -0.130
2018-10-02T20:44:12.511,2018-10-02T20:44:12.747,0.236,0.236,-0.115  -0.130
2018-10-02T20:44:13.553,2018-10-02T20:44:13.677,0.124,0.124,-0.115  -0.130
2018-10-02T20:44:14.577,2018-10-02T20:44:14.718,0.141,0.141,-0.115  -0.130
2018-10-02T20:44:15.602,2018-10-02T20:44:15.777,0.175,0.175,-0.115  -0.130
2018-10-02T20:44:16.632,2018-10-02T20:44:16.782,0.15,0.15,-0.115  -0.130
2018-10-02T20:44:17.658,2018-10-02T20:44:17.846,0.188,0.188,-0.115  -0.130
2018-10-02T20:44:18.687,2018-10-02T20:44:18.823,0.136,0.136,-0.115  -0.130
2018-10-02T20:44:19.713,2018-10-02T20:44:19.846,0.133,0.133,-0.115  -0.130
2018-10-02T20:44:20.742,2018-10-02T20:44:20.886,0.144,0.144,-0.115  -0.130
2018-10-02T20:44:21.769,2018-10-02T20:44:21.938,0.169,0.169,-0.115  -0.130
2018-10-02T20:44:22.797,2018-10-02T20:44:22.933,0.136,0.136,-0.115  -0.130
2018-10-02T20:44:23.823,2018-10-02T20:44:24.008,0.185,0.185,-0.115  -0.130
2018-10-02T20:44:24.851,2018-10-02T20:44:24.988,0.137,0.137,-0.115  -0.130
2018-10-02T20:44:25.883,2018-10-02T20:44:26.035,0.152,0.152,-0.115  -0.130
2018-10-02T20:44:26.908,2018-10-02T20:44:27.115,0.207,0.207,-0.115  -0.130
2018-10-02T20:44:27.985,2018-10-02T20:44:28.189,0.204,0.204,-0.115  -0.130
2018-10-02T20:44:29.013,2018-10-02T20:44:29.312,0.299,0.299,-0.115  -0.130
2018-10-02T20:44:30.038,2018-10-02T20:44:30.175,0.137,0.137,-0.115  -0.130
2018-10-02T20:44:31.070,2018-10-02T20:44:31.219,0.149,0.149,-0.115  -0.130
2018-10-02T20:44:32.096,2018-10-02T20:44:32.247,0.151,0.151,-0.115  -0.130
2018-10-02T20:44:33.155,2018-10-02T20:44:33.338,0.183,0.183,-0.115  -0.130
2018-10-02T20:44:34.183,2018-10-02T20:44:34.326,0.143,0.143,-0.115  -0.130
2018-10-02T20:44:35.211,2018-10-02T20:44:35.335,0.124,0.124,-0.115  -0.130
2018-10-02T20:44:36.241,2018-10-02T20:44:36.418,0.177,0.177,-0.115  -0.130
2018-10-02T20:44:37.267,2018-10-02T20:44:37.772,0.505,0.505,-0.115  -0.130
2018-10-02T20:44:38.297,2018-10-02T20:44:38.420,0.123,0.123,-0.115  -0.130
2018-10-02T20:44:39.322,2018-10-02T20:44:39.483,0.161,0.161,-0.115  -0.130
2018-10-02T20:44:40.345,2018-10-02T20:44:40.529,0.184,0.184,-0.115  -0.130
2018-10-02T20:44:41.371,2018-10-02T20:44:41.487,0.116,0.116,-0.115  -0.130
2018-10-02T20:44:42.397,2018-10-02T20:44:42.561,0.164,0.164,-0.115  -0.130
2018-10-02T20:44:43.426,2018-10-02T20:44:43.563,0.137,0.137,-0.115  -0.130
2018-10-02T20:44:44.454,2018-10-02T20:44:44.563,0.109,0.109,-0.115  -0.130
2018-10-02T20:44:45.479,2018-10-02T20:44:45.657,0.178,0.178,-0.115  -0.130
2018-10-02T20:44:46.508,2018-10-02T20:44:46.671,0.163,0.163,-0.115  -0.130
2018-10-02T20:44:47.539,2018-10-02T20:44:47.671,0.132,0.132,-0.115  -0.130
2018-10-02T20:44:48.567,2018-10-02T20:44:48.731,0.164,0.164,-0.115  -0.130
2018-10-02T20:44:49.595,2018-10-02T20:44:49.766,0.171,0.171,-0.115  -0.130
2018-10-02T20:44:50.625,2018-10-02T20:44:50.779,0.154,0.154,-0.115  -0.130
2018-10-02T20:44:51.653,2018-10-02T20:44:51.862,0.209,0.209,-0.115  -0.130
2018-10-02T20:44:52.682,2018-10-02T20:44:52.810,0.128,0.128,-0.115  -0.130
2018-10-02T20:44:53.714,2018-10-02T20:44:53.839,0.125,0.125,-0.115  -0.130
2018-10-02T20:44:54.742,2018-10-02T20:44:54.985,0.243,0.243,-0.115  -0.130
2018-10-02T20:44:55.771,2018-10-02T20:44:55.886,0.115,0.115,-0.115  -0.130
2018-10-02T20:44:56.809,2018-10-02T20:44:56.966,0.157,0.157,-0.115  -0.130
2018-10-02T20:44:57.839,2018-10-02T20:44:57.974,0.135,0.135,-0.115  -0.130
2018-10-02T20:44:58.868,2018-10-02T20:44:59.015,0.147,0.147,-0.115  -0.130
2018-10-02T20:44:59.894,2018-10-02T20:45:00.167,0.273,0.273,-0.115  -0.130
2018-10-02T20:45:00.920,2018-10-02T20:45:01.026,0.106,0.106,-0.115  -0.130
2018-10-02T20:45:01.945,2018-10-02T20:45:02.104,0.159,0.159,-0.115  -0.130
2018-10-02T20:45:02.993,2018-10-02T20:45:03.123,0.13,0.13,-0.115  -0.130
2018-10-02T20:45:04.017,2018-10-02T20:45:04.166,0.149,0.149,-0.115  -0.130
2018-10-02T20:45:05.047,2018-10-02T20:45:05.169,0.122,0.122,-0.115  -0.130
2018-10-02T20:45:06.073,2018-10-02T20:45:06.203,0.13,0.13,-0.115  -0.130
2018-10-02T20:45:07.098,2018-10-02T20:45:07.406,0.308,0.308,-0.115  -0.130
2018-10-02T20:45:08.124,2018-10-02T20:45:08.257,0.133,0.133,-0.115  -0.130
2018-10-02T20:45:09.158,2018-10-02T20:45:09.332,0.174,0.174,-0.115  -0.130
2018-10-02T20:45:10.186,2018-10-02T20:45:10.362,0.176,0.176,-0.115  -0.130
