2018-10-02T19:11:03.815,2018-10-02T19:11:04.194,0.379,0.379,-0.112  -0.121
2018-10-02T19:11:04.894,2018-10-02T19:11:05.074,0.18,0.18,-0.112  -0.121
2018-10-02T19:11:05.917,2018-10-02T19:11:06.657,0.74,0.74,-0.112  -0.121
2018-10-02T19:11:06.941,2018-10-02T19:11:07.149,0.208,0.208,-0.112  -0.121
2018-10-02T19:11:07.966,2018-10-02T19:11:08.112,0.146,0.146,-0.112  -0.121
2018-10-02T19:11:08.992,2018-10-02T19:11:09.201,0.209,0.209,-0.112  -0.121
2018-10-02T19:11:10.022,2018-10-02T19:11:10.231,0.209,0.209,-0.112  -0.121
2018-10-02T19:11:11.050,2018-10-02T19:11:11.240,0.19,0.19,-0.112  -0.121
2018-10-02T19:11:12.076,2018-10-02T19:11:12.375,0.299,0.299,-0.112  -0.121
2018-10-02T19:11:13.105,2018-10-02T19:11:13.276,0.171,0.171,-0.112  -0.121
2018-10-02T19:11:14.163,2018-10-02T19:11:14.328,0.165,0.165,-0.112  -0.121
2018-10-02T19:11:15.188,2018-10-02T19:11:15.540,0.352,0.352,-0.112  -0.121
2018-10-02T19:11:16.218,2018-10-02T19:11:16.471,0.253,0.253,-0.112  -0.121
2018-10-02T19:11:17.246,2018-10-02T19:11:17.489,0.243,0.243,-0.112  -0.121
2018-10-02T19:11:18.271,2018-10-02T19:11:18.518,0.247,0.247,-0.112  -0.121
2018-10-02T19:11:19.299,2018-10-02T19:11:19.519,0.22,0.22,-0.112  -0.121
2018-10-02T19:11:20.324,2018-10-02T19:11:20.472,0.148,0.148,-0.112  -0.121
2018-10-02T19:11:21.359,2018-10-02T19:11:21.579,0.22,0.22,-0.112  -0.121
2018-10-02T19:11:22.384,2018-10-02T19:11:22.514,0.13,0.13,-0.112  -0.121
2018-10-02T19:11:23.410,2018-10-02T19:11:23.624,0.214,0.214,-0.112  -0.121
2018-10-02T19:11:25.467,2018-10-02T19:11:25.699,0.232,0.232,-0.112  -0.121
2018-10-02T19:11:24.439,2018-10-02T19:11:25.771,1.332,1.332,-0.112  -0.121
2018-10-02T19:11:26.493,2018-10-02T19:11:26.721,0.228,0.228,-0.112  -0.121
2018-10-02T19:11:27.518,2018-10-02T19:11:27.723,0.205,0.205,-0.112  -0.121
2018-10-02T19:11:28.542,2018-10-02T19:11:28.766,0.224,0.224,-0.112  -0.121
2018-10-02T19:11:29.567,2018-10-02T19:11:29.777,0.21,0.21,-0.112  -0.121
2018-10-02T19:11:30.591,2018-10-02T19:11:30.813,0.222,0.222,-0.112  -0.121
2018-10-02T19:11:31.618,2018-10-02T19:11:31.833,0.215,0.215,-0.112  -0.121
2018-10-02T19:11:32.644,2018-10-02T19:11:33.365,0.721,0.721,-0.112  -0.121
2018-10-02T19:11:34.695,2018-10-02T19:11:34.987,0.292,0.292,-0.112  -0.121
2018-10-02T19:11:33.669,2018-10-02T19:11:35.058,1.389,1.389,-0.112  -0.121
2018-10-02T19:11:35.720,2018-10-02T19:11:35.940,0.22,0.22,-0.112  -0.121
2018-10-02T19:11:36.756,2018-10-02T19:11:36.954,0.198,0.198,-0.112  -0.121
2018-10-02T19:11:37.781,2018-10-02T19:11:37.967,0.186,0.186,-0.112  -0.121
2018-10-02T19:11:38.808,2018-10-02T19:11:39.001,0.193,0.193,-0.112  -0.121
2018-10-02T19:11:39.846,2018-10-02T19:11:40.029,0.183,0.183,-0.112  -0.121
2018-10-02T19:11:40.872,2018-10-02T19:11:41.045,0.173,0.173,-0.112  -0.121
2018-10-02T19:11:41.901,2018-10-02T19:11:42.058,0.157,0.157,-0.112  -0.121
2018-10-02T19:11:42.926,2018-10-02T19:11:43.308,0.382,0.382,-0.112  -0.121
2018-10-02T19:11:43.963,2018-10-02T19:11:44.106,0.143,0.143,-0.112  -0.121
2018-10-02T19:11:45.001,2018-10-02T19:11:45.149,0.148,0.148,-0.112  -0.121
2018-10-02T19:11:46.029,2018-10-02T19:11:46.160,0.131,0.131,-0.112  -0.121
2018-10-02T19:11:47.051,2018-10-02T19:11:47.193,0.142,0.142,-0.112  -0.121
2018-10-02T19:11:48.080,2018-10-02T19:11:48.301,0.221,0.221,-0.112  -0.121
2018-10-02T19:11:49.104,2018-10-02T19:11:49.864,0.76,0.76,-0.112  -0.121
2018-10-02T19:11:50.127,2018-10-02T19:11:50.357,0.23,0.23,-0.112  -0.121
2018-10-02T19:11:51.153,2018-10-02T19:11:51.402,0.249,0.249,-0.112  -0.121
2018-10-02T19:11:52.180,2018-10-02T19:11:52.403,0.223,0.223,-0.112  -0.121
2018-10-02T19:11:53.226,2018-10-02T19:11:53.533,0.307,0.307,-0.112  -0.121
2018-10-02T19:11:54.254,2018-10-02T19:11:54.443,0.189,0.189,-0.112  -0.121
2018-10-02T19:11:55.283,2018-10-02T19:11:55.489,0.206,0.206,-0.112  -0.121
2018-10-02T19:11:56.308,2018-10-02T19:11:56.505,0.197,0.197,-0.112  -0.121
2018-10-02T19:11:57.330,2018-10-02T19:11:57.467,0.137,0.137,-0.112  -0.121
2018-10-02T19:11:58.355,2018-10-02T19:11:58.504,0.149,0.149,-0.112  -0.121
2018-10-02T19:11:59.381,2018-10-02T19:11:59.589,0.208,0.208,-0.112  -0.121
2018-10-02T19:12:00.409,2018-10-02T19:12:01.416,1.007,1.007,-0.112  -0.121
2018-10-02T19:12:01.482,2018-10-02T19:12:02.754,1.272,1.272,-0.112  -0.121
2018-10-02T19:12:02.506,2018-10-02T19:12:03.042,0.536,0.536,-0.112  -0.121
2018-10-02T19:12:03.535,2018-10-02T19:12:04.187,0.652,0.652,-0.112  -0.121
2018-10-02T19:12:04.561,2018-10-02T19:12:04.794,0.233,0.233,-0.112  -0.121
2018-10-02T19:12:05.601,2018-10-02T19:12:05.927,0.326,0.326,-0.112  -0.121
2018-10-02T19:12:06.635,2018-10-02T19:12:07.147,0.512,0.512,-0.112  -0.121
2018-10-02T19:12:07.663,2018-10-02T19:12:07.890,0.227,0.227,-0.112  -0.121
2018-10-02T19:12:08.689,2018-10-02T19:12:08.896,0.207,0.207,-0.112  -0.121
2018-10-02T19:12:09.727,2018-10-02T19:12:09.943,0.216,0.216,-0.112  -0.121
2018-10-02T19:12:10.757,2018-10-02T19:12:10.949,0.192,0.192,-0.112  -0.121
2018-10-02T19:12:11.787,2018-10-02T19:12:11.986,0.199,0.199,-0.112  -0.121
2018-10-02T19:12:12.816,2018-10-02T19:12:12.996,0.18,0.18,-0.112  -0.121
2018-10-02T19:12:13.844,2018-10-02T19:12:14.217,0.373,0.373,-0.112  -0.121
2018-10-02T19:12:14.874,2018-10-02T19:12:15.336,0.462,0.462,-0.112  -0.121
2018-10-02T19:12:15.909,2018-10-02T19:12:16.102,0.193,0.193,-0.112  -0.121
2018-10-02T19:12:16.943,2018-10-02T19:12:17.060,0.117,0.117,-0.112  -0.121
2018-10-02T19:12:17.970,2018-10-02T19:12:18.150,0.18,0.18,-0.112  -0.121
2018-10-02T19:12:18.992,2018-10-02T19:12:19.251,0.259,0.259,-0.112  -0.121
2018-10-02T19:12:20.021,2018-10-02T19:12:20.259,0.238,0.238,-0.112  -0.121
2018-10-02T19:12:21.047,2018-10-02T19:12:21.278,0.231,0.231,-0.112  -0.121
2018-10-02T19:12:22.087,2018-10-02T19:12:22.409,0.322,0.322,-0.112  -0.121
2018-10-02T19:12:24.141,2018-10-02T19:12:24.454,0.313,0.313,-0.112  -0.121
2018-10-02T19:12:23.117,2018-10-02T19:12:25.067,1.95,1.95,-0.112  -0.121
2018-10-02T19:12:25.165,2018-10-02T19:12:25.391,0.226,0.226,-0.112  -0.121
2018-10-02T19:12:26.192,2018-10-02T19:12:26.452,0.26,0.26,-0.112  -0.121
2018-10-02T19:12:27.217,2018-10-02T19:12:27.354,0.137,0.137,-0.112  -0.121
2018-10-02T19:12:28.254,2018-10-02T19:12:28.559,0.305,0.305,-0.112  -0.121
2018-10-02T19:12:29.289,2018-10-02T19:12:29.443,0.154,0.154,-0.112  -0.121
2018-10-02T19:12:30.316,2018-10-02T19:12:30.526,0.21,0.21,-0.112  -0.121
2018-10-02T19:12:31.353,2018-10-02T19:12:31.629,0.276,0.276,-0.112  -0.121
2018-10-02T19:12:32.377,2018-10-02T19:12:33.070,0.693,0.693,-0.112  -0.121
2018-10-02T19:12:33.401,2018-10-02T19:12:33.772,0.371,0.371,-0.112  -0.121
2018-10-02T19:12:34.426,2018-10-02T19:12:34.609,0.183,0.183,-0.112  -0.121
2018-10-02T19:12:35.451,2018-10-02T19:12:35.606,0.155,0.155,-0.112  -0.121
2018-10-02T19:12:36.479,2018-10-02T19:12:36.655,0.176,0.176,-0.112  -0.121
2018-10-02T19:12:37.504,2018-10-02T19:12:37.662,0.158,0.158,-0.112  -0.121
2018-10-02T19:12:38.526,2018-10-02T19:12:38.717,0.191,0.191,-0.112  -0.121
2018-10-02T19:12:39.554,2018-10-02T19:12:39.813,0.259,0.259,-0.112  -0.121
2018-10-02T19:12:40.584,2018-10-02T19:12:41.255,0.671,0.671,-0.112  -0.121
2018-10-02T19:12:41.610,2018-10-02T19:12:41.860,0.25,0.25,-0.112  -0.121
2018-10-02T19:12:42.642,2018-10-02T19:12:42.905,0.263,0.263,-0.112  -0.121
2018-10-02T19:12:43.665,2018-10-02T19:12:43.809,0.144,0.144,-0.112  -0.121
2018-10-02T19:12:44.688,2018-10-02T19:12:44.847,0.159,0.159,-0.112  -0.121
2018-10-02T19:12:45.718,2018-10-02T19:12:45.963,0.245,0.245,-0.112  -0.121
2018-10-02T19:12:46.797,2018-10-02T19:12:47.009,0.212,0.212,-0.112  -0.121
2018-10-02T19:12:47.838,2018-10-02T19:12:48.003,0.165,0.165,-0.112  -0.121
2018-10-02T19:12:48.863,2018-10-02T19:12:49.015,0.152,0.152,-0.112  -0.121
2018-10-02T19:12:49.886,2018-10-02T19:12:50.043,0.157,0.157,-0.112  -0.121
2018-10-02T19:12:50.910,2018-10-02T19:12:51.124,0.214,0.214,-0.112  -0.121
2018-10-02T19:12:51.933,2018-10-02T19:12:52.125,0.192,0.192,-0.112  -0.121
2018-10-02T19:12:52.961,2018-10-02T19:12:53.566,0.605,0.605,-0.112  -0.121
2018-10-02T19:12:53.984,2018-10-02T19:12:54.160,0.176,0.176,-0.112  -0.121
2018-10-02T19:12:55.012,2018-10-02T19:12:55.187,0.175,0.175,-0.112  -0.121
2018-10-02T19:12:56.042,2018-10-02T19:12:56.206,0.164,0.164,-0.112  -0.121
2018-10-02T19:12:57.068,2018-10-02T19:12:57.234,0.166,0.166,-0.112  -0.121
2018-10-02T19:12:58.093,2018-10-02T19:12:58.248,0.155,0.155,-0.112  -0.121
2018-10-02T19:12:59.120,2018-10-02T19:13:00.022,0.902,0.902,-0.112  -0.121
2018-10-02T19:13:00.146,2018-10-02T19:13:00.323,0.177,0.177,-0.112  -0.121
2018-10-02T19:13:01.170,2018-10-02T19:13:01.324,0.154,0.154,-0.112  -0.121
2018-10-02T19:13:02.196,2018-10-02T19:13:02.341,0.145,0.145,-0.112  -0.121
2018-10-02T19:13:03.223,2018-10-02T19:13:03.379,0.156,0.156,-0.112  -0.121
2018-10-02T19:13:04.247,2018-10-02T19:13:04.376,0.129,0.129,-0.112  -0.121
2018-10-02T19:13:05.272,2018-10-02T19:13:05.414,0.142,0.142,-0.112  -0.121
2018-10-02T19:13:06.296,2018-10-02T19:13:06.437,0.141,0.141,-0.112  -0.121
2018-10-02T19:13:07.317,2018-10-02T19:13:07.960,0.643,0.643,-0.112  -0.121
2018-10-02T19:13:08.343,2018-10-02T19:13:08.474,0.131,0.131,-0.112  -0.121
2018-10-02T19:13:09.370,2018-10-02T19:13:09.578,0.208,0.208,-0.112  -0.121
2018-10-02T19:13:10.396,2018-10-02T19:13:10.506,0.11,0.11,-0.112  -0.121
2018-10-02T19:13:11.420,2018-10-02T19:13:11.621,0.201,0.201,-0.112  -0.121
2018-10-02T19:13:12.443,2018-10-02T19:13:12.526,0.083,0.083,-0.112  -0.121
2018-10-02T19:13:13.466,2018-10-02T19:13:13.716,0.25,0.25,-0.112  -0.121
2018-10-02T19:13:15.515,2018-10-02T19:13:15.702,0.187,0.187,-0.112  -0.121
2018-10-02T19:13:14.490,2018-10-02T19:13:15.929,1.439,1.439,-0.112  -0.121
2018-10-02T19:13:16.538,2018-10-02T19:13:16.689,0.151,0.151,-0.112  -0.121
2018-10-02T19:13:17.561,2018-10-02T19:13:17.696,0.135,0.135,-0.112  -0.121
2018-10-02T19:13:18.586,2018-10-02T19:13:18.761,0.175,0.175,-0.112  -0.121
2018-10-02T19:13:19.610,2018-10-02T19:13:19.876,0.266,0.266,-0.112  -0.121
2018-10-02T19:13:20.633,2018-10-02T19:13:20.769,0.136,0.136,-0.112  -0.121
2018-10-02T19:13:21.657,2018-10-02T19:13:21.807,0.15,0.15,-0.112  -0.121
2018-10-02T19:13:22.681,2018-10-02T19:13:22.818,0.137,0.137,-0.112  -0.121
2018-10-02T19:13:23.705,2018-10-02T19:13:24.279,0.574,0.574,-0.112  -0.121
2018-10-02T19:13:24.729,2018-10-02T19:13:24.867,0.138,0.138,-0.112  -0.121
2018-10-02T19:13:25.754,2018-10-02T19:13:26.003,0.249,0.249,-0.112  -0.121
2018-10-02T19:13:26.797,2018-10-02T19:13:27.000,0.203,0.203,-0.112  -0.121
2018-10-02T19:13:27.823,2018-10-02T19:13:28.371,0.548,0.548,-0.112  -0.121
2018-10-02T19:13:28.846,2018-10-02T19:13:29.054,0.208,0.208,-0.112  -0.121
2018-10-02T19:13:29.874,2018-10-02T19:13:30.002,0.128,0.128,-0.112  -0.121
2018-10-02T19:13:30.898,2018-10-02T19:13:31.230,0.332,0.332,-0.112  -0.121
2018-10-02T19:13:31.964,2018-10-02T19:13:32.677,0.713,0.713,-0.112  -0.121
2018-10-02T19:13:32.992,2018-10-02T19:13:33.159,0.167,0.167,-0.112  -0.121
2018-10-02T19:13:34.018,2018-10-02T19:13:34.211,0.193,0.193,-0.112  -0.121
2018-10-02T19:13:35.042,2018-10-02T19:13:35.199,0.157,0.157,-0.112  -0.121
2018-10-02T19:13:36.081,2018-10-02T19:13:36.245,0.164,0.164,-0.112  -0.121
2018-10-02T19:13:37.106,2018-10-02T19:13:37.246,0.14,0.14,-0.112  -0.121
2018-10-02T19:13:38.133,2018-10-02T19:13:38.323,0.19,0.19,-0.112  -0.121
2018-10-02T19:13:39.155,2018-10-02T19:13:39.320,0.165,0.165,-0.112  -0.121
2018-10-02T19:13:41.199,2018-10-02T19:13:41.327,0.128,0.128,-0.112  -0.121
2018-10-02T19:13:40.176,2018-10-02T19:13:41.662,1.486,1.486,-0.112  -0.121
2018-10-02T19:13:42.222,2018-10-02T19:13:42.382,0.16,0.16,-0.112  -0.121
2018-10-02T19:13:43.242,2018-10-02T19:13:43.506,0.264,0.264,-0.112  -0.121
2018-10-02T19:13:44.265,2018-10-02T19:13:44.442,0.177,0.177,-0.112  -0.121
2018-10-02T19:13:45.289,2018-10-02T19:13:45.442,0.153,0.153,-0.112  -0.121
2018-10-02T19:13:46.313,2018-10-02T19:13:46.509,0.196,0.196,-0.112  -0.121
2018-10-02T19:13:47.343,2018-10-02T19:13:47.493,0.15,0.15,-0.112  -0.121
2018-10-02T19:13:48.371,2018-10-02T19:13:48.627,0.256,0.256,-0.112  -0.121
2018-10-02T19:13:49.395,2018-10-02T19:13:49.650,0.255,0.255,-0.112  -0.121
2018-10-02T19:13:50.417,2018-10-02T19:13:50.583,0.166,0.166,-0.112  -0.121
2018-10-02T19:13:51.440,2018-10-02T19:13:51.610,0.17,0.17,-0.112  -0.121
2018-10-02T19:13:52.463,2018-10-02T19:13:52.628,0.165,0.165,-0.112  -0.121
2018-10-02T19:13:53.489,2018-10-02T19:13:53.633,0.144,0.144,-0.112  -0.121
2018-10-02T19:13:54.513,2018-10-02T19:13:54.699,0.186,0.186,-0.112  -0.121
2018-10-02T19:13:55.536,2018-10-02T19:13:55.689,0.153,0.153,-0.112  -0.121
2018-10-02T19:13:56.560,2018-10-02T19:13:56.678,0.118,0.118,-0.112  -0.121
2018-10-02T19:13:57.585,2018-10-02T19:13:57.746,0.161,0.161,-0.112  -0.121
2018-10-02T19:13:58.609,2018-10-02T19:13:58.897,0.288,0.288,-0.112  -0.121
2018-10-02T19:13:59.635,2018-10-02T19:13:59.793,0.158,0.158,-0.112  -0.121
2018-10-02T19:14:00.659,2018-10-02T19:14:00.825,0.166,0.166,-0.112  -0.121
2018-10-02T19:14:01.688,2018-10-02T19:14:01.925,0.237,0.237,-0.112  -0.121
2018-10-02T19:14:02.715,2018-10-02T19:14:02.996,0.281,0.281,-0.112  -0.121
2018-10-02T19:14:03.744,2018-10-02T19:14:03.885,0.141,0.141,-0.112  -0.121
2018-10-02T19:14:04.768,2018-10-02T19:14:04.925,0.157,0.157,-0.112  -0.121
2018-10-02T19:14:05.792,2018-10-02T19:14:06.055,0.263,0.263,-0.112  -0.121
2018-10-02T19:14:06.814,2018-10-02T19:14:07.374,0.56,0.56,-0.112  -0.121
2018-10-02T19:14:07.839,2018-10-02T19:14:08.070,0.231,0.231,-0.112  -0.121
2018-10-02T19:14:08.865,2018-10-02T19:14:08.992,0.127,0.127,-0.112  -0.121
2018-10-02T19:14:09.894,2018-10-02T19:14:10.138,0.244,0.244,-0.112  -0.121
2018-10-02T19:14:10.920,2018-10-02T19:14:11.179,0.259,0.259,-0.112  -0.121
2018-10-02T19:14:11.947,2018-10-02T19:14:12.068,0.121,0.121,-0.112  -0.121
2018-10-02T19:14:12.972,2018-10-02T19:14:13.224,0.252,0.252,-0.112  -0.121
2018-10-02T19:14:14.005,2018-10-02T19:14:14.234,0.229,0.229,-0.112  -0.121
2018-10-02T19:14:15.032,2018-10-02T19:14:15.268,0.236,0.236,-0.112  -0.121
2018-10-02T19:14:16.068,2018-10-02T19:14:16.277,0.209,0.209,-0.112  -0.121
2018-10-02T19:14:17.091,2018-10-02T19:14:17.399,0.308,0.308,-0.112  -0.121
2018-10-02T19:14:18.117,2018-10-02T19:14:18.310,0.193,0.193,-0.112  -0.121
2018-10-02T19:14:19.141,2018-10-02T19:14:19.383,0.242,0.242,-0.112  -0.121
2018-10-02T19:14:20.165,2018-10-02T19:14:20.376,0.211,0.211,-0.112  -0.121
2018-10-02T19:14:21.190,2018-10-02T19:14:21.405,0.215,0.215,-0.112  -0.121
2018-10-02T19:14:22.222,2018-10-02T19:14:22.309,0.087,0.087,-0.112  -0.121
2018-10-02T19:14:23.246,2018-10-02T19:14:23.450,0.204,0.204,-0.112  -0.121
2018-10-02T19:14:24.276,2018-10-02T19:14:24.460,0.184,0.184,-0.112  -0.121
2018-10-02T19:14:25.299,2018-10-02T19:14:25.497,0.198,0.198,-0.112  -0.121
2018-10-02T19:14:26.326,2018-10-02T19:14:26.526,0.2,0.2,-0.112  -0.121
2018-10-02T19:14:27.395,2018-10-02T19:14:27.560,0.165,0.165,-0.112  -0.121
2018-10-02T19:14:28.418,2018-10-02T19:14:28.563,0.145,0.145,-0.112  -0.121
2018-10-02T19:14:29.441,2018-10-02T19:14:29.945,0.504,0.504,-0.112  -0.121
2018-10-02T19:14:30.489,2018-10-02T19:14:30.702,0.213,0.213,-0.112  -0.121
2018-10-02T19:14:31.514,2018-10-02T19:14:31.735,0.221,0.221,-0.112  -0.121
2018-10-02T19:14:32.540,2018-10-02T19:14:32.654,0.114,0.114,-0.112  -0.121
2018-10-02T19:14:33.566,2018-10-02T19:14:34.227,0.661,0.661,-0.112  -0.121
2018-10-02T19:14:34.597,2018-10-02T19:14:34.821,0.224,0.224,-0.112  -0.121
2018-10-02T19:14:35.624,2018-10-02T19:14:35.857,0.233,0.233,-0.112  -0.121
2018-10-02T19:14:36.652,2018-10-02T19:14:36.865,0.213,0.213,-0.112  -0.121
2018-10-02T19:14:37.691,2018-10-02T19:14:37.808,0.117,0.117,-0.112  -0.121
2018-10-02T19:14:38.722,2018-10-02T19:14:38.919,0.197,0.197,-0.112  -0.121
2018-10-02T19:14:39.747,2018-10-02T19:14:39.943,0.196,0.196,-0.112  -0.121
2018-10-02T19:14:40.773,2018-10-02T19:14:40.958,0.185,0.185,-0.112  -0.121
2018-10-02T19:14:41.802,2018-10-02T19:14:41.995,0.193,0.193,-0.112  -0.121
2018-10-02T19:14:42.827,2018-10-02T19:14:42.967,0.14,0.14,-0.112  -0.121
2018-10-02T19:14:43.854,2018-10-02T19:14:44.063,0.209,0.209,-0.112  -0.121
2018-10-02T19:14:44.885,2018-10-02T19:14:45.036,0.151,0.151,-0.112  -0.121
2018-10-02T19:14:45.913,2018-10-02T19:14:46.092,0.179,0.179,-0.112  -0.121
2018-10-02T19:14:46.942,2018-10-02T19:14:47.097,0.155,0.155,-0.112  -0.121
2018-10-02T19:14:47.966,2018-10-02T19:14:48.090,0.124,0.124,-0.112  -0.121
2018-10-02T19:14:48.990,2018-10-02T19:14:49.147,0.157,0.157,-0.112  -0.121
2018-10-02T19:14:50.020,2018-10-02T19:14:50.160,0.14,0.14,-0.112  -0.121
2018-10-02T19:14:51.049,2018-10-02T19:14:51.374,0.325,0.325,-0.112  -0.121
2018-10-02T19:14:52.075,2018-10-02T19:14:52.220,0.145,0.145,-0.112  -0.121
2018-10-02T19:14:53.108,2018-10-02T19:14:53.229,0.121,0.121,-0.112  -0.121
2018-10-02T19:14:54.131,2018-10-02T19:14:54.258,0.127,0.127,-0.112  -0.121
2018-10-02T19:14:55.156,2018-10-02T19:14:55.247,0.091,0.091,-0.112  -0.121
2018-10-02T19:14:56.182,2018-10-02T19:14:56.401,0.219,0.219,-0.112  -0.121
2018-10-02T19:14:57.211,2018-10-02T19:14:57.324,0.113,0.113,-0.112  -0.121
2018-10-02T19:14:58.236,2018-10-02T19:14:58.350,0.114,0.114,-0.112  -0.121
2018-10-02T19:14:59.260,2018-10-02T19:14:59.671,0.411,0.411,-0.112  -0.121
2018-10-02T19:15:00.286,2018-10-02T19:15:00.518,0.232,0.232,-0.112  -0.121
2018-10-02T19:15:01.311,2018-10-02T19:15:01.426,0.115,0.115,-0.112  -0.121
2018-10-02T19:15:02.348,2018-10-02T19:15:02.554,0.206,0.206,-0.112  -0.121
2018-10-02T19:15:03.375,2018-10-02T19:15:03.658,0.283,0.283,-0.112  -0.121
2018-10-02T19:15:04.399,2018-10-02T19:15:04.620,0.221,0.221,-0.112  -0.121
2018-10-02T19:15:05.425,2018-10-02T19:15:05.509,0.084,0.084,-0.112  -0.121
2018-10-02T19:15:06.448,2018-10-02T19:15:06.575,0.127,0.127,-0.112  -0.121
2018-10-02T19:15:07.474,2018-10-02T19:15:08.188,0.714,0.714,-0.112  -0.121
2018-10-02T19:15:08.500,2018-10-02T19:15:08.628,0.128,0.128,-0.112  -0.121
2018-10-02T19:15:09.525,2018-10-02T19:15:09.676,0.151,0.151,-0.112  -0.121
2018-10-02T19:15:10.549,2018-10-02T19:15:10.694,0.145,0.145,-0.112  -0.121
2018-10-02T19:15:11.574,2018-10-02T19:15:11.868,0.294,0.294,-0.112  -0.121
2018-10-02T19:15:12.598,2018-10-02T19:15:12.806,0.208,0.208,-0.112  -0.121
2018-10-02T19:15:13.626,2018-10-02T19:15:13.740,0.114,0.114,-0.112  -0.121
2018-10-02T19:15:14.653,2018-10-02T19:15:14.875,0.222,0.222,-0.112  -0.121
2018-10-02T19:15:15.682,2018-10-02T19:15:16.485,0.803,0.803,-0.112  -0.121
2018-10-02T19:15:16.706,2018-10-02T19:15:17.832,1.126,1.126,-0.112  -0.121
2018-10-02T19:15:17.734,2018-10-02T19:15:17.904,0.17,0.17,-0.112  -0.121
2018-10-02T19:15:18.761,2018-10-02T19:15:18.908,0.147,0.147,-0.112  -0.121
2018-10-02T19:15:19.795,2018-10-02T19:15:20.053,0.258,0.258,-0.112  -0.121
2018-10-02T19:15:20.881,2018-10-02T19:15:21.108,0.227,0.227,-0.112  -0.121
2018-10-02T19:15:21.909,2018-10-02T19:15:22.117,0.208,0.208,-0.112  -0.121
2018-10-02T19:15:22.935,2018-10-02T19:15:23.160,0.225,0.225,-0.112  -0.121
2018-10-02T19:15:23.963,2018-10-02T19:15:24.165,0.202,0.202,-0.112  -0.121
2018-10-02T19:15:24.990,2018-10-02T19:15:25.236,0.246,0.246,-0.112  -0.121
2018-10-02T19:15:26.016,2018-10-02T19:15:26.418,0.402,0.402,-0.112  -0.121
2018-10-02T19:15:27.046,2018-10-02T19:15:27.344,0.298,0.298,-0.112  -0.121
2018-10-02T19:15:28.073,2018-10-02T19:15:28.250,0.177,0.177,-0.112  -0.121
2018-10-02T19:15:29.113,2018-10-02T19:15:29.224,0.111,0.111,-0.112  -0.121
2018-10-02T19:15:30.137,2018-10-02T19:15:30.615,0.478,0.478,-0.112  -0.121
2018-10-02T19:15:31.165,2018-10-02T19:15:31.341,0.176,0.176,-0.112  -0.121
2018-10-02T19:15:32.194,2018-10-02T19:15:33.405,1.211,1.211,-0.112  -0.121
2018-10-02T19:15:33.222,2018-10-02T19:15:33.490,0.268,0.268,-0.112  -0.121
2018-10-02T19:15:34.248,2018-10-02T19:15:34.398,0.15,0.15,-0.112  -0.121
2018-10-02T19:15:35.273,2018-10-02T19:15:35.399,0.126,0.126,-0.112  -0.121
2018-10-02T19:15:36.299,2018-10-02T19:15:36.469,0.17,0.17,-0.112  -0.121
2018-10-02T19:15:37.328,2018-10-02T19:15:37.503,0.175,0.175,-0.112  -0.121
2018-10-02T19:15:38.357,2018-10-02T19:15:38.501,0.144,0.144,-0.112  -0.121
2018-10-02T19:15:39.383,2018-10-02T19:15:39.646,0.263,0.263,-0.112  -0.121
2018-10-02T19:15:40.408,2018-10-02T19:15:41.575,1.167,1.167,-0.112  -0.121
2018-10-02T19:15:41.435,2018-10-02T19:15:41.661,0.226,0.226,-0.112  -0.121
2018-10-02T19:15:42.463,2018-10-02T19:15:42.728,0.265,0.265,-0.112  -0.121
2018-10-02T19:15:43.487,2018-10-02T19:15:43.630,0.143,0.143,-0.112  -0.121
2018-10-02T19:15:44.514,2018-10-02T19:15:44.637,0.123,0.123,-0.112  -0.121
2018-10-02T19:15:45.540,2018-10-02T19:15:45.680,0.14,0.14,-0.112  -0.121
2018-10-02T19:15:46.566,2018-10-02T19:15:46.694,0.128,0.128,-0.112  -0.121
2018-10-02T19:15:47.593,2018-10-02T19:15:47.786,0.193,0.193,-0.112  -0.121
2018-10-02T19:15:48.642,2018-10-02T19:15:49.217,0.575,0.575,-0.112  -0.121
2018-10-02T19:15:49.682,2018-10-02T19:15:49.959,0.277,0.277,-0.112  -0.121
2018-10-02T19:15:50.724,2018-10-02T19:15:50.858,0.134,0.134,-0.112  -0.121
2018-10-02T19:15:51.750,2018-10-02T19:15:52.162,0.412,0.412,-0.112  -0.121
2018-10-02T19:15:52.779,2018-10-02T19:15:52.883,0.104,0.104,-0.112  -0.121
2018-10-02T19:15:53.806,2018-10-02T19:15:53.985,0.179,0.179,-0.112  -0.121
2018-10-02T19:15:54.835,2018-10-02T19:15:54.985,0.15,0.15,-0.112  -0.121
2018-10-02T19:15:55.861,2018-10-02T19:15:55.981,0.12,0.12,-0.112  -0.121
2018-10-02T19:15:56.890,2018-10-02T19:15:57.019,0.129,0.129,-0.112  -0.121
2018-10-02T19:15:57.915,2018-10-02T19:15:58.277,0.362,0.362,-0.112  -0.121
2018-10-02T19:15:58.944,2018-10-02T19:15:59.065,0.121,0.121,-0.112  -0.121
2018-10-02T19:15:59.970,2018-10-02T19:16:00.206,0.236,0.236,-0.112  -0.121
2018-10-02T19:16:00.995,2018-10-02T19:16:01.125,0.13,0.13,-0.112  -0.121
2018-10-02T19:16:02.020,2018-10-02T19:16:02.269,0.249,0.249,-0.112  -0.121
2018-10-02T19:16:03.046,2018-10-02T19:16:03.289,0.243,0.243,-0.112  -0.121
2018-10-02T19:16:04.088,2018-10-02T19:16:04.332,0.244,0.244,-0.112  -0.121
2018-10-02T19:16:05.115,2018-10-02T19:16:05.330,0.215,0.215,-0.112  -0.121
2018-10-02T19:16:06.140,2018-10-02T19:16:06.907,0.767,0.767,-0.112  -0.121
2018-10-02T19:16:07.170,2018-10-02T19:16:07.377,0.207,0.207,-0.112  -0.121
2018-10-02T19:16:08.200,2018-10-02T19:16:08.428,0.228,0.228,-0.112  -0.121
2018-10-02T19:16:09.229,2018-10-02T19:16:09.422,0.193,0.193,-0.112  -0.121
2018-10-02T19:16:10.255,2018-10-02T19:16:10.467,0.212,0.212,-0.112  -0.121
2018-10-02T19:16:11.282,2018-10-02T19:16:11.479,0.197,0.197,-0.112  -0.121
2018-10-02T19:16:12.312,2018-10-02T19:16:12.510,0.198,0.198,-0.112  -0.121
2018-10-02T19:16:13.352,2018-10-02T19:16:13.514,0.162,0.162,-0.112  -0.121
2018-10-02T19:16:14.377,2018-10-02T19:16:14.575,0.198,0.198,-0.112  -0.121
2018-10-02T19:16:15.400,2018-10-02T19:16:15.572,0.172,0.172,-0.112  -0.121
2018-10-02T19:16:16.423,2018-10-02T19:16:16.604,0.181,0.181,-0.112  -0.121
2018-10-02T19:16:17.450,2018-10-02T19:16:17.619,0.169,0.169,-0.112  -0.121
2018-10-02T19:16:18.474,2018-10-02T19:16:18.766,0.292,0.292,-0.112  -0.121
2018-10-02T19:16:19.498,2018-10-02T19:16:19.669,0.171,0.171,-0.112  -0.121
2018-10-02T19:16:20.545,2018-10-02T19:16:20.705,0.16,0.16,-0.112  -0.121
2018-10-02T19:16:21.571,2018-10-02T19:16:21.720,0.149,0.149,-0.112  -0.121
2018-10-02T19:16:22.595,2018-10-02T19:16:22.753,0.158,0.158,-0.112  -0.121
2018-10-02T19:16:23.625,2018-10-02T19:16:23.866,0.241,0.241,-0.112  -0.121
2018-10-02T19:16:24.653,2018-10-02T19:16:24.906,0.253,0.253,-0.112  -0.121
2018-10-02T19:16:25.677,2018-10-02T19:16:25.915,0.238,0.238,-0.112  -0.121
2018-10-02T19:16:26.703,2018-10-02T19:16:26.843,0.14,0.14,-0.112  -0.121
2018-10-02T19:16:27.728,2018-10-02T19:16:27.869,0.141,0.141,-0.112  -0.121
2018-10-02T19:16:28.755,2018-10-02T19:16:29.090,0.335,0.335,-0.112  -0.121
2018-10-02T19:16:29.779,2018-10-02T19:16:30.212,0.433,0.433,-0.112  -0.121
2018-10-02T19:16:30.805,2018-10-02T19:16:30.962,0.157,0.157,-0.112  -0.121
2018-10-02T19:16:31.829,2018-10-02T19:16:32.790,0.961,0.961,-0.112  -0.121
2018-10-02T19:16:32.852,2018-10-02T19:16:32.956,0.104,0.104,-0.112  -0.121
2018-10-02T19:16:33.878,2018-10-02T19:16:34.037,0.159,0.159,-0.112  -0.121
2018-10-02T19:16:34.902,2018-10-02T19:16:35.023,0.121,0.121,-0.112  -0.121
2018-10-02T19:16:35.930,2018-10-02T19:16:36.147,0.217,0.217,-0.112  -0.121
2018-10-02T19:16:36.959,2018-10-02T19:16:37.600,0.641,0.641,-0.112  -0.121
2018-10-02T19:16:37.983,2018-10-02T19:16:38.107,0.124,0.124,-0.112  -0.121
2018-10-02T19:16:39.007,2018-10-02T19:16:39.228,0.221,0.221,-0.112  -0.121
2018-10-02T19:16:40.036,2018-10-02T19:16:40.258,0.222,0.222,-0.112  -0.121
2018-10-02T19:16:41.063,2018-10-02T19:16:42.112,1.049,1.049,-0.112  -0.121
2018-10-02T19:16:42.089,2018-10-02T19:16:42.234,0.145,0.145,-0.112  -0.121
2018-10-02T19:16:43.116,2018-10-02T19:16:43.354,0.238,0.238,-0.112  -0.121
2018-10-02T19:16:44.141,2018-10-02T19:16:44.343,0.202,0.202,-0.112  -0.121
2018-10-02T19:16:45.167,2018-10-02T19:16:45.386,0.219,0.219,-0.112  -0.121
2018-10-02T19:16:46.190,2018-10-02T19:16:46.403,0.213,0.213,-0.112  -0.121
2018-10-02T19:16:47.216,2018-10-02T19:16:47.429,0.213,0.213,-0.112  -0.121
2018-10-02T19:16:48.242,2018-10-02T19:16:48.446,0.204,0.204,-0.112  -0.121
2018-10-02T19:16:49.270,2018-10-02T19:16:50.086,0.816,0.816,-0.112  -0.121
2018-10-02T19:16:50.296,2018-10-02T19:16:50.793,0.497,0.497,-0.112  -0.121
2018-10-02T19:16:51.324,2018-10-02T19:16:51.521,0.197,0.197,-0.112  -0.121
2018-10-02T19:16:52.352,2018-10-02T19:16:52.543,0.191,0.191,-0.112  -0.121
2018-10-02T19:16:53.382,2018-10-02T19:16:53.573,0.191,0.191,-0.112  -0.121
2018-10-02T19:16:54.406,2018-10-02T19:16:54.489,0.083,0.083,-0.112  -0.121
2018-10-02T19:16:55.434,2018-10-02T19:16:55.628,0.194,0.194,-0.112  -0.121
2018-10-02T19:16:56.459,2018-10-02T19:16:56.637,0.178,0.178,-0.112  -0.121
2018-10-02T19:16:57.484,2018-10-02T19:16:57.668,0.184,0.184,-0.112  -0.121
2018-10-02T19:16:58.511,2018-10-02T19:16:59.404,0.893,0.893,-0.112  -0.121
2018-10-02T19:16:59.539,2018-10-02T19:16:59.673,0.134,0.134,-0.112  -0.121
2018-10-02T19:17:00.566,2018-10-02T19:17:00.728,0.162,0.162,-0.112  -0.121
2018-10-02T19:17:01.619,2018-10-02T19:17:01.754,0.135,0.135,-0.112  -0.121
2018-10-02T19:17:02.648,2018-10-02T19:17:02.881,0.233,0.233,-0.112  -0.121
2018-10-02T19:17:03.676,2018-10-02T19:17:03.804,0.128,0.128,-0.112  -0.121
2018-10-02T19:17:04.698,2018-10-02T19:17:04.938,0.24,0.24,-0.112  -0.121
2018-10-02T19:17:05.738,2018-10-02T19:17:05.969,0.231,0.231,-0.112  -0.121
2018-10-02T19:17:06.766,2018-10-02T19:17:07.506,0.74,0.74,-0.112  -0.121
2018-10-02T19:17:07.794,2018-10-02T19:17:08.018,0.224,0.224,-0.112  -0.121
2018-10-02T19:17:08.829,2018-10-02T19:17:09.010,0.181,0.181,-0.112  -0.121
2018-10-02T19:17:09.854,2018-10-02T19:17:10.089,0.235,0.235,-0.112  -0.121
2018-10-02T19:17:10.879,2018-10-02T19:17:11.067,0.188,0.188,-0.112  -0.121
2018-10-02T19:17:11.909,2018-10-02T19:17:12.144,0.235,0.235,-0.112  -0.121
2018-10-02T19:17:12.933,2018-10-02T19:17:13.225,0.292,0.292,-0.112  -0.121
2018-10-02T19:17:13.957,2018-10-02T19:17:14.148,0.191,0.191,-0.112  -0.121
2018-10-02T19:17:14.985,2018-10-02T19:17:15.689,0.704,0.704,-0.112  -0.121
2018-10-02T19:17:16.012,2018-10-02T19:17:16.208,0.196,0.196,-0.112  -0.121
2018-10-02T19:17:17.038,2018-10-02T19:17:17.217,0.179,0.179,-0.112  -0.121
2018-10-02T19:17:18.061,2018-10-02T19:17:18.265,0.204,0.204,-0.112  -0.121
2018-10-02T19:17:19.130,2018-10-02T19:17:19.358,0.228,0.228,-0.112  -0.121
2018-10-02T19:17:20.154,2018-10-02T19:17:20.286,0.132,0.132,-0.112  -0.121
2018-10-02T19:17:21.178,2018-10-02T19:17:21.326,0.148,0.148,-0.112  -0.121
2018-10-02T19:17:22.211,2018-10-02T19:17:22.357,0.146,0.146,-0.112  -0.121
2018-10-02T19:17:23.235,2018-10-02T19:17:23.357,0.122,0.122,-0.112  -0.121
2018-10-02T19:17:24.260,2018-10-02T19:17:24.611,0.351,0.351,-0.112  -0.121
2018-10-02T19:17:25.287,2018-10-02T19:17:25.494,0.207,0.207,-0.112  -0.121
2018-10-02T19:17:26.312,2018-10-02T19:17:26.437,0.125,0.125,-0.112  -0.121
2018-10-02T19:17:27.337,2018-10-02T19:17:27.450,0.113,0.113,-0.112  -0.121
2018-10-02T19:17:28.363,2018-10-02T19:17:28.597,0.234,0.234,-0.112  -0.121
2018-10-02T19:17:29.387,2018-10-02T19:17:29.704,0.317,0.317,-0.112  -0.121
2018-10-02T19:17:30.417,2018-10-02T19:17:30.638,0.221,0.221,-0.112  -0.121
2018-10-02T19:17:31.449,2018-10-02T19:17:31.655,0.206,0.206,-0.112  -0.121
2018-10-02T19:17:32.474,2018-10-02T19:17:33.297,0.823,0.823,-0.112  -0.121
2018-10-02T19:17:33.499,2018-10-02T19:17:33.801,0.302,0.302,-0.112  -0.121
2018-10-02T19:17:34.523,2018-10-02T19:17:34.736,0.213,0.213,-0.112  -0.121
2018-10-02T19:17:35.549,2018-10-02T19:17:35.835,0.286,0.286,-0.112  -0.121
2018-10-02T19:17:36.578,2018-10-02T19:17:36.789,0.211,0.211,-0.112  -0.121
2018-10-02T19:17:37.604,2018-10-02T19:17:37.806,0.202,0.202,-0.112  -0.121
2018-10-02T19:17:38.631,2018-10-02T19:17:38.844,0.213,0.213,-0.112  -0.121
2018-10-02T19:17:39.660,2018-10-02T19:17:39.840,0.18,0.18,-0.112  -0.121
2018-10-02T19:17:40.689,2018-10-02T19:17:40.890,0.201,0.201,-0.112  -0.121
2018-10-02T19:17:41.721,2018-10-02T19:17:42.417,0.696,0.696,-0.112  -0.121
2018-10-02T19:17:42.747,2018-10-02T19:17:42.927,0.18,0.18,-0.112  -0.121
2018-10-02T19:17:43.775,2018-10-02T19:17:43.940,0.165,0.165,-0.112  -0.121
2018-10-02T19:17:44.799,2018-10-02T19:17:44.995,0.196,0.196,-0.112  -0.121
2018-10-02T19:17:45.825,2018-10-02T19:17:45.999,0.174,0.174,-0.112  -0.121
2018-10-02T19:17:46.849,2018-10-02T19:17:47.075,0.226,0.226,-0.112  -0.121
2018-10-02T19:17:47.878,2018-10-02T19:17:48.026,0.148,0.148,-0.112  -0.121
2018-10-02T19:17:48.903,2018-10-02T19:17:49.076,0.173,0.173,-0.112  -0.121
2018-10-02T19:17:49.931,2018-10-02T19:17:50.391,0.46,0.46,-0.112  -0.121
2018-10-02T19:17:50.958,2018-10-02T19:17:51.219,0.261,0.261,-0.112  -0.121
2018-10-02T19:17:51.984,2018-10-02T19:17:52.139,0.155,0.155,-0.112  -0.121
2018-10-02T19:17:53.009,2018-10-02T19:17:53.121,0.112,0.112,-0.112  -0.121
2018-10-02T19:17:54.035,2018-10-02T19:17:54.201,0.166,0.166,-0.112  -0.121
2018-10-02T19:17:55.063,2018-10-02T19:17:55.328,0.265,0.265,-0.112  -0.121
2018-10-02T19:17:56.123,2018-10-02T19:17:56.329,0.206,0.206,-0.112  -0.121
2018-10-02T19:17:57.168,2018-10-02T19:17:57.373,0.205,0.205,-0.112  -0.121
2018-10-02T19:17:59.235,2018-10-02T19:17:59.440,0.205,0.205,-0.112  -0.121
2018-10-02T19:17:58.203,2018-10-02T19:17:59.540,1.337,1.337,-0.112  -0.121
2018-10-02T19:18:00.266,2018-10-02T19:18:00.459,0.193,0.193,-0.112  -0.121
2018-10-02T19:18:01.297,2018-10-02T19:18:01.467,0.17,0.17,-0.112  -0.121
2018-10-02T19:18:02.326,2018-10-02T19:18:02.440,0.114,0.114,-0.112  -0.121
2018-10-02T19:18:03.357,2018-10-02T19:18:03.519,0.162,0.162,-0.112  -0.121
2018-10-02T19:18:04.392,2018-10-02T19:18:04.621,0.229,0.229,-0.112  -0.121
2018-10-02T19:18:05.421,2018-10-02T19:18:05.662,0.241,0.241,-0.112  -0.121
2018-10-02T19:18:06.454,2018-10-02T19:18:07.276,0.822,0.822,-0.112  -0.121
2018-10-02T19:18:07.488,2018-10-02T19:18:07.794,0.306,0.306,-0.112  -0.121
2018-10-02T19:18:08.570,2018-10-02T19:18:08.722,0.152,0.152,-0.112  -0.121
2018-10-02T19:18:09.604,2018-10-02T19:18:09.760,0.156,0.156,-0.112  -0.121
2018-10-02T19:18:10.638,2018-10-02T19:18:10.863,0.225,0.225,-0.112  -0.121
2018-10-02T19:18:11.674,2018-10-02T19:18:12.004,0.33,0.33,-0.112  -0.121
2018-10-02T19:18:12.710,2018-10-02T19:18:12.835,0.125,0.125,-0.112  -0.121
2018-10-02T19:18:13.739,2018-10-02T19:18:13.916,0.177,0.177,-0.112  -0.121
2018-10-02T19:18:14.767,2018-10-02T19:18:15.894,1.127,1.127,-0.112  -0.121
2018-10-02T19:18:15.799,2018-10-02T19:18:15.975,0.176,0.176,-0.112  -0.121
2018-10-02T19:18:16.834,2018-10-02T19:18:17.021,0.187,0.187,-0.112  -0.121
2018-10-02T19:18:17.870,2018-10-02T19:18:17.984,0.114,0.114,-0.112  -0.121
2018-10-02T19:18:18.904,2018-10-02T19:18:19.086,0.182,0.182,-0.112  -0.121
2018-10-02T19:18:19.939,2018-10-02T19:18:20.192,0.253,0.253,-0.112  -0.121
2018-10-02T19:18:20.976,2018-10-02T19:18:21.227,0.251,0.251,-0.112  -0.121
2018-10-02T19:18:22.010,2018-10-02T19:18:22.135,0.125,0.125,-0.112  -0.121
2018-10-02T19:18:23.046,2018-10-02T19:18:23.886,0.84,0.84,-0.112  -0.121
2018-10-02T19:18:24.080,2018-10-02T19:18:24.212,0.132,0.132,-0.112  -0.121
2018-10-02T19:18:25.116,2018-10-02T19:18:25.316,0.2,0.2,-0.112  -0.121
2018-10-02T19:18:26.154,2018-10-02T19:18:26.346,0.192,0.192,-0.112  -0.121
2018-10-02T19:18:27.186,2018-10-02T19:18:27.408,0.222,0.222,-0.112  -0.121
2018-10-02T19:18:28.221,2018-10-02T19:18:28.331,0.11,0.11,-0.112  -0.121
2018-10-02T19:18:29.257,2018-10-02T19:18:29.411,0.154,0.154,-0.112  -0.121
2018-10-02T19:18:30.292,2018-10-02T19:18:30.526,0.234,0.234,-0.112  -0.121
2018-10-02T19:18:31.336,2018-10-02T19:18:32.333,0.997,0.997,-0.112  -0.121
2018-10-02T19:18:32.373,2018-10-02T19:18:32.514,0.141,0.141,-0.112  -0.121
2018-10-02T19:18:33.405,2018-10-02T19:18:33.624,0.219,0.219,-0.112  -0.121
2018-10-02T19:18:34.445,2018-10-02T19:18:34.585,0.14,0.14,-0.112  -0.121
2018-10-02T19:18:35.479,2018-10-02T19:18:35.674,0.195,0.195,-0.112  -0.121
2018-10-02T19:18:36.533,2018-10-02T19:18:36.687,0.154,0.154,-0.112  -0.121
2018-10-02T19:18:37.562,2018-10-02T19:18:37.705,0.143,0.143,-0.112  -0.121
2018-10-02T19:18:38.594,2018-10-02T19:18:38.829,0.235,0.235,-0.112  -0.121
2018-10-02T19:18:39.628,2018-10-02T19:18:39.903,0.275,0.275,-0.112  -0.121
2018-10-02T19:18:40.660,2018-10-02T19:18:40.894,0.234,0.234,-0.112  -0.121
2018-10-02T19:18:41.694,2018-10-02T19:18:41.903,0.209,0.209,-0.112  -0.121
2018-10-02T19:18:42.729,2018-10-02T19:18:42.931,0.202,0.202,-0.112  -0.121
2018-10-02T19:18:43.785,2018-10-02T19:18:43.954,0.169,0.169,-0.112  -0.121
2018-10-02T19:18:44.820,2018-10-02T19:18:45.091,0.271,0.271,-0.112  -0.121
2018-10-02T19:18:45.854,2018-10-02T19:18:45.987,0.133,0.133,-0.112  -0.121
2018-10-02T19:18:46.890,2018-10-02T19:18:47.019,0.129,0.129,-0.112  -0.121
2018-10-02T19:18:47.922,2018-10-02T19:18:48.534,0.612,0.612,-0.112  -0.121
2018-10-02T19:18:48.964,2018-10-02T19:18:49.185,0.221,0.221,-0.112  -0.121
2018-10-02T19:18:50.002,2018-10-02T19:18:50.184,0.182,0.182,-0.112  -0.121
2018-10-02T19:18:51.035,2018-10-02T19:18:51.446,0.411,0.411,-0.112  -0.121
2018-10-02T19:18:52.065,2018-10-02T19:18:52.241,0.176,0.176,-0.112  -0.121
2018-10-02T19:18:53.104,2018-10-02T19:18:53.366,0.262,0.262,-0.112  -0.121
2018-10-02T19:18:54.137,2018-10-02T19:18:54.279,0.142,0.142,-0.112  -0.121
2018-10-02T19:18:55.173,2018-10-02T19:18:55.330,0.157,0.157,-0.112  -0.121
2018-10-02T19:18:56.210,2018-10-02T19:18:57.350,1.14,1.14,-0.112  -0.121
2018-10-02T19:18:57.245,2018-10-02T19:18:57.429,0.184,0.184,-0.112  -0.121
2018-10-02T19:18:58.274,2018-10-02T19:18:58.509,0.235,0.235,-0.112  -0.121
2018-10-02T19:18:59.311,2018-10-02T19:18:59.531,0.22,0.22,-0.112  -0.121
2018-10-02T19:19:00.363,2018-10-02T19:19:00.546,0.183,0.183,-0.112  -0.121
2018-10-02T19:19:01.394,2018-10-02T19:19:01.580,0.186,0.186,-0.112  -0.121
2018-10-02T19:19:02.429,2018-10-02T19:19:02.596,0.167,0.167,-0.112  -0.121
2018-10-02T19:19:03.462,2018-10-02T19:19:03.619,0.157,0.157,-0.112  -0.121
2018-10-02T19:19:04.497,2018-10-02T19:19:04.834,0.337,0.337,-0.112  -0.121
2018-10-02T19:19:05.532,2018-10-02T19:19:05.887,0.355,0.355,-0.112  -0.121
2018-10-02T19:19:06.575,2018-10-02T19:19:06.794,0.219,0.219,-0.112  -0.121
2018-10-02T19:19:07.608,2018-10-02T19:19:07.827,0.219,0.219,-0.112  -0.121
2018-10-02T19:19:08.646,2018-10-02T19:19:08.837,0.191,0.191,-0.112  -0.121
2018-10-02T19:19:09.684,2018-10-02T19:19:09.872,0.188,0.188,-0.112  -0.121
2018-10-02T19:19:10.719,2018-10-02T19:19:10.871,0.152,0.152,-0.112  -0.121
2018-10-02T19:19:11.755,2018-10-02T19:19:11.947,0.192,0.192,-0.112  -0.121
2018-10-02T19:19:12.784,2018-10-02T19:19:12.934,0.15,0.15,-0.112  -0.121
2018-10-02T19:19:13.817,2018-10-02T19:19:14.074,0.257,0.257,-0.112  -0.121
2018-10-02T19:19:14.853,2018-10-02T19:19:15.085,0.232,0.232,-0.112  -0.121
2018-10-02T19:19:15.889,2018-10-02T19:19:16.134,0.245,0.245,-0.112  -0.121
2018-10-02T19:19:16.924,2018-10-02T19:19:17.122,0.198,0.198,-0.112  -0.121
2018-10-02T19:19:17.955,2018-10-02T19:19:18.178,0.223,0.223,-0.112  -0.121
2018-10-02T19:19:18.991,2018-10-02T19:19:19.177,0.186,0.186,-0.112  -0.121
2018-10-02T19:19:20.023,2018-10-02T19:19:20.211,0.188,0.188,-0.112  -0.121
2018-10-02T19:19:21.054,2018-10-02T19:19:21.216,0.162,0.162,-0.112  -0.121
2018-10-02T19:19:22.090,2018-10-02T19:19:22.249,0.159,0.159,-0.112  -0.121
2018-10-02T19:19:23.118,2018-10-02T19:19:23.276,0.158,0.158,-0.112  -0.121
2018-10-02T19:19:24.152,2018-10-02T19:19:24.923,0.771,0.771,-0.112  -0.121
2018-10-02T19:19:25.188,2018-10-02T19:19:25.415,0.227,0.227,-0.112  -0.121
2018-10-02T19:19:26.223,2018-10-02T19:19:26.468,0.245,0.245,-0.112  -0.121
2018-10-02T19:19:27.259,2018-10-02T19:19:27.465,0.206,0.206,-0.112  -0.121
2018-10-02T19:19:28.293,2018-10-02T19:19:28.504,0.211,0.211,-0.112  -0.121
2018-10-02T19:19:29.327,2018-10-02T19:19:29.439,0.112,0.112,-0.112  -0.121
2018-10-02T19:19:30.367,2018-10-02T19:19:30.553,0.186,0.186,-0.112  -0.121
2018-10-02T19:19:31.413,2018-10-02T19:19:31.546,0.133,0.133,-0.112  -0.121
2018-10-02T19:19:32.450,2018-10-02T19:19:32.609,0.159,0.159,-0.112  -0.121
2018-10-02T19:19:33.482,2018-10-02T19:19:34.018,0.536,0.536,-0.112  -0.121
2018-10-02T19:19:34.518,2018-10-02T19:19:34.665,0.147,0.147,-0.112  -0.121
2018-10-02T19:19:35.553,2018-10-02T19:19:35.778,0.225,0.225,-0.112  -0.121
2018-10-02T19:19:36.588,2018-10-02T19:19:36.795,0.207,0.207,-0.112  -0.121
2018-10-02T19:19:37.633,2018-10-02T19:19:37.819,0.186,0.186,-0.112  -0.121
2018-10-02T19:19:38.663,2018-10-02T19:19:38.850,0.187,0.187,-0.112  -0.121
2018-10-02T19:19:39.704,2018-10-02T19:19:39.860,0.156,0.156,-0.112  -0.121
2018-10-02T19:19:40.730,2018-10-02T19:19:40.901,0.171,0.171,-0.112  -0.121
2018-10-02T19:19:41.754,2018-10-02T19:19:42.432,0.678,0.678,-0.112  -0.121
2018-10-02T19:19:42.780,2018-10-02T19:19:42.936,0.156,0.156,-0.112  -0.121
2018-10-02T19:19:43.805,2018-10-02T19:19:43.965,0.16,0.16,-0.112  -0.121
2018-10-02T19:19:44.846,2018-10-02T19:19:44.976,0.13,0.13,-0.112  -0.121
2018-10-02T19:19:45.872,2018-10-02T19:19:46.120,0.248,0.248,-0.112  -0.121
2018-10-02T19:19:46.912,2018-10-02T19:19:47.139,0.227,0.227,-0.112  -0.121
2018-10-02T19:19:47.955,2018-10-02T19:19:48.165,0.21,0.21,-0.112  -0.121
2018-10-02T19:19:48.980,2018-10-02T19:19:49.179,0.199,0.199,-0.112  -0.121
2018-10-02T19:19:50.009,2018-10-02T19:19:50.112,0.103,0.103,-0.112  -0.121
2018-10-02T19:19:51.043,2018-10-02T19:19:52.194,1.151,1.151,-0.112  -0.121
2018-10-02T19:19:52.080,2018-10-02T19:19:52.283,0.203,0.203,-0.112  -0.121
2018-10-02T19:19:53.106,2018-10-02T19:19:53.306,0.2,0.2,-0.112  -0.121
2018-10-02T19:19:54.131,2018-10-02T19:19:54.224,0.093,0.093,-0.112  -0.121
2018-10-02T19:19:55.157,2018-10-02T19:19:55.330,0.173,0.173,-0.112  -0.121
2018-10-02T19:19:56.182,2018-10-02T19:19:56.354,0.172,0.172,-0.112  -0.121
2018-10-02T19:19:57.207,2018-10-02T19:19:57.385,0.178,0.178,-0.112  -0.121
2018-10-02T19:19:58.233,2018-10-02T19:19:58.396,0.163,0.163,-0.112  -0.121
2018-10-02T19:19:59.257,2018-10-02T19:19:59.449,0.192,0.192,-0.112  -0.121
2018-10-02T19:20:00.298,2018-10-02T19:20:00.860,0.562,0.562,-0.112  -0.121
2018-10-02T19:20:01.326,2018-10-02T19:20:01.588,0.262,0.262,-0.112  -0.121
2018-10-02T19:20:02.427,2018-10-02T19:20:02.543,0.116,0.116,-0.112  -0.121
2018-10-02T19:20:03.462,2018-10-02T19:20:03.650,0.188,0.188,-0.112  -0.121
2018-10-02T19:20:04.512,2018-10-02T19:20:04.856,0.344,0.344,-0.112  -0.121
2018-10-02T19:20:05.536,2018-10-02T19:20:05.768,0.232,0.232,-0.112  -0.121
2018-10-02T19:20:06.564,2018-10-02T19:20:06.790,0.226,0.226,-0.112  -0.121
2018-10-02T19:20:07.603,2018-10-02T19:20:08.259,0.656,0.656,-0.112  -0.121
2018-10-02T19:20:08.639,2018-10-02T19:20:08.830,0.191,0.191,-0.112  -0.121
2018-10-02T19:20:09.671,2018-10-02T19:20:09.913,0.242,0.242,-0.112  -0.121
2018-10-02T19:20:10.699,2018-10-02T19:20:10.886,0.187,0.187,-0.112  -0.121
2018-10-02T19:20:11.729,2018-10-02T19:20:11.926,0.197,0.197,-0.112  -0.121
2018-10-02T19:20:12.765,2018-10-02T19:20:12.961,0.196,0.196,-0.112  -0.121
2018-10-02T19:20:13.807,2018-10-02T19:20:13.948,0.141,0.141,-0.112  -0.121
2018-10-02T19:20:14.832,2018-10-02T19:20:14.977,0.145,0.145,-0.112  -0.121
2018-10-02T19:20:15.869,2018-10-02T19:20:16.023,0.154,0.154,-0.112  -0.121
2018-10-02T19:20:16.892,2018-10-02T19:20:17.025,0.133,0.133,-0.112  -0.121
2018-10-02T19:20:18.987,2018-10-02T19:20:19.409,0.422,0.422,-0.112  -0.121
2018-10-02T19:20:17.931,2018-10-02T19:20:19.698,1.767,1.767,-0.112  -0.121
2018-10-02T19:20:20.010,2018-10-02T19:20:20.208,0.198,0.198,-0.112  -0.121
2018-10-02T19:20:21.080,2018-10-02T19:20:21.326,0.246,0.246,-0.112  -0.121
2018-10-02T19:20:22.117,2018-10-02T19:20:22.360,0.243,0.243,-0.112  -0.121
2018-10-02T19:20:23.153,2018-10-02T19:20:23.584,0.431,0.431,-0.112  -0.121
2018-10-02T19:20:24.182,2018-10-02T19:20:24.291,0.109,0.109,-0.112  -0.121
2018-10-02T19:20:25.208,2018-10-02T19:20:25.419,0.211,0.211,-0.112  -0.121
2018-10-02T19:20:26.241,2018-10-02T19:20:26.490,0.249,0.249,-0.112  -0.121
2018-10-02T19:20:27.268,2018-10-02T19:20:27.483,0.215,0.215,-0.112  -0.121
2018-10-02T19:20:28.354,2018-10-02T19:20:28.506,0.152,0.152,-0.112  -0.121
2018-10-02T19:20:29.378,2018-10-02T19:20:29.535,0.157,0.157,-0.112  -0.121
2018-10-02T19:20:30.416,2018-10-02T19:20:30.557,0.141,0.141,-0.112  -0.121
2018-10-02T19:20:31.458,2018-10-02T19:20:31.674,0.216,0.216,-0.112  -0.121
2018-10-02T19:20:32.493,2018-10-02T19:20:32.719,0.226,0.226,-0.112  -0.121
2018-10-02T19:20:33.519,2018-10-02T19:20:33.736,0.217,0.217,-0.112  -0.121
2018-10-02T19:20:34.544,2018-10-02T19:20:34.759,0.215,0.215,-0.112  -0.121
2018-10-02T19:20:35.577,2018-10-02T19:20:36.178,0.601,0.601,-0.112  -0.121
2018-10-02T19:20:36.603,2018-10-02T19:20:36.811,0.208,0.208,-0.112  -0.121
2018-10-02T19:20:37.629,2018-10-02T19:20:37.933,0.304,0.304,-0.112  -0.121
2018-10-02T19:20:38.653,2018-10-02T19:20:38.852,0.199,0.199,-0.112  -0.121
2018-10-02T19:20:39.682,2018-10-02T19:20:39.873,0.191,0.191,-0.112  -0.121
2018-10-02T19:20:40.709,2018-10-02T19:20:40.919,0.21,0.21,-0.112  -0.121
2018-10-02T19:20:41.733,2018-10-02T19:20:41.913,0.18,0.18,-0.112  -0.121
2018-10-02T19:20:42.760,2018-10-02T19:20:42.957,0.197,0.197,-0.112  -0.121
2018-10-02T19:20:43.786,2018-10-02T19:20:43.964,0.178,0.178,-0.112  -0.121
2018-10-02T19:20:44.821,2018-10-02T19:20:45.542,0.721,0.721,-0.112  -0.121
2018-10-02T19:20:45.846,2018-10-02T19:20:46.000,0.154,0.154,-0.112  -0.121
2018-10-02T19:20:46.884,2018-10-02T19:20:47.035,0.151,0.151,-0.112  -0.121
2018-10-02T19:20:47.909,2018-10-02T19:20:48.062,0.153,0.153,-0.112  -0.121
2018-10-02T19:20:48.937,2018-10-02T19:20:49.093,0.156,0.156,-0.112  -0.121
2018-10-02T19:20:49.963,2018-10-02T19:20:50.091,0.128,0.128,-0.112  -0.121
2018-10-02T19:20:50.990,2018-10-02T19:20:51.139,0.149,0.149,-0.112  -0.121
2018-10-02T19:20:52.024,2018-10-02T19:20:52.136,0.112,0.112,-0.112  -0.121
2018-10-02T19:20:53.047,2018-10-02T19:20:53.297,0.25,0.25,-0.112  -0.121
2018-10-02T19:20:54.076,2018-10-02T19:20:54.682,0.606,0.606,-0.112  -0.121
2018-10-02T19:20:55.101,2018-10-02T19:20:55.287,0.186,0.186,-0.112  -0.121
2018-10-02T19:20:56.138,2018-10-02T19:20:56.354,0.216,0.216,-0.112  -0.121
2018-10-02T19:20:57.175,2018-10-02T19:20:57.372,0.197,0.197,-0.112  -0.121
2018-10-02T19:20:58.202,2018-10-02T19:20:58.310,0.108,0.108,-0.112  -0.121
2018-10-02T19:20:59.230,2018-10-02T19:20:59.422,0.192,0.192,-0.112  -0.121
2018-10-02T19:21:00.266,2018-10-02T19:21:00.383,0.117,0.117,-0.112  -0.121
2018-10-02T19:21:01.301,2018-10-02T19:21:01.434,0.133,0.133,-0.112  -0.121
2018-10-02T19:21:02.332,2018-10-02T19:21:02.507,0.175,0.175,-0.112  -0.121
2018-10-02T19:21:03.356,2018-10-02T19:21:03.549,0.193,0.193,-0.112  -0.121
2018-10-02T19:21:04.414,2018-10-02T19:21:04.547,0.133,0.133,-0.112  -0.121
2018-10-02T19:21:05.440,2018-10-02T19:21:05.579,0.139,0.139,-0.112  -0.121
2018-10-02T19:21:06.469,2018-10-02T19:21:06.598,0.129,0.129,-0.112  -0.121
2018-10-02T19:21:07.504,2018-10-02T19:21:07.649,0.145,0.145,-0.112  -0.121
2018-10-02T19:21:08.540,2018-10-02T19:21:08.647,0.107,0.107,-0.112  -0.121
2018-10-02T19:21:09.579,2018-10-02T19:21:09.777,0.198,0.198,-0.112  -0.121
2018-10-02T19:21:10.603,2018-10-02T19:21:10.805,0.202,0.202,-0.112  -0.121
2018-10-02T19:21:11.628,2018-10-02T19:21:11.862,0.234,0.234,-0.112  -0.121
2018-10-02T19:21:12.651,2018-10-02T19:21:12.832,0.181,0.181,-0.112  -0.121
2018-10-02T19:21:13.717,2018-10-02T19:21:13.889,0.172,0.172,-0.112  -0.121
2018-10-02T19:21:14.744,2018-10-02T19:21:15.088,0.344,0.344,-0.112  -0.121
2018-10-02T19:21:15.784,2018-10-02T19:21:15.916,0.132,0.132,-0.112  -0.121
2018-10-02T19:21:16.811,2018-10-02T19:21:17.018,0.207,0.207,-0.112  -0.121
2018-10-02T19:21:17.835,2018-10-02T19:21:18.082,0.247,0.247,-0.112  -0.121
2018-10-02T19:21:18.866,2018-10-02T19:21:19.206,0.34,0.34,-0.112  -0.121
2018-10-02T19:21:19.897,2018-10-02T19:21:20.757,0.86,0.86,-0.112  -0.121
2018-10-02T19:21:20.928,2018-10-02T19:21:21.139,0.211,0.211,-0.112  -0.121
2018-10-02T19:21:21.968,2018-10-02T19:21:22.190,0.222,0.222,-0.112  -0.121
2018-10-02T19:21:23.017,2018-10-02T19:21:23.178,0.161,0.161,-0.112  -0.121
2018-10-02T19:21:24.048,2018-10-02T19:21:24.220,0.172,0.172,-0.112  -0.121
2018-10-02T19:21:25.086,2018-10-02T19:21:25.180,0.094,0.094,-0.112  -0.121
2018-10-02T19:21:26.110,2018-10-02T19:21:26.282,0.172,0.172,-0.112  -0.121
2018-10-02T19:21:27.138,2018-10-02T19:21:27.290,0.152,0.152,-0.112  -0.121
2018-10-02T19:21:28.168,2018-10-02T19:21:28.406,0.238,0.238,-0.112  -0.121
2018-10-02T19:21:29.191,2018-10-02T19:21:29.440,0.249,0.249,-0.112  -0.121
2018-10-02T19:21:30.217,2018-10-02T19:21:30.352,0.135,0.135,-0.112  -0.121
2018-10-02T19:21:31.242,2018-10-02T19:21:31.376,0.134,0.134,-0.112  -0.121
2018-10-02T19:21:32.269,2018-10-02T19:21:32.409,0.14,0.14,-0.112  -0.121
2018-10-02T19:21:33.296,2018-10-02T19:21:33.526,0.23,0.23,-0.112  -0.121
2018-10-02T19:21:34.323,2018-10-02T19:21:34.427,0.104,0.104,-0.112  -0.121
2018-10-02T19:21:35.346,2018-10-02T19:21:35.579,0.233,0.233,-0.112  -0.121
2018-10-02T19:21:36.380,2018-10-02T19:21:36.748,0.368,0.368,-0.112  -0.121
2018-10-02T19:21:37.407,2018-10-02T19:21:38.038,0.631,0.631,-0.112  -0.121
2018-10-02T19:21:38.436,2018-10-02T19:21:38.665,0.229,0.229,-0.112  -0.121
2018-10-02T19:21:39.463,2018-10-02T19:21:39.673,0.21,0.21,-0.112  -0.121
2018-10-02T19:21:40.491,2018-10-02T19:21:40.730,0.239,0.239,-0.112  -0.121
2018-10-02T19:21:41.516,2018-10-02T19:21:41.729,0.213,0.213,-0.112  -0.121
2018-10-02T19:21:42.545,2018-10-02T19:21:42.765,0.22,0.22,-0.112  -0.121
2018-10-02T19:21:43.573,2018-10-02T19:21:43.663,0.09,0.09,-0.112  -0.121
2018-10-02T19:21:44.598,2018-10-02T19:21:44.802,0.204,0.204,-0.112  -0.121
2018-10-02T19:21:45.624,2018-10-02T19:21:46.323,0.699,0.699,-0.112  -0.121
2018-10-02T19:21:46.651,2018-10-02T19:21:46.855,0.204,0.204,-0.112  -0.121
2018-10-02T19:21:47.677,2018-10-02T19:21:47.768,0.091,0.091,-0.112  -0.121
2018-10-02T19:21:48.703,2018-10-02T19:21:48.995,0.292,0.292,-0.112  -0.121
2018-10-02T19:21:49.736,2018-10-02T19:21:50.099,0.363,0.363,-0.112  -0.121
2018-10-02T19:21:50.759,2018-10-02T19:21:51.179,0.42,0.42,-0.112  -0.121
2018-10-02T19:21:51.785,2018-10-02T19:21:51.961,0.176,0.176,-0.112  -0.121
2018-10-02T19:21:52.818,2018-10-02T19:21:52.947,0.129,0.129,-0.112  -0.121
2018-10-02T19:21:53.841,2018-10-02T19:21:54.007,0.166,0.166,-0.112  -0.121
2018-10-02T19:21:54.866,2018-10-02T19:21:55.847,0.981,0.981,-0.112  -0.121
2018-10-02T19:21:55.891,2018-10-02T19:21:56.004,0.113,0.113,-0.112  -0.121
2018-10-02T19:21:56.920,2018-10-02T19:21:57.291,0.371,0.371,-0.112  -0.121
2018-10-02T19:21:57.957,2018-10-02T19:21:58.093,0.136,0.136,-0.112  -0.121
2018-10-02T19:21:58.982,2018-10-02T19:21:59.143,0.161,0.161,-0.112  -0.121
2018-10-02T19:22:00.006,2018-10-02T19:22:00.140,0.134,0.134,-0.112  -0.121
2018-10-02T19:22:01.031,2018-10-02T19:22:01.276,0.245,0.245,-0.112  -0.121
2018-10-02T19:22:02.073,2018-10-02T19:22:02.310,0.237,0.237,-0.112  -0.121
2018-10-02T19:22:03.110,2018-10-02T19:22:03.548,0.438,0.438,-0.112  -0.121
2018-10-02T19:22:04.134,2018-10-02T19:22:04.360,0.226,0.226,-0.112  -0.121
2018-10-02T19:22:05.164,2018-10-02T19:22:05.389,0.225,0.225,-0.112  -0.121
2018-10-02T19:22:06.188,2018-10-02T19:22:06.390,0.202,0.202,-0.112  -0.121
2018-10-02T19:22:07.218,2018-10-02T19:22:07.428,0.21,0.21,-0.112  -0.121
2018-10-02T19:22:08.243,2018-10-02T19:22:08.369,0.126,0.126,-0.112  -0.121
2018-10-02T19:22:09.266,2018-10-02T19:22:09.410,0.144,0.144,-0.112  -0.121
2018-10-02T19:22:10.289,2018-10-02T19:22:10.584,0.295,0.295,-0.112  -0.121
2018-10-02T19:22:11.364,2018-10-02T19:22:11.513,0.149,0.149,-0.112  -0.121
2018-10-02T19:22:12.397,2018-10-02T19:22:12.790,0.393,0.393,-0.112  -0.121
2018-10-02T19:22:13.423,2018-10-02T19:22:13.594,0.171,0.171,-0.112  -0.121
2018-10-02T19:22:14.451,2018-10-02T19:22:14.889,0.438,0.438,-0.112  -0.121
2018-10-02T19:22:15.478,2018-10-02T19:22:15.623,0.145,0.145,-0.112  -0.121
2018-10-02T19:22:16.502,2018-10-02T19:22:16.945,0.443,0.443,-0.112  -0.121
2018-10-02T19:22:17.530,2018-10-02T19:22:17.667,0.137,0.137,-0.112  -0.121
2018-10-02T19:22:18.555,2018-10-02T19:22:18.738,0.183,0.183,-0.112  -0.121
2018-10-02T19:22:19.585,2018-10-02T19:22:19.823,0.238,0.238,-0.112  -0.121
2018-10-02T19:22:20.609,2018-10-02T19:22:20.776,0.167,0.167,-0.112  -0.121
2018-10-02T19:22:21.636,2018-10-02T19:22:22.081,0.445,0.445,-0.112  -0.121
2018-10-02T19:22:22.667,2018-10-02T19:22:22.891,0.224,0.224,-0.112  -0.121
2018-10-02T19:22:23.694,2018-10-02T19:22:23.814,0.12,0.12,-0.112  -0.121
2018-10-02T19:22:24.721,2018-10-02T19:22:25.038,0.317,0.317,-0.112  -0.121
2018-10-02T19:22:25.743,2018-10-02T19:22:25.953,0.21,0.21,-0.112  -0.121
2018-10-02T19:22:26.775,2018-10-02T19:22:26.985,0.21,0.21,-0.112  -0.121
2018-10-02T19:22:27.797,2018-10-02T19:22:28.009,0.212,0.212,-0.112  -0.121
2018-10-02T19:22:28.821,2018-10-02T19:22:29.006,0.185,0.185,-0.112  -0.121
2018-10-02T19:22:29.845,2018-10-02T19:22:30.475,0.63,0.63,-0.112  -0.121
2018-10-02T19:22:30.881,2018-10-02T19:22:31.067,0.186,0.186,-0.112  -0.121
2018-10-02T19:22:31.910,2018-10-02T19:22:32.108,0.198,0.198,-0.112  -0.121
2018-10-02T19:22:32.934,2018-10-02T19:22:33.125,0.191,0.191,-0.112  -0.121
2018-10-02T19:22:33.963,2018-10-02T19:22:34.076,0.113,0.113,-0.112  -0.121
2018-10-02T19:22:34.990,2018-10-02T19:22:35.161,0.171,0.171,-0.112  -0.121
2018-10-02T19:22:36.012,2018-10-02T19:22:36.202,0.19,0.19,-0.112  -0.121
2018-10-02T19:22:37.035,2018-10-02T19:22:37.198,0.163,0.163,-0.112  -0.121
2018-10-02T19:22:38.065,2018-10-02T19:22:39.099,1.034,1.034,-0.112  -0.121
2018-10-02T19:22:39.089,2018-10-02T19:22:39.257,0.168,0.168,-0.112  -0.121
2018-10-02T19:22:40.117,2018-10-02T19:22:40.305,0.188,0.188,-0.112  -0.121
2018-10-02T19:22:41.147,2018-10-02T19:22:41.320,0.173,0.173,-0.112  -0.121
2018-10-02T19:22:42.174,2018-10-02T19:22:42.369,0.195,0.195,-0.112  -0.121
2018-10-02T19:22:43.200,2018-10-02T19:22:43.363,0.163,0.163,-0.112  -0.121
2018-10-02T19:22:44.244,2018-10-02T19:22:44.372,0.128,0.128,-0.112  -0.121
2018-10-02T19:22:45.272,2018-10-02T19:22:45.396,0.124,0.124,-0.112  -0.121
2018-10-02T19:22:46.301,2018-10-02T19:22:46.753,0.452,0.452,-0.112  -0.121
2018-10-02T19:22:47.328,2018-10-02T19:22:47.573,0.245,0.245,-0.112  -0.121
2018-10-02T19:22:48.358,2018-10-02T19:22:48.599,0.241,0.241,-0.112  -0.121
2018-10-02T19:22:49.381,2018-10-02T19:22:49.489,0.108,0.108,-0.112  -0.121
2018-10-02T19:22:50.409,2018-10-02T19:22:50.551,0.142,0.142,-0.112  -0.121
2018-10-02T19:22:51.435,2018-10-02T19:22:51.559,0.124,0.124,-0.112  -0.121
2018-10-02T19:22:52.463,2018-10-02T19:22:52.594,0.131,0.131,-0.112  -0.121
2018-10-02T19:22:53.491,2018-10-02T19:22:53.581,0.09,0.09,-0.112  -0.121
2018-10-02T19:22:54.516,2018-10-02T19:22:54.738,0.222,0.222,-0.112  -0.121
2018-10-02T19:22:55.540,2018-10-02T19:22:55.756,0.216,0.216,-0.112  -0.121
2018-10-02T19:22:56.564,2018-10-02T19:22:58.207,1.643,1.643,-0.112  -0.121
2018-10-02T19:22:57.590,2018-10-02T19:22:58.310,0.72,0.72,-0.112  -0.121
2018-10-02T19:22:58.622,2018-10-02T19:22:58.812,0.19,0.19,-0.112  -0.121
2018-10-02T19:22:59.647,2018-10-02T19:22:59.820,0.173,0.173,-0.112  -0.121
2018-10-02T19:23:00.670,2018-10-02T19:23:00.792,0.122,0.122,-0.112  -0.121
2018-10-02T19:23:01.694,2018-10-02T19:23:02.240,0.546,0.546,-0.112  -0.121
2018-10-02T19:23:02.721,2018-10-02T19:23:03.150,0.429,0.429,-0.112  -0.121
2018-10-02T19:23:03.750,2018-10-02T19:23:03.882,0.132,0.132,-0.112  -0.121
2018-10-02T19:23:04.779,2018-10-02T19:23:04.899,0.12,0.12,-0.112  -0.121
2018-10-02T19:23:05.824,2018-10-02T19:23:05.996,0.172,0.172,-0.112  -0.121
2018-10-02T19:23:06.847,2018-10-02T19:23:07.019,0.172,0.172,-0.112  -0.121
2018-10-02T19:23:07.873,2018-10-02T19:23:08.134,0.261,0.261,-0.112  -0.121
2018-10-02T19:23:08.898,2018-10-02T19:23:09.071,0.173,0.173,-0.112  -0.121
2018-10-02T19:23:09.923,2018-10-02T19:23:10.096,0.173,0.173,-0.112  -0.121
2018-10-02T19:23:10.946,2018-10-02T19:23:11.136,0.19,0.19,-0.112  -0.121
2018-10-02T19:23:11.970,2018-10-02T19:23:12.153,0.183,0.183,-0.112  -0.121
2018-10-02T19:23:12.998,2018-10-02T19:23:13.172,0.174,0.174,-0.112  -0.121
2018-10-02T19:23:14.026,2018-10-02T19:23:14.183,0.157,0.157,-0.112  -0.121
2018-10-02T19:23:15.065,2018-10-02T19:23:15.229,0.164,0.164,-0.112  -0.121
2018-10-02T19:23:16.116,2018-10-02T19:23:16.225,0.109,0.109,-0.112  -0.121
2018-10-02T19:23:17.151,2018-10-02T19:23:17.358,0.207,0.207,-0.112  -0.121
2018-10-02T19:23:18.189,2018-10-02T19:23:19.461,1.272,1.272,-0.112  -0.121
2018-10-02T19:23:19.215,2018-10-02T19:23:19.542,0.327,0.327,-0.112  -0.121
2018-10-02T19:23:20.239,2018-10-02T19:23:20.455,0.216,0.216,-0.112  -0.121
2018-10-02T19:23:21.263,2018-10-02T19:23:21.461,0.198,0.198,-0.112  -0.121
2018-10-02T19:23:22.297,2018-10-02T19:23:22.477,0.18,0.18,-0.112  -0.121
2018-10-02T19:23:23.328,2018-10-02T19:23:23.517,0.189,0.189,-0.112  -0.121
2018-10-02T19:23:24.354,2018-10-02T19:23:24.528,0.174,0.174,-0.112  -0.121
2018-10-02T19:23:25.377,2018-10-02T19:23:25.583,0.206,0.206,-0.112  -0.121
2018-10-02T19:23:26.457,2018-10-02T19:23:26.683,0.226,0.226,-0.112  -0.121
2018-10-02T19:23:27.488,2018-10-02T19:23:27.802,0.314,0.314,-0.112  -0.121
2018-10-02T19:23:28.527,2018-10-02T19:23:28.724,0.197,0.197,-0.112  -0.121
2018-10-02T19:23:29.551,2018-10-02T19:23:29.774,0.223,0.223,-0.112  -0.121
2018-10-02T19:23:30.581,2018-10-02T19:23:30.773,0.192,0.192,-0.112  -0.121
2018-10-02T19:23:31.616,2018-10-02T19:23:31.819,0.203,0.203,-0.112  -0.121
2018-10-02T19:23:32.640,2018-10-02T19:23:33.027,0.387,0.387,-0.112  -0.121
2018-10-02T19:23:33.666,2018-10-02T19:23:33.874,0.208,0.208,-0.112  -0.121
2018-10-02T19:23:34.690,2018-10-02T19:23:34.964,0.274,0.274,-0.112  -0.121
2018-10-02T19:23:35.718,2018-10-02T19:23:35.897,0.179,0.179,-0.112  -0.121
2018-10-02T19:23:36.744,2018-10-02T19:23:36.927,0.183,0.183,-0.112  -0.121
2018-10-02T19:23:37.768,2018-10-02T19:23:37.967,0.199,0.199,-0.112  -0.121
2018-10-02T19:23:38.791,2018-10-02T19:23:39.173,0.382,0.382,-0.112  -0.121
2018-10-02T19:23:39.816,2018-10-02T19:23:39.996,0.18,0.18,-0.112  -0.121
2018-10-02T19:23:40.839,2018-10-02T19:23:41.026,0.187,0.187,-0.112  -0.121
2018-10-02T19:23:41.863,2018-10-02T19:23:42.051,0.188,0.188,-0.112  -0.121
2018-10-02T19:23:43.917,2018-10-02T19:23:44.306,0.389,0.389,-0.112  -0.121
2018-10-02T19:23:42.890,2018-10-02T19:23:45.011,2.121,2.121,-0.112  -0.121
2018-10-02T19:23:44.941,2018-10-02T19:23:45.099,0.158,0.158,-0.112  -0.121
2018-10-02T19:23:45.971,2018-10-02T19:23:46.306,0.335,0.335,-0.112  -0.121
2018-10-02T19:23:46.995,2018-10-02T19:23:47.140,0.145,0.145,-0.112  -0.121
2018-10-02T19:23:48.019,2018-10-02T19:23:48.162,0.143,0.143,-0.112  -0.121
2018-10-02T19:23:49.042,2018-10-02T19:23:49.237,0.195,0.195,-0.112  -0.121
2018-10-02T19:23:50.068,2018-10-02T19:23:50.351,0.283,0.283,-0.112  -0.121
2018-10-02T19:23:51.098,2018-10-02T19:23:51.241,0.143,0.143,-0.112  -0.121
2018-10-02T19:23:52.123,2018-10-02T19:23:52.356,0.233,0.233,-0.112  -0.121
2018-10-02T19:23:53.148,2018-10-02T19:23:53.287,0.139,0.139,-0.112  -0.121
2018-10-02T19:23:54.174,2018-10-02T19:23:54.431,0.257,0.257,-0.112  -0.121
2018-10-02T19:23:55.249,2018-10-02T19:23:55.452,0.203,0.203,-0.112  -0.121
2018-10-02T19:23:56.278,2018-10-02T19:23:56.786,0.508,0.508,-0.112  -0.121
2018-10-02T19:23:57.314,2018-10-02T19:23:57.503,0.189,0.189,-0.112  -0.121
2018-10-02T19:23:58.346,2018-10-02T19:23:58.553,0.207,0.207,-0.112  -0.121
2018-10-02T19:23:59.384,2018-10-02T19:23:59.552,0.168,0.168,-0.112  -0.121
2018-10-02T19:24:00.415,2018-10-02T19:24:00.934,0.519,0.519,-0.112  -0.121
2018-10-02T19:24:01.456,2018-10-02T19:24:01.692,0.236,0.236,-0.112  -0.121
2018-10-02T19:24:02.484,2018-10-02T19:24:02.741,0.257,0.257,-0.112  -0.121
2018-10-02T19:24:03.514,2018-10-02T19:24:03.755,0.241,0.241,-0.112  -0.121
2018-10-02T19:24:04.545,2018-10-02T19:24:04.802,0.257,0.257,-0.112  -0.121
2018-10-02T19:24:05.580,2018-10-02T19:24:05.687,0.107,0.107,-0.112  -0.121
2018-10-02T19:24:06.604,2018-10-02T19:24:06.839,0.235,0.235,-0.112  -0.121
2018-10-02T19:24:07.626,2018-10-02T19:24:07.732,0.106,0.106,-0.112  -0.121
2018-10-02T19:24:08.649,2018-10-02T19:24:09.389,0.74,0.74,-0.112  -0.121
2018-10-02T19:24:09.685,2018-10-02T19:24:09.889,0.204,0.204,-0.112  -0.121
2018-10-02T19:24:10.712,2018-10-02T19:24:10.940,0.228,0.228,-0.112  -0.121
2018-10-02T19:24:11.738,2018-10-02T19:24:11.960,0.222,0.222,-0.112  -0.121
2018-10-02T19:24:12.763,2018-10-02T19:24:12.985,0.222,0.222,-0.112  -0.121
2018-10-02T19:24:13.788,2018-10-02T19:24:13.993,0.205,0.205,-0.112  -0.121
2018-10-02T19:24:14.818,2018-10-02T19:24:15.019,0.201,0.201,-0.112  -0.121
2018-10-02T19:24:15.857,2018-10-02T19:24:16.021,0.164,0.164,-0.112  -0.121
2018-10-02T19:24:16.881,2018-10-02T19:24:17.099,0.218,0.218,-0.112  -0.121
2018-10-02T19:24:17.921,2018-10-02T19:24:18.077,0.156,0.156,-0.112  -0.121
2018-10-02T19:24:18.947,2018-10-02T19:24:19.146,0.199,0.199,-0.112  -0.121
2018-10-02T19:24:19.972,2018-10-02T19:24:20.338,0.366,0.366,-0.112  -0.121
2018-10-02T19:24:21.000,2018-10-02T19:24:21.228,0.228,0.228,-0.112  -0.121
2018-10-02T19:24:22.025,2018-10-02T19:24:22.178,0.153,0.153,-0.112  -0.121
2018-10-02T19:24:23.052,2018-10-02T19:24:23.621,0.569,0.569,-0.112  -0.121
2018-10-02T19:24:24.091,2018-10-02T19:24:24.534,0.443,0.443,-0.112  -0.121
2018-10-02T19:24:25.127,2018-10-02T19:24:25.249,0.122,0.122,-0.112  -0.121
2018-10-02T19:24:26.151,2018-10-02T19:24:26.512,0.361,0.361,-0.112  -0.121
2018-10-02T19:24:27.178,2018-10-02T19:24:27.410,0.232,0.232,-0.112  -0.121
2018-10-02T19:24:28.211,2018-10-02T19:24:28.431,0.22,0.22,-0.112  -0.121
2018-10-02T19:24:29.238,2018-10-02T19:24:29.349,0.111,0.111,-0.112  -0.121
2018-10-02T19:24:30.262,2018-10-02T19:24:30.474,0.212,0.212,-0.112  -0.121
2018-10-02T19:24:31.302,2018-10-02T19:24:31.523,0.221,0.221,-0.112  -0.121
2018-10-02T19:24:32.333,2018-10-02T19:24:32.529,0.196,0.196,-0.112  -0.121
2018-10-02T19:24:33.358,2018-10-02T19:24:33.569,0.211,0.211,-0.112  -0.121
2018-10-02T19:24:34.392,2018-10-02T19:24:34.676,0.284,0.284,-0.112  -0.121
2018-10-02T19:24:35.452,2018-10-02T19:24:35.807,0.355,0.355,-0.112  -0.121
2018-10-02T19:24:36.480,2018-10-02T19:24:37.234,0.754,0.754,-0.112  -0.121
2018-10-02T19:24:38.551,2018-10-02T19:24:38.797,0.246,0.246,-0.112  -0.121
2018-10-02T19:24:37.528,2018-10-02T19:24:39.097,1.569,1.569,-0.112  -0.121
2018-10-02T19:24:39.575,2018-10-02T19:24:39.800,0.225,0.225,-0.112  -0.121
2018-10-02T19:24:40.601,2018-10-02T19:24:40.808,0.207,0.207,-0.112  -0.121
2018-10-02T19:24:41.631,2018-10-02T19:24:41.859,0.228,0.228,-0.112  -0.121
2018-10-02T19:24:42.657,2018-10-02T19:24:42.869,0.212,0.212,-0.112  -0.121
2018-10-02T19:24:43.679,2018-10-02T19:24:44.129,0.45,0.45,-0.112  -0.121
2018-10-02T19:24:44.755,2018-10-02T19:24:44.915,0.16,0.16,-0.112  -0.121
2018-10-02T19:24:45.790,2018-10-02T19:24:45.961,0.171,0.171,-0.112  -0.121
2018-10-02T19:24:46.814,2018-10-02T19:24:46.968,0.154,0.154,-0.112  -0.121
2018-10-02T19:24:47.837,2018-10-02T19:24:47.980,0.143,0.143,-0.112  -0.121
2018-10-02T19:24:48.882,2018-10-02T19:24:49.007,0.125,0.125,-0.112  -0.121
2018-10-02T19:24:49.907,2018-10-02T19:24:50.019,0.112,0.112,-0.112  -0.121
2018-10-02T19:24:50.931,2018-10-02T19:24:51.059,0.128,0.128,-0.112  -0.121
2018-10-02T19:24:51.955,2018-10-02T19:24:52.252,0.297,0.297,-0.112  -0.121
2018-10-02T19:24:52.980,2018-10-02T19:24:53.321,0.341,0.341,-0.112  -0.121
2018-10-02T19:24:54.004,2018-10-02T19:24:54.240,0.236,0.236,-0.112  -0.121
2018-10-02T19:24:55.027,2018-10-02T19:24:55.133,0.106,0.106,-0.112  -0.121
2018-10-02T19:24:56.054,2018-10-02T19:24:56.276,0.222,0.222,-0.112  -0.121
2018-10-02T19:24:57.082,2018-10-02T19:24:57.185,0.103,0.103,-0.112  -0.121
2018-10-02T19:24:58.107,2018-10-02T19:24:58.351,0.244,0.244,-0.112  -0.121
2018-10-02T19:24:59.134,2018-10-02T19:24:59.244,0.11,0.11,-0.112  -0.121
2018-10-02T19:25:00.160,2018-10-02T19:25:00.298,0.138,0.138,-0.112  -0.121
2018-10-02T19:25:02.218,2018-10-02T19:25:02.429,0.211,0.211,-0.112  -0.121
2018-10-02T19:25:01.192,2018-10-02T19:25:02.529,1.337,1.337,-0.112  -0.121
2018-10-02T19:25:03.255,2018-10-02T19:25:03.469,0.214,0.214,-0.112  -0.121
2018-10-02T19:25:04.298,2018-10-02T19:25:04.479,0.181,0.181,-0.112  -0.121
2018-10-02T19:25:05.321,2018-10-02T19:25:05.503,0.182,0.182,-0.112  -0.121
2018-10-02T19:25:06.371,2018-10-02T19:25:06.550,0.179,0.179,-0.112  -0.121
2018-10-02T19:25:07.396,2018-10-02T19:25:07.563,0.167,0.167,-0.112  -0.121
2018-10-02T19:25:08.419,2018-10-02T19:25:08.575,0.156,0.156,-0.112  -0.121
2018-10-02T19:25:09.443,2018-10-02T19:25:09.606,0.163,0.163,-0.112  -0.121
2018-10-02T19:25:10.466,2018-10-02T19:25:10.621,0.155,0.155,-0.112  -0.121
2018-10-02T19:25:11.490,2018-10-02T19:25:11.647,0.157,0.157,-0.112  -0.121
2018-10-02T19:25:12.513,2018-10-02T19:25:12.656,0.143,0.143,-0.112  -0.121
2018-10-02T19:25:13.541,2018-10-02T19:25:13.698,0.157,0.157,-0.112  -0.121
2018-10-02T19:25:14.565,2018-10-02T19:25:14.722,0.157,0.157,-0.112  -0.121
2018-10-02T19:25:15.593,2018-10-02T19:25:15.747,0.154,0.154,-0.112  -0.121
2018-10-02T19:25:16.618,2018-10-02T19:25:16.774,0.156,0.156,-0.112  -0.121
2018-10-02T19:25:17.643,2018-10-02T19:25:17.849,0.206,0.206,-0.112  -0.121
2018-10-02T19:25:18.666,2018-10-02T19:25:18.822,0.156,0.156,-0.112  -0.121
2018-10-02T19:25:19.693,2018-10-02T19:25:20.804,1.111,1.111,-0.112  -0.121
2018-10-02T19:25:20.720,2018-10-02T19:25:20.910,0.19,0.19,-0.112  -0.121
2018-10-02T19:25:21.759,2018-10-02T19:25:21.905,0.146,0.146,-0.112  -0.121
2018-10-02T19:25:22.783,2018-10-02T19:25:22.918,0.135,0.135,-0.112  -0.121
2018-10-02T19:25:23.807,2018-10-02T19:25:23.959,0.152,0.152,-0.112  -0.121
2018-10-02T19:25:24.832,2018-10-02T19:25:25.065,0.233,0.233,-0.112  -0.121
2018-10-02T19:25:25.855,2018-10-02T19:25:26.177,0.322,0.322,-0.112  -0.121
2018-10-02T19:25:26.892,2018-10-02T19:25:27.216,0.324,0.324,-0.112  -0.121
2018-10-02T19:25:27.988,2018-10-02T19:25:28.751,0.763,0.763,-0.112  -0.121
2018-10-02T19:25:29.012,2018-10-02T19:25:29.139,0.127,0.127,-0.112  -0.121
2018-10-02T19:25:30.038,2018-10-02T19:25:30.177,0.139,0.139,-0.112  -0.121
2018-10-02T19:25:31.079,2018-10-02T19:25:31.308,0.229,0.229,-0.112  -0.121
2018-10-02T19:25:32.103,2018-10-02T19:25:32.329,0.226,0.226,-0.112  -0.121
2018-10-02T19:25:33.135,2018-10-02T19:25:33.242,0.107,0.107,-0.112  -0.121
2018-10-02T19:25:34.159,2018-10-02T19:25:34.359,0.2,0.2,-0.112  -0.121
2018-10-02T19:25:35.186,2018-10-02T19:25:35.434,0.248,0.248,-0.112  -0.121
2018-10-02T19:25:36.212,2018-10-02T19:25:37.446,1.234,1.234,-0.112  -0.121
2018-10-02T19:25:37.244,2018-10-02T19:25:37.542,0.298,0.298,-0.112  -0.121
2018-10-02T19:25:38.270,2018-10-02T19:25:38.479,0.209,0.209,-0.112  -0.121
2018-10-02T19:25:39.302,2018-10-02T19:25:39.510,0.208,0.208,-0.112  -0.121
2018-10-02T19:25:40.326,2018-10-02T19:25:40.523,0.197,0.197,-0.112  -0.121
2018-10-02T19:25:41.354,2018-10-02T19:25:41.557,0.203,0.203,-0.112  -0.121
2018-10-02T19:25:42.381,2018-10-02T19:25:42.689,0.308,0.308,-0.112  -0.121
2018-10-02T19:25:43.421,2018-10-02T19:25:43.600,0.179,0.179,-0.112  -0.121
2018-10-02T19:25:44.448,2018-10-02T19:25:44.622,0.174,0.174,-0.112  -0.121
2018-10-02T19:25:45.473,2018-10-02T19:25:45.649,0.176,0.176,-0.112  -0.121
2018-10-02T19:25:46.500,2018-10-02T19:25:46.670,0.17,0.17,-0.112  -0.121
2018-10-02T19:25:47.527,2018-10-02T19:25:47.706,0.179,0.179,-0.112  -0.121
2018-10-02T19:25:48.566,2018-10-02T19:25:48.818,0.252,0.252,-0.112  -0.121
2018-10-02T19:25:49.592,2018-10-02T19:25:49.742,0.15,0.15,-0.112  -0.121
2018-10-02T19:25:50.632,2018-10-02T19:25:50.728,0.096,0.096,-0.112  -0.121
2018-10-02T19:25:51.673,2018-10-02T19:25:52.007,0.334,0.334,-0.112  -0.121
2018-10-02T19:25:52.706,2018-10-02T19:25:52.904,0.198,0.198,-0.112  -0.121
2018-10-02T19:25:53.737,2018-10-02T19:25:54.034,0.297,0.297,-0.112  -0.121
2018-10-02T19:25:54.771,2018-10-02T19:25:54.916,0.145,0.145,-0.112  -0.121
2018-10-02T19:25:55.798,2018-10-02T19:25:55.998,0.2,0.2,-0.112  -0.121
2018-10-02T19:25:56.821,2018-10-02T19:25:57.005,0.184,0.184,-0.112  -0.121
2018-10-02T19:25:57.845,2018-10-02T19:25:57.989,0.144,0.144,-0.112  -0.121
2018-10-02T19:25:58.878,2018-10-02T19:25:59.148,0.27,0.27,-0.112  -0.121
2018-10-02T19:25:59.901,2018-10-02T19:26:00.076,0.175,0.175,-0.112  -0.121
2018-10-02T19:26:00.926,2018-10-02T19:26:01.109,0.183,0.183,-0.112  -0.121
2018-10-02T19:26:01.951,2018-10-02T19:26:02.255,0.304,0.304,-0.112  -0.121
2018-10-02T19:26:02.976,2018-10-02T19:26:03.766,0.79,0.79,-0.112  -0.121
2018-10-02T19:26:04.000,2018-10-02T19:26:04.124,0.124,0.124,-0.112  -0.121
2018-10-02T19:26:05.025,2018-10-02T19:26:05.211,0.186,0.186,-0.112  -0.121
2018-10-02T19:26:06.051,2018-10-02T19:26:06.231,0.18,0.18,-0.112  -0.121
2018-10-02T19:26:07.076,2018-10-02T19:26:07.227,0.151,0.151,-0.112  -0.121
2018-10-02T19:26:08.117,2018-10-02T19:26:08.315,0.198,0.198,-0.112  -0.121
2018-10-02T19:26:09.153,2018-10-02T19:26:09.421,0.268,0.268,-0.112  -0.121
2018-10-02T19:26:10.229,2018-10-02T19:26:10.434,0.205,0.205,-0.112  -0.121
2018-10-02T19:26:11.277,2018-10-02T19:26:11.441,0.164,0.164,-0.112  -0.121
2018-10-02T19:26:12.301,2018-10-02T19:26:12.471,0.17,0.17,-0.112  -0.121
2018-10-02T19:26:13.326,2018-10-02T19:26:13.500,0.174,0.174,-0.112  -0.121
2018-10-02T19:26:14.352,2018-10-02T19:26:14.533,0.181,0.181,-0.112  -0.121
2018-10-02T19:26:15.392,2018-10-02T19:26:15.538,0.146,0.146,-0.112  -0.121
2018-10-02T19:26:16.419,2018-10-02T19:26:16.579,0.16,0.16,-0.112  -0.121
2018-10-02T19:26:17.446,2018-10-02T19:26:17.579,0.133,0.133,-0.112  -0.121
2018-10-02T19:26:18.472,2018-10-02T19:26:18.623,0.151,0.151,-0.112  -0.121
2018-10-02T19:26:19.498,2018-10-02T19:26:19.636,0.138,0.138,-0.112  -0.121
2018-10-02T19:26:20.521,2018-10-02T19:26:20.677,0.156,0.156,-0.112  -0.121
2018-10-02T19:26:21.546,2018-10-02T19:26:21.794,0.248,0.248,-0.112  -0.121
2018-10-02T19:26:22.572,2018-10-02T19:26:22.743,0.171,0.171,-0.112  -0.121
2018-10-02T19:26:23.596,2018-10-02T19:26:23.725,0.129,0.129,-0.112  -0.121
2018-10-02T19:26:24.622,2018-10-02T19:26:24.759,0.137,0.137,-0.112  -0.121
2018-10-02T19:26:25.650,2018-10-02T19:26:25.892,0.242,0.242,-0.112  -0.121
2018-10-02T19:26:26.676,2018-10-02T19:26:26.808,0.132,0.132,-0.112  -0.121
2018-10-02T19:26:27.701,2018-10-02T19:26:27.810,0.109,0.109,-0.112  -0.121
2018-10-02T19:26:28.727,2018-10-02T19:26:29.618,0.891,0.891,-0.112  -0.121
2018-10-02T19:26:29.763,2018-10-02T19:26:29.962,0.199,0.199,-0.112  -0.121
2018-10-02T19:26:30.790,2018-10-02T19:26:31.057,0.267,0.267,-0.112  -0.121
2018-10-02T19:26:31.837,2018-10-02T19:26:31.970,0.133,0.133,-0.112  -0.121
2018-10-02T19:26:32.865,2018-10-02T19:26:33.066,0.201,0.201,-0.112  -0.121
2018-10-02T19:26:33.889,2018-10-02T19:26:34.073,0.184,0.184,-0.112  -0.121
2018-10-02T19:26:34.918,2018-10-02T19:26:35.099,0.181,0.181,-0.112  -0.121
2018-10-02T19:26:35.943,2018-10-02T19:26:36.233,0.29,0.29,-0.112  -0.121
2018-10-02T19:26:36.977,2018-10-02T19:26:37.772,0.795,0.795,-0.112  -0.121
2018-10-02T19:26:38.014,2018-10-02T19:26:38.387,0.373,0.373,-0.112  -0.121
2018-10-02T19:26:39.041,2018-10-02T19:26:39.218,0.177,0.177,-0.112  -0.121
2018-10-02T19:26:40.068,2018-10-02T19:26:40.219,0.151,0.151,-0.112  -0.121
2018-10-02T19:26:41.118,2018-10-02T19:26:41.247,0.129,0.129,-0.112  -0.121
2018-10-02T19:26:42.148,2018-10-02T19:26:42.266,0.118,0.118,-0.112  -0.121
2018-10-02T19:26:43.174,2018-10-02T19:26:43.395,0.221,0.221,-0.112  -0.121
2018-10-02T19:26:44.201,2018-10-02T19:26:44.410,0.209,0.209,-0.112  -0.121
2018-10-02T19:26:45.229,2018-10-02T19:26:45.441,0.212,0.212,-0.112  -0.121
2018-10-02T19:26:46.262,2018-10-02T19:26:46.670,0.408,0.408,-0.112  -0.121
2018-10-02T19:26:47.303,2018-10-02T19:26:47.499,0.196,0.196,-0.112  -0.121
2018-10-02T19:26:48.337,2018-10-02T19:26:48.521,0.184,0.184,-0.112  -0.121
2018-10-02T19:26:49.361,2018-10-02T19:26:49.549,0.188,0.188,-0.112  -0.121
2018-10-02T19:26:50.396,2018-10-02T19:26:50.557,0.161,0.161,-0.112  -0.121
2018-10-02T19:26:51.423,2018-10-02T19:26:51.596,0.173,0.173,-0.112  -0.121
2018-10-02T19:26:52.540,2018-10-02T19:26:52.706,0.166,0.166,-0.112  -0.121
2018-10-02T19:26:53.603,2018-10-02T19:26:53.759,0.156,0.156,-0.112  -0.121
2018-10-02T19:26:54.632,2018-10-02T19:26:54.761,0.129,0.129,-0.112  -0.121
2018-10-02T19:26:55.657,2018-10-02T19:26:55.819,0.162,0.162,-0.112  -0.121
2018-10-02T19:26:56.690,2018-10-02T19:26:56.918,0.228,0.228,-0.112  -0.121
2018-10-02T19:26:57.720,2018-10-02T19:26:57.836,0.116,0.116,-0.112  -0.121
2018-10-02T19:26:58.746,2018-10-02T19:26:58.950,0.204,0.204,-0.112  -0.121
2018-10-02T19:26:59.787,2018-10-02T19:26:59.998,0.211,0.211,-0.112  -0.121
2018-10-02T19:27:00.828,2018-10-02T19:27:00.939,0.111,0.111,-0.112  -0.121
2018-10-02T19:27:01.866,2018-10-02T19:27:02.031,0.165,0.165,-0.112  -0.121
2018-10-02T19:27:02.891,2018-10-02T19:27:03.040,0.149,0.149,-0.112  -0.121
2018-10-02T19:27:03.921,2018-10-02T19:27:04.290,0.369,0.369,-0.112  -0.121
2018-10-02T19:27:04.953,2018-10-02T19:27:05.152,0.199,0.199,-0.112  -0.121
2018-10-02T19:27:05.985,2018-10-02T19:27:06.136,0.151,0.151,-0.112  -0.121
2018-10-02T19:27:07.020,2018-10-02T19:27:07.144,0.124,0.124,-0.112  -0.121
2018-10-02T19:27:08.045,2018-10-02T19:27:08.172,0.127,0.127,-0.112  -0.121
2018-10-02T19:27:09.075,2018-10-02T19:27:09.202,0.127,0.127,-0.112  -0.121
2018-10-02T19:27:10.099,2018-10-02T19:27:10.218,0.119,0.119,-0.112  -0.121
2018-10-02T19:27:11.128,2018-10-02T19:27:11.239,0.111,0.111,-0.112  -0.121
2018-10-02T19:27:12.159,2018-10-02T19:27:12.833,0.674,0.674,-0.112  -0.121
2018-10-02T19:27:13.186,2018-10-02T19:27:13.392,0.206,0.206,-0.112  -0.121
2018-10-02T19:27:14.220,2018-10-02T19:27:14.547,0.327,0.327,-0.112  -0.121
2018-10-02T19:27:15.250,2018-10-02T19:27:15.363,0.113,0.113,-0.112  -0.121
2018-10-02T19:27:16.278,2018-10-02T19:27:16.398,0.12,0.12,-0.112  -0.121
2018-10-02T19:27:17.305,2018-10-02T19:27:17.499,0.194,0.194,-0.112  -0.121
2018-10-02T19:27:18.335,2018-10-02T19:27:18.532,0.197,0.197,-0.112  -0.121
2018-10-02T19:27:19.363,2018-10-02T19:27:19.541,0.178,0.178,-0.112  -0.121
2018-10-02T19:27:20.390,2018-10-02T19:27:20.582,0.192,0.192,-0.112  -0.121
2018-10-02T19:27:21.425,2018-10-02T19:27:21.984,0.559,0.559,-0.112  -0.121
2018-10-02T19:27:22.454,2018-10-02T19:27:22.626,0.172,0.172,-0.112  -0.121
2018-10-02T19:27:23.484,2018-10-02T19:27:23.644,0.16,0.16,-0.112  -0.121
2018-10-02T19:27:24.519,2018-10-02T19:27:24.690,0.171,0.171,-0.112  -0.121
2018-10-02T19:27:25.543,2018-10-02T19:27:25.689,0.146,0.146,-0.112  -0.121
2018-10-02T19:27:26.569,2018-10-02T19:27:26.706,0.137,0.137,-0.112  -0.121
2018-10-02T19:27:27.596,2018-10-02T19:27:27.826,0.23,0.23,-0.112  -0.121
2018-10-02T19:27:28.633,2018-10-02T19:27:28.757,0.124,0.124,-0.112  -0.121
2018-10-02T19:27:29.658,2018-10-02T19:27:29.889,0.231,0.231,-0.112  -0.121
2018-10-02T19:27:30.690,2018-10-02T19:27:30.885,0.195,0.195,-0.112  -0.121
2018-10-02T19:27:31.771,2018-10-02T19:27:31.936,0.165,0.165,-0.112  -0.121
2018-10-02T19:27:32.812,2018-10-02T19:27:33.077,0.265,0.265,-0.112  -0.121
2018-10-02T19:27:33.847,2018-10-02T19:27:33.968,0.121,0.121,-0.112  -0.121
2018-10-02T19:27:34.871,2018-10-02T19:27:35.009,0.138,0.138,-0.112  -0.121
2018-10-02T19:27:35.900,2018-10-02T19:27:36.028,0.128,0.128,-0.112  -0.121
2018-10-02T19:27:36.926,2018-10-02T19:27:37.164,0.238,0.238,-0.112  -0.121
2018-10-02T19:27:38.979,2018-10-02T19:27:39.201,0.222,0.222,-0.112  -0.121
2018-10-02T19:27:37.952,2018-10-02T19:27:39.295,1.343,1.343,-0.112  -0.121
2018-10-02T19:27:40.008,2018-10-02T19:27:40.242,0.234,0.234,-0.112  -0.121
2018-10-02T19:27:41.042,2018-10-02T19:27:41.568,0.526,0.526,-0.112  -0.121
2018-10-02T19:27:42.084,2018-10-02T19:27:42.269,0.185,0.185,-0.112  -0.121
2018-10-02T19:27:43.109,2018-10-02T19:27:43.300,0.191,0.191,-0.112  -0.121
2018-10-02T19:27:44.138,2018-10-02T19:27:44.329,0.191,0.191,-0.112  -0.121
2018-10-02T19:27:45.165,2018-10-02T19:27:45.874,0.709,0.709,-0.112  -0.121
2018-10-02T19:27:46.188,2018-10-02T19:27:46.360,0.172,0.172,-0.112  -0.121
2018-10-02T19:27:47.217,2018-10-02T19:27:47.413,0.196,0.196,-0.112  -0.121
2018-10-02T19:27:48.244,2018-10-02T19:27:48.415,0.171,0.171,-0.112  -0.121
2018-10-02T19:27:49.275,2018-10-02T19:27:49.459,0.184,0.184,-0.112  -0.121
2018-10-02T19:27:50.301,2018-10-02T19:27:50.469,0.168,0.168,-0.112  -0.121
2018-10-02T19:27:51.326,2018-10-02T19:27:51.522,0.196,0.196,-0.112  -0.121
2018-10-02T19:27:52.353,2018-10-02T19:27:53.447,1.094,1.094,-0.112  -0.121
2018-10-02T19:27:53.382,2018-10-02T19:27:53.551,0.169,0.169,-0.112  -0.121
2018-10-02T19:27:54.406,2018-10-02T19:27:54.577,0.171,0.171,-0.112  -0.121
2018-10-02T19:27:55.430,2018-10-02T19:27:55.607,0.177,0.177,-0.112  -0.121
2018-10-02T19:27:56.473,2018-10-02T19:27:56.609,0.136,0.136,-0.112  -0.121
2018-10-02T19:27:57.498,2018-10-02T19:27:57.778,0.28,0.28,-0.112  -0.121
2018-10-02T19:27:58.538,2018-10-02T19:27:58.638,0.1,0.1,-0.112  -0.121
2018-10-02T19:27:59.566,2018-10-02T19:28:00.425,0.859,0.859,-0.112  -0.121
2018-10-02T19:28:00.601,2018-10-02T19:28:00.806,0.205,0.205,-0.112  -0.121
2018-10-02T19:28:01.635,2018-10-02T19:28:01.841,0.206,0.206,-0.112  -0.121
2018-10-02T19:28:02.660,2018-10-02T19:28:02.858,0.198,0.198,-0.112  -0.121
2018-10-02T19:28:03.690,2018-10-02T19:28:03.890,0.2,0.2,-0.112  -0.121
2018-10-02T19:28:04.731,2018-10-02T19:28:04.906,0.175,0.175,-0.112  -0.121
2018-10-02T19:28:05.753,2018-10-02T19:28:05.953,0.2,0.2,-0.112  -0.121
2018-10-02T19:28:06.778,2018-10-02T19:28:06.884,0.106,0.106,-0.112  -0.121
2018-10-02T19:28:07.807,2018-10-02T19:28:08.001,0.194,0.194,-0.112  -0.121
2018-10-02T19:28:08.837,2018-10-02T19:28:09.511,0.674,0.674,-0.112  -0.121
2018-10-02T19:28:09.871,2018-10-02T19:28:10.018,0.147,0.147,-0.112  -0.121
2018-10-02T19:28:10.905,2018-10-02T19:28:11.037,0.132,0.132,-0.112  -0.121
2018-10-02T19:28:11.930,2018-10-02T19:28:12.060,0.13,0.13,-0.112  -0.121
2018-10-02T19:28:12.955,2018-10-02T19:28:13.104,0.149,0.149,-0.112  -0.121
